Date,ZAR,TRY,IDR,CZK,PLN,HUF
2010-01-01,7.340199947357178,,9385.599609375,18.283000946044922,2.8415000438690186,186.63999938964844
2010-01-04,7.264900207519531,1.473099946975708,9364.2001953125,18.1200008392334,2.825000047683716,186.0
2010-01-05,7.3018999099731445,1.4726999998092651,9305.2001953125,18.249099731445312,2.8452999591827393,187.42999267578125
2010-01-06,7.302199840545654,1.4714000225067139,9218.099609375,18.240999221801758,2.837899923324585,186.25999450683594
2010-01-07,7.424099922180176,1.471500039100647,9272.5,18.345600128173828,2.867300033569336,187.97999572753906
2010-01-08,7.341800212860107,1.4579999446868896,9212.7001953125,18.21299934387207,2.81820011138916,185.63999938964844
2010-01-11,7.355299949645996,1.4501999616622925,9148.099609375,18.024999618530273,2.7980000972747803,183.80999755859375
2010-01-12,7.412799835205078,1.4535000324249268,9171.0,18.104000091552734,2.8122000694274902,184.74000549316406
2010-01-13,7.368100166320801,1.4515999555587769,9141.0,17.982999801635742,2.786799907684326,183.5500030517578
2010-01-14,7.360000133514404,1.4549000263214111,9155.7998046875,17.899999618530273,2.7904000282287598,183.69000244140625
2010-01-15,7.378300189971924,1.4559999704360962,9226.099609375,18.020999908447266,2.8153998851776123,186.49000549316406
2010-01-18,7.384300231933594,1.4503999948501587,9130.0,17.94700050354004,2.7860000133514404,185.27000427246094
2010-01-19,7.393700122833252,1.4555000066757202,9229.9501953125,18.034700393676758,2.802500009536743,186.92999267578125
2010-01-20,7.518400192260742,1.4723999500274658,9294.9501953125,18.41189956665039,2.864799976348877,191.8699951171875
2010-01-21,7.539999961853027,1.4859000444412231,9183.0,18.520999908447266,2.900599956512451,192.69000244140625
2010-01-22,7.630799770355225,1.4884999990463257,9240.0,18.402000427246094,2.886699914932251,192.0
2010-01-25,7.542900085449219,1.4860999584197998,9319.9501953125,18.360200881958008,2.871999979019165,192.33999633789062
2010-01-26,7.541999816894531,1.4902000427246094,9379.9501953125,18.49530029296875,2.8896000385284424,192.5
2010-01-27,7.572199821472168,1.4986000061035156,9399.9501953125,18.625,2.9128000736236572,194.14999389648438
2010-01-28,7.590000152587891,1.496899962425232,9324.9501953125,18.799999237060547,2.9179000854492188,194.63999938964844
2010-01-29,7.617000102996826,1.4961999654769897,9250.0,18.871999740600586,2.9107000827789307,195.33999633789062
2010-02-01,7.4928998947143555,1.482300043106079,9256.400390625,18.597999572753906,2.8554999828338623,193.35000610351562
2010-02-02,7.4664998054504395,1.4866000413894653,9313.7001953125,18.56760025024414,2.839600086212158,193.1199951171875
2010-02-03,7.520699977874756,1.4918999671936035,9364.599609375,18.712299346923828,2.8803000450134277,195.10000610351562
2010-02-04,7.673799991607666,1.520900011062622,9386.900390625,19.080900192260742,2.9630000591278076,199.22000122070312
2010-02-05,7.763599872589111,1.5276999473571777,9468.099609375,19.1200008392334,2.983799934387207,200.1999969482422
2010-02-08,7.719900131225586,1.5221999883651733,9484.5,19.16200065612793,3.0099000930786133,200.38999938964844
2010-02-09,7.670000076293945,1.5069999694824219,9339.2998046875,18.908000946044922,2.940700054168701,196.24000549316406
2010-02-10,7.711249828338623,1.5152000188827515,9314.400390625,18.950000762939453,2.951509952545166,197.1199951171875
2010-02-11,7.633600234985352,1.5110000371932983,9330.099609375,18.928199768066406,2.927870035171509,197.05499267578125
2010-02-12,7.678100109100342,1.51419997215271,9323.7001953125,19.069000244140625,2.9388999938964844,198.8000030517578
2010-02-15,7.703999996185303,1.5156999826431274,9344.7998046875,19.172500610351562,2.9580800533294678,200.07000732421875
2010-02-16,7.650899887084961,1.5053000450134277,9292.900390625,18.857999801635742,2.8891000747680664,196.5500030517578
2010-02-17,7.613500118255615,1.5113999843597412,9400.599609375,18.90049934387207,2.9214999675750732,198.3800048828125
2010-02-18,7.673399925231934,1.5254000425338745,9499.7998046875,19.084999084472656,2.963779926300049,201.6199951171875
2010-02-19,7.640900135040283,1.511199951171875,9292.2001953125,18.889999389648438,2.9251999855041504,198.5399932861328
2010-02-22,7.70419979095459,1.5289000272750854,9281.7001953125,18.828500747680664,2.9114999771118164,197.36000061035156
2010-02-23,7.775000095367432,1.5506000518798828,9341.7998046875,18.98870086669922,2.94881010055542,199.07000732421875
2010-02-24,7.729499816894531,1.5470000505447388,9352.2998046875,19.06170082092285,2.9340999126434326,198.9499969482422
2010-02-25,7.7322998046875,1.5463999509811401,9335.2001953125,19.16699981689453,2.933500051498413,199.77999877929688
2010-02-26,7.715400218963623,1.5462000370025635,9340.0,19.0,2.891200065612793,197.77000427246094
2010-03-01,7.629199981689453,1.5356999635696411,9385.099609375,19.034000396728516,2.891700029373169,196.9600067138672
2010-03-02,7.595300197601318,1.5339000225067139,9184.400390625,18.829500198364258,2.873300075531006,194.74000549316406
2010-03-03,7.477399826049805,1.5369000434875488,9149.2998046875,18.705900192260742,2.8447000980377197,193.97000122070312
2010-03-04,7.469699859619141,1.5507999658584595,9328.900390625,18.983999252319336,2.867799997329712,196.1300048828125
2010-03-05,7.398799896240234,1.5367000102996826,8898.400390625,18.812999725341797,2.8410000801086426,195.22999572753906
2010-03-08,7.3993000984191895,1.5306999683380127,9180.0,18.728099822998047,2.837280035018921,194.60000610351562
2010-03-09,7.3632001876831055,1.5327999591827393,9173.099609375,18.792999267578125,2.8440001010894775,195.8699951171875
2010-03-10,7.388199806213379,1.5318000316619873,9169.900390625,18.719999313354492,2.8443000316619873,195.00999450683594
2010-03-11,7.424300193786621,1.531000018119812,9152.900390625,18.6299991607666,2.8471999168395996,193.77999877929688
2010-03-12,7.389999866485596,1.5269999504089355,9144.7001953125,18.538000106811523,2.8208999633789062,192.77000427246094
2010-03-15,7.3979997634887695,1.5262999534606934,9205.900390625,18.62700080871582,2.8440001010894775,193.60000610351562
2010-03-16,7.349999904632568,1.5202000141143799,9151.7998046875,18.39459991455078,2.808300018310547,191.33999633789062
2010-03-17,7.2967000007629395,1.5110000371932983,9099.5,18.37310028076172,2.811000108718872,190.05999755859375
2010-03-18,7.30649995803833,1.5257999897003174,9120.2998046875,18.639999389648438,2.8450000286102295,192.0399932861328
2010-03-19,7.324999809265137,1.5343999862670898,9110.400390625,18.711999893188477,2.864300012588501,194.49000549316406
2010-03-22,7.306600093841553,1.5365999937057495,9115.400390625,18.665300369262695,2.859560012817383,193.64999389648438
2010-03-23,7.316999912261963,1.5369999408721924,9144.599609375,18.889999389648438,2.8810698986053467,196.0800018310547
2010-03-24,7.385900020599365,1.5501999855041504,9114.7001953125,18.942800521850586,2.912899971008301,197.8000030517578
2010-03-25,7.460999965667725,1.5428999662399292,9132.599609375,18.95199966430664,2.9230000972747803,197.1999969482422
2010-03-26,7.42519998550415,1.5348999500274658,9112.900390625,18.961000442504883,2.9052999019622803,197.57000732421875
2010-03-29,7.403800010681152,1.5270999670028687,9073.0,18.826000213623047,2.877579927444458,196.39999389648438
2010-03-30,7.3592000007629395,1.5281000137329102,9075.400390625,18.887100219726562,2.883500099182129,198.3699951171875
2010-03-31,7.289599895477295,1.5155999660491943,9103.0,18.79400062561035,2.85260009765625,196.39999389648438
2010-04-01,7.227799892425537,1.5145000219345093,9041.400390625,18.666000366210938,2.8285000324249268,194.02000427246094
2010-04-02,7.236499786376953,1.513100028038025,9094.900390625,18.774999618530273,2.8427999019622803,196.32000732421875
2010-04-05,7.2154998779296875,1.506100058555603,9052.7998046875,18.777000427246094,2.842099905014038,195.94000244140625
2010-04-06,7.218100070953369,1.503499984741211,9037.2998046875,18.78730010986328,2.8535399436950684,197.27000427246094
2010-04-07,7.272240161895752,1.4980000257492065,9054.5,18.828699111938477,2.863300085067749,199.1699981689453
2010-04-08,7.251200199127197,1.4943000078201294,9057.7001953125,18.854000091552734,2.871619939804077,200.14999389648438
2010-04-09,7.249000072479248,1.4874999523162842,8992.900390625,18.649999618530273,2.8645999431610107,197.6300048828125
2010-04-12,7.252099990844727,1.486299991607666,9011.0,18.42020034790039,2.8320000171661377,194.0800018310547
2010-04-13,7.292900085449219,1.4851000308990479,9009.5,18.437999725341797,2.844899892807007,193.3800048828125
2010-04-14,7.305300235748291,1.4742000102996826,9011.400390625,18.319000244140625,2.824199914932251,191.88999938964844
2010-04-15,7.292600154876709,1.4718999862670898,9001.099609375,18.51020050048828,2.842400074005127,193.6999969482422
2010-04-16,7.3730998039245605,1.4810999631881714,9006.099609375,18.570999145507812,2.869499921798706,195.0800018310547
2010-04-19,7.4217000007629395,1.4901000261306763,9016.400390625,18.77400016784668,2.8870999813079834,196.16000366210938
2010-04-20,7.375699996948242,1.48580002784729,9017.7998046875,18.76799964904785,2.889169931411743,196.6199951171875
2010-04-21,7.382500171661377,1.4809999465942383,9023.2998046875,18.85300064086914,2.8870999813079834,196.94000244140625
2010-04-22,7.446100234985352,1.4864000082015991,9104.2998046875,19.068199157714844,2.9238998889923096,199.44000244140625
2010-04-23,7.405300140380859,1.4807000160217285,9004.0,18.930999755859375,2.8970000743865967,196.72999572753906
2010-04-26,7.322800159454346,1.4722000360488892,8961.900390625,18.963899612426758,2.8945999145507812,196.00999450683594
2010-04-27,7.449999809265137,1.5027999877929688,9096.099609375,19.427000045776367,2.9846999645233154,204.58999633789062
2010-04-28,7.418099880218506,1.4957000017166138,9022.400390625,19.31999969482422,2.963900089263916,203.22000122070312
2010-04-29,7.3572001457214355,1.4811999797821045,9002.5,19.163000106811523,2.941999912261963,199.57000732421875
2010-04-30,7.380000114440918,1.4880000352859497,9028.7001953125,19.249000549316406,2.9514999389648438,202.13999938964844
2010-05-03,7.399600028991699,1.489799976348877,9021.099609375,19.347000122070312,2.9663898944854736,204.0800018310547
2010-05-04,7.555300235748291,1.5202000141143799,9069.7001953125,19.893199920654297,3.1080000400543213,212.1199951171875
2010-05-05,7.614999771118164,1.534999966621399,9116.5,20.23859977722168,3.1819000244140625,216.36000061035156
2010-05-06,7.74560022354126,1.5894999504089355,9273.400390625,20.68000030517578,3.3178999423980713,222.8300018310547
2010-05-07,7.625,1.5614999532699585,9220.2998046875,20.059999465942383,3.2302000522613525,218.3800048828125
2010-05-10,7.475100040435791,1.524999976158142,9203.2001953125,20.003000259399414,3.1285998821258545,213.58999633789062
2010-05-11,7.512499809265137,1.532099962234497,9186.7001953125,20.14780044555664,3.1786000728607178,217.67999267578125
2010-05-12,7.445799827575684,1.5227999687194824,9179.0,20.077999114990234,3.122999906539917,214.91000366210938
2010-05-13,7.479100227355957,1.5214999914169312,9103.7001953125,20.209999084472656,3.151400089263916,217.38999938964844
2010-05-14,7.531899929046631,1.5425000190734863,9104.2001953125,20.576000213623047,3.2411999702453613,223.77999877929688
2010-05-17,7.53849983215332,1.541700005531311,9078.7998046875,20.474199295043945,3.237499952316284,223.1699981689453
2010-05-18,7.661099910736084,1.5612000226974487,9283.5,20.862699508666992,3.315700054168701,228.32000732421875
2010-05-19,7.749599933624268,1.5743000507354736,9123.900390625,20.622100830078125,3.294100046157837,225.52000427246094
2010-05-20,7.9359002113342285,1.5960999727249146,9121.099609375,20.55699920654297,3.3357999324798584,224.32000732421875
2010-05-21,7.8242998123168945,1.5755000114440918,9260.599609375,20.33300018310547,3.2643001079559326,221.52999877929688
2010-05-24,7.841899871826172,1.5751999616622925,9282.400390625,20.57069969177246,3.3245999813079834,224.8000030517578
2010-05-25,7.803299903869629,1.5786999464035034,9283.900390625,20.738000869750977,3.341599941253662,225.55999755859375
2010-05-26,7.756199836730957,1.5855000019073486,9376.2001953125,20.90760040283203,3.3825600147247314,227.61000061035156
2010-05-27,7.578400135040283,1.5571999549865723,9215.0,20.68600082397461,3.2832000255584717,222.6300048828125
2010-05-28,7.606599807739258,1.5652999877929688,9295.599609375,21.030000686645508,3.308300018310547,223.58999633789062
2010-05-31,7.656799793243408,1.5717999935150146,9284.599609375,20.7096004486084,3.3125,223.3699951171875
2010-06-01,7.704800128936768,1.5817999839782715,9245.099609375,20.94300079345703,3.3452699184417725,225.5399932861328
2010-06-02,7.653800010681152,1.5772000551223755,9242.099609375,20.932300567626953,3.338399887084961,224.8699951171875
2010-06-03,7.658100128173828,1.5844000577926636,9237.5,21.150999069213867,3.374350070953369,230.75
2010-06-04,7.780300140380859,1.6059000492095947,9282.7001953125,21.677000045776367,3.4837000370025635,240.89999389648438
2010-06-07,7.806600093841553,1.6115000247955322,9318.099609375,21.791000366210938,3.481100082397461,238.91000366210938
2010-06-08,7.723599910736084,1.5993000268936157,9223.400390625,21.690000534057617,3.442699909210205,236.8699951171875
2010-06-09,7.77400016784668,1.6008000373840332,9281.2001953125,21.49970054626465,3.453900098800659,234.88999938964844
2010-06-10,7.685800075531006,1.5774999856948853,9193.400390625,21.2189998626709,3.374500036239624,229.72999572753906
2010-06-11,7.664299964904785,1.5750999450683594,9196.599609375,21.229999542236328,3.3854000568389893,231.5500030517578
2010-06-14,7.662899971008301,1.5745999813079834,9205.2001953125,20.92099952697754,3.3364999294281006,228.2899932861328
2010-06-15,7.576200008392334,1.5645999908447266,9141.0,20.80660057067871,3.294480085372925,226.32000732421875
2010-06-16,7.575799942016602,1.5597000122070312,9163.2998046875,20.760400772094727,3.2999000549316406,226.1300048828125
2010-06-17,7.574999809265137,1.5606000423431396,9142.900390625,20.75,3.289099931716919,225.7100067138672
2010-06-18,7.4980998039245605,1.5528000593185425,9071.5,20.746000289916992,3.2604000568389893,225.0800018310547
2010-06-21,7.49459981918335,1.5566999912261963,8997.900390625,20.821500778198242,3.291599988937378,226.88999938964844
2010-06-22,7.554590225219727,1.5652999877929688,9012.0,20.982999801635742,3.3008899688720703,227.5
2010-06-23,7.51639986038208,1.569599986076355,8979.5,20.85300064086914,3.2953999042510986,227.27000427246094
2010-06-24,7.576000213623047,1.5745999813079834,9065.5,20.88599967956543,3.3277900218963623,228.42999267578125
2010-06-25,7.606800079345703,1.5720000267028809,9065.599609375,20.756000518798828,3.3257999420166016,229.64999389648438
2010-06-28,7.562900066375732,1.573199987411499,9059.099609375,20.95800018310547,3.375699996948242,232.63999938964844
2010-06-29,7.668399810791016,1.590000033378601,9077.099609375,21.114099502563477,3.402290105819702,235.55999755859375
2010-06-30,7.667699813842773,1.5812000036239624,9044.7998046875,20.938400268554688,3.3903000354766846,231.92999267578125
2010-07-01,7.7342000007629395,1.5776000022888184,9035.7001953125,20.55500030517578,3.3200700283050537,228.5399932861328
2010-07-02,7.724100112915039,1.5615999698638916,9062.7001953125,20.43400001525879,3.298799991607666,227.38999938964844
2010-07-05,7.745200157165527,1.5616999864578247,9085.099609375,20.32900047302246,3.2797000408172607,227.49000549316406
2010-07-06,7.653800010681152,1.5529999732971191,9023.599609375,20.100000381469727,3.2464399337768555,224.50999450683594
2010-07-07,7.613800048828125,1.5506000518798828,9060.2998046875,20.1156005859375,3.2360000610351562,223.97000122070312
2010-07-08,7.560500144958496,1.5464999675750732,9044.900390625,20.010299682617188,3.2099199295043945,220.99000549316406
2010-07-09,7.585299968719482,1.551200032234192,9034.099609375,20.013999938964844,3.2156999111175537,220.8000030517578
2010-07-12,7.608799934387207,1.5533000230789185,9072.099609375,20.009700775146484,3.2304000854492188,220.02000427246094
2010-07-13,7.50439977645874,1.5422999858856201,8977.900390625,19.938899993896484,3.1965999603271484,218.27000427246094
2010-07-14,7.521100044250488,1.5377000570297241,9018.7998046875,19.969999313354492,3.1828999519348145,218.1300048828125
2010-07-15,7.538899898529053,1.5311000347137451,9037.400390625,19.656600952148438,3.145780086517334,215.83999633789062
2010-07-16,7.577099800109863,1.5390000343322754,9034.0,19.639999389648438,3.1663999557495117,217.89999389648438
2010-07-19,7.627099990844727,1.5367000102996826,9079.5,19.569400787353516,3.190999984741211,223.67999267578125
2010-07-20,7.55019998550415,1.527500033378601,9037.7001953125,19.63599967956543,3.186000108718872,221.8300018310547
2010-07-21,7.537499904632568,1.5313999652862549,9090.599609375,19.702999114990234,3.210239887237549,223.1999969482422
2010-07-22,7.432700157165527,1.5168999433517456,8995.5,19.499300003051758,3.1596999168395996,219.42999267578125
2010-07-23,7.421800136566162,1.5198999643325806,8977.5,19.43600082397461,3.140500068664551,222.1999969482422
2010-07-26,7.329500198364258,1.5123000144958496,8917.099609375,19.32699966430664,3.094599962234497,220.1699981689453
2010-07-27,7.3256001472473145,1.5087000131607056,8921.900390625,19.167800903320312,3.081199884414673,216.83999633789062
2010-07-28,7.330840110778809,1.5108000040054321,9025.0,18.974000930786133,3.0778000354766846,217.64999389648438
2010-07-29,7.320799827575684,1.5099999904632568,8970.599609375,18.930500030517578,3.062999963760376,217.41000366210938
2010-07-30,7.287700176239014,1.5047999620437622,8923.599609375,18.959999084472656,3.0724000930786133,217.1300048828125
2010-08-02,7.293499946594238,1.4924999475479126,8831.7998046875,18.71269989013672,3.0197999477386475,212.97999572753906
2010-08-03,7.256999969482422,1.4914000034332275,8798.2998046875,18.720699310302734,3.02620005607605,212.69000244140625
2010-08-04,7.257500171661377,1.4914000034332275,8798.099609375,18.726999282836914,3.026400089263916,212.69000244140625
2010-08-05,7.262199878692627,1.4973000288009644,8942.099609375,18.70599937438965,3.025899887084961,213.27999877929688
2010-08-06,7.243000030517578,1.5,8925.7998046875,18.73740005493164,3.023279905319214,212.0800018310547
2010-08-09,7.215970039367676,1.4864000082015991,8863.5,18.460399627685547,3.0018999576568604,208.77999877929688
2010-08-10,7.184500217437744,1.490399956703186,8935.599609375,18.67919921875,2.994800090789795,210.19000244140625
2010-08-11,7.203499794006348,1.4966000318527222,8883.2998046875,18.690000534057617,3.0171000957489014,211.25999450683594
2010-08-12,7.305200099945068,1.5233999490737915,9005.7001953125,19.301000595092773,3.112499952316284,219.22999572753906
2010-08-13,7.2870001792907715,1.5175000429153442,9026.7998046875,19.302099227905273,3.1177000999450684,218.3699951171875
2010-08-16,7.29640007019043,1.5148999691009521,8954.7001953125,19.447999954223633,3.130199909210205,218.8699951171875
2010-08-17,7.265999794006348,1.5081000328063965,8924.599609375,19.284900665283203,3.101020097732544,218.11000061035156
2010-08-18,7.256999969482422,1.4954999685287476,8880.2001953125,19.22599983215332,3.0594000816345215,215.8699951171875
2010-08-19,7.263000011444092,1.4982999563217163,8896.099609375,19.164499282836914,3.057800054550171,215.0800018310547
2010-08-20,7.312099933624268,1.5081000328063965,8928.599609375,19.354999542236328,3.0964999198913574,217.2899932861328
2010-08-23,7.315999984741211,1.5140000581741333,8997.900390625,19.4950008392334,3.125499963760376,219.22999572753906
2010-08-24,7.360499858856201,1.527899980545044,8867.0,19.606000900268555,3.1749000549316406,223.5
2010-08-25,7.360899925231934,1.531999945640564,8977.4501953125,19.676000595092773,3.1709001064300537,223.16000366210938
2010-08-26,7.314499855041504,1.524999976158142,8878.0,19.645000457763672,3.154400110244751,224.27999877929688
2010-08-27,7.302499771118164,1.520799994468689,8987.4501953125,19.463899612426758,3.1451001167297363,222.5399932861328
2010-08-30,7.295000076293945,1.5120999813079834,9014.9501953125,19.313800811767578,3.107100009918213,221.1999969482422
2010-08-31,7.3354997634887695,1.5232000350952148,8918.0,19.604000091552734,3.1507999897003174,225.17999267578125
2010-09-01,7.368500232696533,1.5247000455856323,9014.2001953125,19.48699951171875,3.1517999172210693,225.97999572753906
2010-09-02,7.273900032043457,1.5139000415802002,9004.900390625,19.288999557495117,3.0969998836517334,221.7899932861328
2010-09-03,7.2270002365112305,1.5090999603271484,8991.0,19.236000061035156,3.09060001373291,221.42999267578125
2010-09-06,7.167500019073486,1.4973000288009644,8982.2998046875,19.12700080871582,3.0529000759124756,220.07000732421875
2010-09-07,7.2195000648498535,1.500599980354309,8999.2001953125,19.187999725341797,3.0504000186920166,221.17999267578125
2010-09-08,7.251200199127197,1.51419997215271,9032.0,19.43000030517578,3.097399950027466,226.00999450683594
2010-09-09,7.224999904632568,1.5140999555587769,9005.900390625,19.356000900268555,3.093100070953369,225.13999938964844
2010-09-10,7.209499835968018,1.5084999799728394,9032.900390625,19.423599243164062,3.1007800102233887,223.94000244140625
2010-09-13,7.1585001945495605,1.4924999475479126,9016.900390625,19.37700080871582,3.092400074005127,223.14999389648438
2010-09-14,7.110499858856201,1.4940999746322632,8997.7001953125,19.127500534057617,3.0553998947143555,219.66000366210938
2010-09-15,7.077000141143799,1.4895999431610107,8987.2998046875,18.867000579833984,3.0172998905181885,216.24000549316406
2010-09-16,7.09250020980835,1.4878000020980835,8974.599609375,18.871999740600586,3.0220000743865967,216.41000366210938
2010-09-17,7.135000228881836,1.493899941444397,8931.0,18.854999542236328,3.020900011062622,216.16000366210938
2010-09-20,7.135499954223633,1.4912999868392944,8970.7001953125,18.895000457763672,3.0344998836517334,216.13999938964844
2010-09-21,7.117499828338623,1.4883999824523926,8982.400390625,18.827999114990234,3.0111000537872314,214.42999267578125
2010-09-22,7.047999858856201,1.485700011253357,8875.2998046875,18.56999969482422,2.9707000255584717,210.99000549316406
2010-09-23,7.028500080108643,1.4829000234603882,8918.400390625,18.33099937438965,2.9472999572753906,208.25
2010-09-24,7.052999973297119,1.4850000143051147,8965.599609375,18.37849998474121,2.97760009765625,209.2899932861328
2010-09-27,7.010499954223633,1.4747999906539917,8859.400390625,18.239999771118164,2.937299966812134,205.55999755859375
2010-09-28,7.008999824523926,1.4693000316619873,8971.400390625,18.270000457763672,2.9351000785827637,206.00999450683594
2010-09-29,6.934000015258789,1.4629000425338745,8952.2001953125,18.092300415039062,2.9224801063537598,203.77000427246094
2010-09-30,6.953999996185303,1.4505000114440918,8931.7998046875,18.021499633789062,2.9166901111602783,203.25999450683594
2010-10-01,6.951499938964844,1.4457999467849731,8934.7001953125,18.020000457763672,2.908799886703491,202.42999267578125
2010-10-04,6.922999858856201,1.442199945449829,8920.099609375,17.66990089416504,2.857599973678589,197.44000244140625
2010-10-05,6.985000133514404,1.4549000263214111,8933.0,17.900299072265625,2.8945701122283936,199.83999633789062
2010-10-06,6.88700008392334,1.4266999959945679,8829.7001953125,17.69499969482422,2.8519999980926514,194.8000030517578
2010-10-07,6.85099983215332,1.416200041770935,8871.5,17.54599952697754,2.845900058746338,194.36000061035156
2010-10-08,6.877500057220459,1.4253000020980835,8912.900390625,17.60059928894043,2.8531999588012695,196.7100067138672
2010-10-11,6.828000068664551,1.409500002861023,8887.0,17.40559959411621,2.832900047302246,195.92999267578125
2010-10-12,6.865600109100342,1.4147000312805176,8995.2998046875,17.64900016784668,2.832200050354004,196.8300018310547
2010-10-13,6.8354997634887695,1.4101999998092651,8910.2998046875,17.51740074157715,2.839400053024292,196.72000122070312
2010-10-14,6.810999870300293,1.4048999547958374,8878.099609375,17.486000061035156,2.7909998893737793,194.6199951171875
2010-10-15,6.7754998207092285,1.406599998474121,8904.2001953125,17.368999481201172,2.7665998935699463,194.80999755859375
2010-10-18,6.798500061035156,1.4101999998092651,8949.0,17.523000717163086,2.789900064468384,196.1699981689453
2010-10-19,6.863999843597412,1.4124000072479248,8948.7998046875,17.55500030517578,2.8132998943328857,197.42999267578125
2010-10-20,6.954999923706055,1.4372999668121338,8965.400390625,17.83799934387207,2.883500099182129,201.89999389648438
2010-10-21,6.925000190734863,1.4213999509811401,8820.0,17.521400451660156,2.8295300006866455,197.66000366210938
2010-10-22,6.9704999923706055,1.4255000352859497,8849.5,17.672000885009766,2.8589000701904297,197.38999938964844
2010-10-25,6.929500102996826,1.4219000339508057,8908.2998046875,17.589000701904297,2.8417999744415283,197.0
2010-10-26,6.905099868774414,1.4160000085830688,8933.599609375,17.575000762939453,2.8159000873565674,195.6999969482422
2010-10-27,6.934500217437744,1.4250999689102173,8913.7001953125,17.76099967956543,2.8357999324798584,197.94000244140625
2010-10-28,7.064000129699707,1.4423999786376953,8923.7998046875,17.889999389648438,2.8726000785827637,199.39999389648438
2010-10-29,7.064000129699707,1.4292999505996704,8923.7998046875,17.889999389648438,2.8726000785827637,199.39999389648438
2010-11-01,6.9670000076293945,1.4316999912261963,888.1099853515625,17.606000900268555,2.830940008163452,193.92999267578125
2010-11-02,6.96999979019165,1.4248000383377075,8906.7001953125,17.576000213623047,2.849299907684326,194.24000549316406
2010-11-03,6.888599872589111,1.409500002861023,8827.900390625,17.409000396728516,2.8087000846862793,192.8000030517578
2010-11-04,6.860000133514404,1.4021999835968018,8772.599609375,17.320999145507812,2.765199899673462,192.3800048828125
2010-11-05,6.7855000495910645,1.392899990081787,8909.9501953125,17.209999084472656,2.738600015640259,191.4499969482422
2010-11-08,6.771999835968018,1.395900011062622,8900.0,17.434999465942383,2.776400089263916,194.7100067138672
2010-11-09,6.832499980926514,1.4098000526428223,8904.4501953125,17.68470001220703,2.8350000381469727,197.92999267578125
2010-11-10,6.866000175476074,1.4143999814987183,8805.0,17.808000564575195,2.8329999446868896,198.3000030517578
2010-11-11,6.896999835968018,1.4144999980926514,8779.599609375,17.860000610351562,2.8201000690460205,199.0800018310547
2010-11-12,6.921999931335449,1.434000015258789,8798.0,18.070999145507812,2.8794000148773193,203.27000427246094
2010-11-15,6.945000171661377,1.4377000331878662,8924.4501953125,17.959999084472656,2.8814001083374023,201.47999572753906
2010-11-16,6.9695000648498535,1.4444999694824219,8967.4501953125,18.09600067138672,2.8893001079559326,203.97999572753906
2010-11-17,7.032599925994873,1.461899995803833,8856.0,18.113000869750977,2.9259700775146484,204.47999572753906
2010-11-18,7.002500057220459,1.452299952507019,8846.0,18.156999588012695,2.9138998985290527,203.6999969482422
2010-11-19,6.957399845123291,1.4408999681472778,8843.0,17.95669937133789,2.8733301162719727,200.32000732421875
2010-11-22,6.970200061798096,1.4372999668121338,8748.2001953125,17.94099998474121,2.8610000610351562,199.1699981689453
2010-11-23,6.988800048828125,1.4529000520706177,8929.4501953125,18.133399963378906,2.8993399143218994,201.77999877929688
2010-11-24,7.0995001792907715,1.481600046157837,8966.2998046875,18.423999786376953,2.9693000316619873,205.77999877929688
2010-11-25,7.0503997802734375,1.4759000539779663,8962.4501953125,18.459999084472656,2.9649999141693115,206.22999572753906
2010-11-26,7.0258002281188965,1.470900058746338,8967.4501953125,18.510000228881836,2.9804000854492188,207.75999450683594
2010-11-29,7.099899768829346,1.4853999614715576,9000.0,18.65999984741211,3.037100076675415,210.60000610351562
2010-11-30,7.1203999519348145,1.5026999711990356,9015.4501953125,18.98699951171875,3.1161999702453613,216.63999938964844
2010-12-01,7.093400001525879,1.502500057220459,9033.9501953125,19.173999786376953,3.0924999713897705,215.82000732421875
2010-12-02,7.021200180053711,1.4882999658584595,9018.4501953125,19.03529930114746,3.0412099361419678,212.72000122070312
2010-12-03,6.900599956512451,1.480299949645996,8916.0,18.77079963684082,3.0093400478363037,209.72000122070312
2010-12-06,6.847489833831787,1.4744000434875488,9017.4501953125,18.510799407958984,2.964600086212158,206.49000549316406
2010-12-07,6.883500099182129,1.4830000400543213,9009.9501953125,18.681100845336914,2.998150110244751,208.75999450683594
2010-12-08,6.898600101470947,1.4759999513626099,8990.0,18.899999618530273,3.0378000736236572,210.22000122070312
2010-12-09,6.902599811553955,1.4924999475479126,9020.0,18.82830047607422,3.033859968185425,208.1699981689453
2010-12-10,6.86269998550415,1.5069999694824219,9018.0,18.920000076293945,3.0365700721740723,208.8000030517578
2010-12-13,6.843999862670898,1.503000020980835,9021.9501953125,18.928699493408203,3.043649911880493,209.86000061035156
2010-12-14,6.8302998542785645,1.5054999589920044,9015.0,18.674400329589844,2.9730899333953857,206.55999755859375
2010-12-15,6.8155999183654785,1.5090999603271484,9009.4501953125,18.716400146484375,2.9741299152374268,204.97999572753906
2010-12-16,6.855500221252441,1.5240000486373901,9022.4501953125,18.92889976501465,3.011899948120117,208.08999633789062
2010-12-17,6.823800086975098,1.5185999870300293,8938.0,18.9822998046875,3.007499933242798,206.4600067138672
2010-12-20,6.823999881744385,1.5465999841690063,9034.4501953125,19.121000289916992,3.020900011062622,206.82000732421875
2010-12-21,6.836999893188477,1.5509999990463257,8943.0,19.239999771118164,3.0464000701904297,210.8699951171875
2010-12-22,6.828800201416016,1.5539000034332275,9041.9501953125,19.280000686645508,3.0515999794006348,210.92999267578125
2010-12-23,6.784999847412109,1.5529999732971191,9041.599609375,19.266000747680664,3.037100076675415,210.25999450683594
2010-12-24,6.749000072479248,1.5442999601364136,9038.900390625,19.250999450683594,3.008699893951416,211.36000061035156
2010-12-27,6.740200042724609,1.5440000295639038,9041.9501953125,19.25029945373535,3.023159980773926,211.94000244140625
2010-12-28,6.706999778747559,1.542199969291687,8939.0,19.126699447631836,3.010999917984009,210.63999938964844
2010-12-29,6.666200160980225,1.5591000318527222,9017.4501953125,19.22100067138672,3.0427000522613525,213.13999938964844
2010-12-30,6.626299858093262,1.5490000247955322,9001.4501953125,19.121000289916992,2.987420082092285,209.57000732421875
2010-12-31,6.622399806976318,1.552299976348877,8886.0,18.884000778198242,2.975800037384033,209.75999450683594
2011-01-03,6.576300144195557,1.541599988937378,9009.9501953125,18.669599533081055,2.959399938583374,207.1199951171875
2011-01-04,6.6178998947143555,1.5543999671936035,8989.9501953125,18.648500442504883,2.9520699977874756,207.44000244140625
2011-01-05,6.643400192260742,1.5384999513626099,8886.0,18.579500198364258,2.915600061416626,206.02999877929688
2011-01-06,6.701000213623047,1.5430999994277954,8983.9501953125,18.85099983215332,2.9384000301361084,209.4499969482422
2011-01-07,6.788000106811523,1.5513999462127686,9015.7998046875,18.950000762939453,2.9626998901367188,212.69000244140625
2011-01-10,6.785999774932861,1.5707000494003296,9027.4501953125,18.945999145507812,3.0099000930786133,214.27999877929688
2011-01-11,6.811999797821045,1.5752999782562256,9050.9501953125,18.945999145507812,3.0064001083374023,215.5
2011-01-12,6.86899995803833,1.575700044631958,8935.7001953125,18.795000076293945,2.967099905014038,213.94000244140625
2011-01-13,6.811800003051758,1.559399962425232,9040.0,18.479999542236328,2.9240000247955322,209.1300048828125
2011-01-14,6.818999767303467,1.5455000400543213,9049.9501953125,18.256999969482422,2.8993000984191895,205.4199981689453
2011-01-17,6.914299964904785,1.5496000051498413,8901.7998046875,18.194000244140625,2.8743999004364014,206.0800018310547
2011-01-18,6.88100004196167,1.5398000478744507,9060.0,18.148399353027344,2.9013500213623047,206.38999938964844
2011-01-19,6.894000053405762,1.5370999574661255,9053.9501953125,18.156999588012695,2.8914999961853027,203.8300018310547
2011-01-20,6.986999988555908,1.5471999645233154,8948.0,18.048999786376953,2.873189926147461,202.5
2011-01-21,7.061999797821045,1.5805000066757202,8911.2001953125,18.020000457763672,2.8877999782562256,204.25999450683594
2011-01-24,7.048999786376953,1.5693999528884888,8947.599609375,17.829999923706055,2.8438000679016113,201.08999633789062
2011-01-25,6.992000102996826,1.5607000589370728,9050.0,17.719999313354492,2.837899923324585,201.2100067138672
2011-01-26,7.046999931335449,1.5663000345230103,9036.4501953125,17.649999618530273,2.83270001411438,201.0800018310547
2011-01-27,7.063399791717529,1.573799967765808,8920.599609375,17.493200302124023,2.830699920654297,199.3699951171875
2011-01-28,7.047999858856201,1.577299952507019,9026.9501953125,17.610000610351562,2.84089994430542,197.88999938964844
2011-01-31,7.160900115966797,1.6100000143051147,8935.599609375,17.84000015258789,2.900899887084961,200.6699981689453
2011-02-01,7.177000045776367,1.6043000221252441,8958.0,17.53569984436035,2.865799903869629,198.5500030517578
2011-02-02,7.0971999168396,1.5771000385284424,9000.0,17.354999542236328,2.8173000812530518,195.61000061035156
2011-02-03,7.157299995422363,1.5757999420166016,9020.9501953125,17.43400001525879,2.824199914932251,194.4199981689453
2011-02-04,7.235499858856201,1.5936000347137451,8921.0,17.579999923706055,2.8620998859405518,196.5500030517578
2011-02-07,7.243000030517578,1.5835000276565552,8852.2998046875,17.58060073852539,2.859100103378296,197.38999938964844
2011-02-08,7.230199813842773,1.5757999420166016,8823.599609375,17.61280059814453,2.84266996383667,196.5500030517578
2011-02-09,7.189000129699707,1.5738999843597412,8900.0,17.61199951171875,2.8522000312805176,197.32000732421875
2011-02-10,7.19950008392334,1.5882999897003174,8929.9501953125,17.613000869750977,2.8447000980377197,197.86000061035156
2011-02-11,7.269000053405762,1.5918999910354614,8925.0,17.805999755859375,2.8796000480651855,200.36000061035156
2011-02-14,7.255000114440918,1.5859999656677246,8763.7001953125,17.885000228881836,2.8963000774383545,200.1300048828125
2011-02-15,7.2708001136779785,1.593500018119812,8914.4501953125,18.02400016784668,2.920030117034912,200.6199951171875
2011-02-16,7.31689977645874,1.5942000150680542,8815.0,18.02199935913086,2.905600070953369,200.82000732421875
2011-02-17,7.245200157165527,1.5814000368118286,8894.9501953125,17.90999984741211,2.8742001056671143,198.94000244140625
2011-02-18,7.17140007019043,1.5738999843597412,8780.0,17.795299530029297,2.8635001182556152,197.64999389648438
2011-02-21,7.119999885559082,1.5743000507354736,8610.2001953125,17.681400299072266,2.844789981842041,196.10000610351562
2011-02-22,7.150000095367432,1.5891000032424927,8750.0,17.7406005859375,2.86641001701355,196.94000244140625
2011-02-23,7.1479997634887695,1.5985000133514404,8876.4501953125,17.85770034790039,2.9049999713897705,198.22999572753906
2011-02-24,7.10260009765625,1.6068999767303467,8872.0,17.812999725341797,2.888000011444092,198.97999572753906
2011-02-25,7.039999961853027,1.6009999513626099,8865.0,17.718000411987305,2.8773000240325928,196.8800048828125
2011-02-28,6.9899001121521,1.5906000137329102,8841.4501953125,17.797000885009766,2.892699956893921,198.2100067138672
2011-03-01,6.9629998207092285,1.5959999561309814,8821.4501953125,17.600000381469727,2.860100030899048,195.9199981689453
2011-03-02,6.985000133514404,1.614400029182434,8798.0,17.672000885009766,2.8845300674438477,197.1699981689453
2011-03-03,6.88100004196167,1.6159000396728516,8812.4501953125,17.479999542236328,2.8606998920440674,195.66000366210938
2011-03-04,6.921899795532227,1.597100019454956,8805.4501953125,17.395999908447266,2.85479998588562,194.64999389648438
2011-03-07,6.869999885559082,1.5979000329971313,8616.2998046875,17.29400062561035,2.8420000076293945,193.88999938964844
2011-03-08,6.873000144958496,1.597100019454956,8785.9501953125,17.23240089416504,2.8417999744415283,194.10000610351562
2011-03-09,6.875,1.5882999897003174,8786.0,17.450000762939453,2.8552000522613525,195.94000244140625
2011-03-10,6.859799861907959,1.579300045967102,8760.0,17.370100021362305,2.853610038757324,195.63999938964844
2011-03-11,6.914000034332275,1.5815000534057617,8783.4501953125,17.62700080871582,2.907599925994873,198.0800018310547
2011-03-14,6.900000095367432,1.5824999809265137,8776.9501953125,17.335100173950195,2.8763999938964844,195.50999450683594
2011-03-15,6.827700138092041,1.5673999786376953,8762.4501953125,17.3700008392334,2.8729000091552734,193.99000549316406
2011-03-16,6.963799953460693,1.5771000385284424,8775.0,17.40690040588379,2.8857998847961426,195.7100067138672
2011-03-17,7.17110013961792,1.5947999954223633,8760.5,17.610000610351562,2.9463000297546387,196.27000427246094
2011-03-18,7.081299781799316,1.5855000019073486,8770.0,17.276399612426758,2.8964900970458984,195.0399932861328
2011-03-21,7.000400066375732,1.5765000581741333,8584.2001953125,17.184999465942383,2.8666000366210938,191.91000366210938
2011-03-22,6.92549991607666,1.5743999481201172,8720.0,17.150999069213867,2.828900098800659,190.9499969482422
2011-03-23,6.902900218963623,1.562399983406067,8721.0,17.209999084472656,2.844899892807007,190.50999450683594
2011-03-24,6.915999889373779,1.5550999641418457,8721.4501953125,17.273000717163086,2.8564999103546143,190.49000549316406
2011-03-25,6.868100166320801,1.5480999946594238,8710.0,17.288999557495117,2.8299999237060547,187.9199981689453
2011-03-28,6.861999988555908,1.556399941444397,8633.7998046875,17.44499969482422,2.8626999855041504,189.67999267578125
2011-03-29,6.850599765777588,1.5591000318527222,8718.2001953125,17.40999984741211,2.836400032043457,189.88999938964844
2011-03-30,6.8317999839782715,1.5546000003814697,8688.900390625,17.36400032043457,2.8282999992370605,189.50999450683594
2011-03-31,6.822000026702881,1.5511000156402588,8700.0,17.353900909423828,2.8403000831604004,188.17999267578125
2011-04-01,6.76200008392334,1.544100046157837,8718.5,17.30299949645996,2.8389999866485596,187.44000244140625
2011-04-04,6.682300090789795,1.5255999565124512,8665.900390625,17.173999786376953,2.822200059890747,186.3699951171875
2011-04-05,6.711999893188477,1.5298999547958374,8645.900390625,17.173999786376953,2.8285000324249268,186.0800018310547
2011-04-06,6.701600074768066,1.5273000001907349,8653.2998046875,17.110000610351562,2.8080999851226807,185.30999755859375
2011-04-07,6.681000232696533,1.5134999752044678,8636.7001953125,16.99799919128418,2.770400047302246,183.9600067138672
2011-04-08,6.663300037384033,1.5099999904632568,8643.099609375,17.076000213623047,2.772900104522705,184.5500030517578
2011-04-11,6.63700008392334,1.5069999694824219,8616.7001953125,16.860000610351562,2.734999895095825,182.0500030517578
2011-04-12,6.679200172424316,1.5153000354766846,8655.400390625,16.875999450683594,2.7467000484466553,182.80999755859375
2011-04-13,6.735799789428711,1.5214999914169312,8617.099609375,16.835100173950195,2.74862003326416,183.9600067138672
2011-04-14,6.801000118255615,1.5199999809265137,8668.5,16.851999282836914,2.742300033569336,184.3800048828125
2011-04-18,6.790999889373779,1.5125000476837158,8637.900390625,16.805999755859375,2.7379000186920166,184.99000549316406
2011-04-19,6.826000213623047,1.5397000312805176,8657.7001953125,16.960599899291992,2.804080009460449,188.1999969482422
2011-04-20,6.80810022354126,1.527500033378601,8667.400390625,16.81999969482422,2.766900062561035,185.02999877929688
2011-04-21,6.769599914550781,1.5174000263214111,8633.599609375,16.674999237060547,2.734499931335449,181.91000366210938
2011-04-22,6.707600116729736,1.5175000429153442,8640.5,16.540000915527344,2.7083001136779785,181.3800048828125
2011-04-25,6.691299915313721,1.5146000385284424,8622.900390625,16.56100082397461,2.711899995803833,181.50999450683594
2011-04-26,6.725100040435791,1.5247000455856323,8623.5,16.51099967956543,2.7047998905181885,181.77000427246094
2011-04-27,6.670899868011475,1.5226999521255493,8616.400390625,16.361000061035156,2.6802000999450684,180.10000610351562
2011-04-28,6.578700065612793,1.5162999629974365,8566.2998046875,16.299999237060547,2.6545000076293945,178.72000122070312
2011-04-29,6.5980000495910645,1.5233999490737915,8553.2998046875,16.229000091552734,2.6521999835968018,177.64999389648438
2011-05-02,6.563000202178955,1.5204999446868896,8568.400390625,16.31999969482422,2.651400089263916,178.22999572753906
2011-05-03,6.604000091552734,1.5204999446868896,8561.400390625,16.27199935913086,2.643399953842163,177.94000244140625
2011-05-04,6.63100004196167,1.5325000286102295,8558.900390625,16.28499984741211,2.6552999019622803,178.94000244140625
2011-05-05,6.659999847412109,1.5460000038146973,8535.599609375,16.27630043029785,2.662980079650879,178.99000549316406
2011-05-06,6.722700119018555,1.5484999418258667,8580.099609375,16.631500244140625,2.7255899906158447,182.82000732421875
2011-05-09,6.696300029754639,1.5429999828338623,8618.2998046875,16.80459976196289,2.7427000999450684,183.9600067138672
2011-05-10,6.698599815368652,1.5448999404907227,8522.0,16.83300018310547,2.7309000492095947,183.9199981689453
2011-05-11,6.734899997711182,1.5583000183105469,8530.900390625,16.804000854492188,2.7223000526428223,182.80999755859375
2011-05-12,6.872200012207031,1.5848000049591064,8586.2001953125,17.05299949645996,2.749300003051758,186.6699981689453
2011-05-13,6.8867998123168945,1.5770000219345093,8549.099609375,17.06399917602539,2.7451999187469482,186.92999267578125
2011-05-16,7.015399932861328,1.595900058746338,8553.0,17.33099937438965,2.794300079345703,190.57000732421875
2011-05-17,6.97790002822876,1.590000033378601,8592.400390625,17.231000900268555,2.7730000019073486,189.07000732421875
2011-05-18,6.9496002197265625,1.583899974822998,8372.7001953125,17.134000778198242,2.7495999336242676,187.4499969482422
2011-05-19,6.879000186920166,1.5708999633789062,8540.900390625,17.16900062561035,2.746799945831299,188.32000732421875
2011-05-20,6.834000110626221,1.5723999738693237,8552.0,17.047000885009766,2.7360000610351562,186.5800018310547
2011-05-23,6.9019999504089355,1.589400053024292,8419.5,17.33300018310547,2.7751998901367188,190.2100067138672
2011-05-24,7.004000186920166,1.604099988937378,8600.0,17.47260093688965,2.8101000785827637,192.8000030517578
2011-05-25,6.958600044250488,1.5964000225067139,8405.7998046875,17.40399932861328,2.80049991607666,191.0399932861328
2011-05-26,7.033299922943115,1.6049000024795532,8591.9501953125,17.47599983215332,2.8120999336242676,191.58999633789062
2011-05-27,6.938000202178955,1.6019999980926514,8575.0,17.399999618530273,2.8171000480651855,190.4499969482422
2011-05-30,6.896999835968018,1.603600025177002,8559.9501953125,17.141000747680664,2.775700092315674,187.1300048828125
2011-05-31,6.923799991607666,1.6002999544143677,8544.4501953125,17.07979965209961,2.775899887084961,187.1199951171875
2011-06-01,6.800099849700928,1.5920000076293945,8537.900390625,17.010000228881836,2.7365000247955322,184.6300048828125
2011-06-02,6.809700012207031,1.5973000526428223,8540.0,17.073999404907227,2.7611000537872314,185.6199951171875
2011-06-03,6.693900108337402,1.5822999477386475,8540.099609375,16.875999450683594,2.724400043487549,183.0800018310547
2011-06-06,6.677999973297119,1.5706000328063965,8520.4501953125,16.58099937438965,2.6958000659942627,179.97999572753906
2011-06-07,6.777500152587891,1.5851000547409058,8500.0,16.652999877929688,2.712899923324585,182.22000122070312
2011-06-08,6.704100131988525,1.576300024986267,8515.4501953125,16.47100067138672,2.6791999340057373,180.33999633789062
2011-06-09,6.723999977111816,1.5809999704360962,8490.599609375,16.554000854492188,2.703000068664551,181.5800018310547
2011-06-10,6.7220001220703125,1.5713000297546387,8520.0,16.597999572753906,2.7134499549865723,181.97000122070312
2011-06-13,6.7820000648498535,1.57260000705719,8517.4501953125,16.8439998626709,2.7409000396728516,185.1999969482422
2011-06-14,6.782700061798096,1.5729999542236328,8539.4501953125,16.738000869750977,2.7255001068115234,183.5800018310547
2011-06-15,6.737800121307373,1.583299994468689,8533.9501953125,16.70330047607422,2.7174999713897705,183.2100067138672
2011-06-16,6.838399887084961,1.6066999435424805,8521.599609375,17.072399139404297,2.7799999713897705,187.60000610351562
2011-06-17,6.828999996185303,1.607800006866455,8610.0,17.024999618530273,2.803999900817871,189.27000427246094
2011-06-20,6.744999885559082,1.5882999897003174,8386.7998046875,16.858999252319336,2.78439998626709,187.5
2011-06-21,6.780600070953369,1.600000023841858,8611.400390625,16.801000595092773,2.7817399501800537,186.91000366210938
2011-06-22,6.706900119781494,1.611799955368042,8600.0,16.82509994506836,2.7652599811553955,185.7899932861328
2011-06-23,6.775899887084961,1.6211999654769897,8580.0,16.945600509643555,2.780819892883301,186.30999755859375
2011-06-24,6.827300071716309,1.627500057220459,8599.9501953125,17.05900001525879,2.7957000732421875,188.44000244140625
2011-06-27,6.880899906158447,1.6354999542236328,8599.9501953125,17.18199920654297,2.808799982070923,189.30999755859375
2011-06-28,6.839799880981445,1.635599970817566,8625.0,17.01799964904785,2.7892000675201416,187.22000122070312
2011-06-29,6.824999809265137,1.6411999464035034,8620.0,16.969999313354492,2.7899999618530273,186.74000549316406
2011-06-30,6.7779998779296875,1.620300054550171,8616.9501953125,16.770000457763672,2.7527999877929688,183.07000732421875
2011-07-01,6.75600004196167,1.621399998664856,8568.0,16.766000747680664,2.7414000034332275,183.1300048828125
2011-07-04,6.727200031280518,1.604599952697754,8545.4501953125,16.676000595092773,2.7093000411987305,181.91000366210938
2011-07-05,6.714399814605713,1.6140999794006348,8522.4501953125,16.67300033569336,2.7065999507904053,180.8800048828125
2011-07-06,6.724299907684326,1.6256999969482422,8537.4501953125,16.785600662231445,2.734600067138672,183.1300048828125
2011-07-07,6.734799861907959,1.6308000087738037,8535.2998046875,16.902999877929688,2.7548000812530518,184.32000732421875
2011-07-08,6.654799938201904,1.6171000003814697,8533.4501953125,16.844999313354492,2.73580002784729,182.5500030517578
2011-07-11,6.716800212860107,1.628999948501587,8512.4501953125,16.958999633789062,2.776249885559082,185.55999755859375
2011-07-12,6.834700107574463,1.6450999975204468,8525.9501953125,17.23200035095215,2.8445000648498535,190.2899932861328
2011-07-13,6.846499919891357,1.6503000259399414,8566.9501953125,17.32900047302246,2.888400077819824,192.4199981689453
2011-07-14,6.776299953460693,1.642799973487854,8550.0,17.111000061035156,2.82450008392334,187.6699981689453
2011-07-15,6.832600116729736,1.6431000232696533,8531.9501953125,17.270000457763672,2.840399980545044,189.9600067138672
2011-07-18,6.888599872589111,1.6509000062942505,8366.099609375,17.280000686645508,2.8429999351501465,190.82000732421875
2011-07-19,6.972499847412109,1.6579999923706055,8563.599609375,17.304000854492188,2.8564000129699707,193.1199951171875
2011-07-20,6.911799907684326,1.656000018119812,8540.0,17.285999298095703,2.827500104904175,191.4499969482422
2011-07-21,6.852200031280518,1.6620999574661255,8530.0,17.14080047607422,2.796999931335449,188.24000549316406
2011-07-22,6.766499996185303,1.6650999784469604,8537.0,16.954500198364258,2.760999917984009,185.3699951171875
2011-07-25,6.758999824523926,1.7003999948501587,8526.9501953125,16.906999588012695,2.7660000324249268,185.6300048828125
2011-07-26,6.766200065612793,1.7141000032424927,8522.9501953125,16.972000122070312,2.78439998626709,187.1300048828125
2011-07-27,6.6753997802734375,1.6970000267028809,8500.0,16.743999481201172,2.7537999153137207,184.41000366210938
2011-07-28,6.676199913024902,1.6893999576568604,8482.0,16.857999801635742,2.7934000492095947,186.77999877929688
2011-07-29,6.714399814605713,1.6725000143051147,8495.0,16.847000122070312,2.792099952697754,187.27000427246094
2011-08-01,6.664999961853027,1.6865999698638916,8499.9501953125,16.827999114990234,2.7767999172210693,187.5500030517578
2011-08-02,6.71999979019165,1.6913000345230103,8433.599609375,16.8976993560791,2.7993199825286865,187.85000610351562
2011-08-03,6.787700176239014,1.7115000486373901,8467.4501953125,17.10110092163086,2.8378500938415527,190.9499969482422
2011-08-04,6.715700149536133,1.6930999755859375,8325.2001953125,16.871999740600586,2.805299997329712,189.36000061035156
2011-08-05,6.935500144958496,1.7409000396728516,8472.400390625,17.224000930786133,2.867799997329712,193.75999450683594
2011-08-08,6.934500217437744,1.742900013923645,8514.9501953125,16.872400283813477,2.828200101852417,191.2899932861328
2011-08-09,7.171999931335449,1.7740999460220337,8478.2998046875,17.00429916381836,2.8715999126434326,193.27000427246094
2011-08-10,7.086100101470947,1.7532999515533447,8517.599609375,16.711999893188477,2.834399938583374,189.3699951171875
2011-08-11,7.275199890136719,1.7747999429702759,8500.2998046875,17.129100799560547,2.974100112915039,195.58999633789062
2011-08-12,7.185100078582764,1.777999997138977,8509.2998046875,17.024999618530273,2.902899980545044,192.24000549316406
2011-08-15,7.156799793243408,1.7756999731063843,8542.9501953125,16.940000534057617,2.9033000469207764,190.92999267578125
2011-08-16,7.047999858856201,1.763700008392334,8292.7001953125,16.8085994720459,2.8643999099731445,186.19000244140625
2011-08-17,7.143400192260742,1.7746000289916992,8358.7001953125,16.93000030517578,2.875,187.1699981689453
2011-08-18,7.083199977874756,1.7683000564575195,8374.2001953125,16.906999588012695,2.867000102996826,186.5800018310547
2011-08-19,7.163899898529053,1.7826999425888062,8560.0,17.062599182128906,2.919300079345703,190.39999389648438
2011-08-22,7.186999797821045,1.782099962234497,8339.2998046875,17.007999420166016,2.9058001041412354,189.1699981689453
2011-08-23,7.2058000564575195,1.784600019454956,8537.0,17.040000915527344,2.901360034942627,189.47000122070312
2011-08-24,7.160999774932861,1.7684999704360962,8543.0,16.867000579833984,2.8685998916625977,187.85000610351562
2011-08-25,7.262499809265137,1.7806999683380127,8550.0,16.836200714111328,2.886859893798828,189.00999450683594
2011-08-26,7.216000080108643,1.7527999877929688,8600.0,16.844999313354492,2.8975000381469727,189.19000244140625
2011-08-29,7.146100044250488,1.746999979019165,8532.9501953125,16.562000274658203,2.862299919128418,187.05999755859375
2011-08-30,7.044300079345703,1.729200005531311,8520.0,16.542400360107422,2.8503000736236572,186.8800048828125
2011-08-31,7.070000171661377,1.7310999631881714,8532.9501953125,16.645000457763672,2.8750998973846436,188.4600067138672
2011-09-01,6.99399995803833,1.714400053024292,8532.9501953125,16.753999710083008,2.8726000785827637,188.61000061035156
2011-09-02,6.979400157928467,1.718000054359436,8490.0,16.922000885009766,2.9049999713897705,191.3000030517578
2011-09-05,7.061299800872803,1.7455999851226807,8402.0,17.191999435424805,2.9567999839782715,193.72999572753906
2011-09-06,7.111100196838379,1.7675000429153442,8379.5,17.4060001373291,2.9986000061035156,197.52999877929688
2011-09-07,7.164999961853027,1.7587000131607056,8552.9501953125,17.455400466918945,3.0211501121520996,197.6199951171875
2011-09-08,7.110199928283691,1.7563999891281128,8535.0,17.329999923706055,2.9811999797821045,195.64999389648438
2011-09-09,7.157100200653076,1.7654999494552612,8567.9501953125,17.47100067138672,3.0624001026153564,199.0500030517578
2011-09-12,7.2829999923706055,1.794600009918213,8491.7001953125,17.921199798583984,3.1492199897766113,205.9600067138672
2011-09-13,7.402500152587891,1.7853000164031982,8572.2998046875,17.9950008392334,3.1624999046325684,206.22000122070312
2011-09-14,7.270999908447266,1.7640000581741333,8631.0,17.923999786376953,3.156100034713745,207.3699951171875
2011-09-15,7.388000011444092,1.774899959564209,8719.9501953125,17.82200050354004,3.184299945831299,208.88999938964844
2011-09-16,7.377500057220459,1.7796000242233276,8809.0,17.6560001373291,3.1113998889923096,205.25999450683594
2011-09-19,7.4710001945495605,1.7812000513076782,8764.9501953125,17.81100082397461,3.1397600173950195,209.0500030517578
2011-09-20,7.702000141143799,1.8109999895095825,8822.400390625,18.082000732421875,3.202500104904175,213.75
2011-09-21,7.71560001373291,1.7835999727249146,8812.7001953125,18.099000930786133,3.1923000812530518,209.7899932861328
2011-09-22,8.238401412963867,1.8236000537872314,8840.900390625,18.285999298095703,3.2558999061584473,216.27999877929688
2011-09-23,8.402999877929688,1.8389999866485596,8762.9501953125,18.40999984741211,3.3464999198913574,216.2100067138672
2011-09-26,8.069999694824219,1.8308000564575195,8779.9501953125,18.187299728393555,3.226799964904785,213.47000122070312
2011-09-27,8.02929973602295,1.8497999906539917,9080.0,18.189699172973633,3.269200086593628,214.19000244140625
2011-09-28,7.86359977722168,1.8422000408172607,8904.9501953125,17.982200622558594,3.2302000522613525,210.91000366210938
2011-09-29,7.9070000648498535,1.8598999977111816,8889.9501953125,18.11400032043457,3.2855000495910645,215.10000610351562
2011-09-30,7.9770002365112305,1.8499000072479248,8952.599609375,18.066999435424805,3.2588000297546387,215.6199951171875
2011-10-03,8.08899974822998,1.8545000553131104,8789.9501953125,18.43899917602539,3.304879903793335,219.30999755859375
2011-10-04,8.283699989318848,1.8875000476837158,8897.4501953125,18.76460075378418,3.338979959487915,224.75999450683594
2011-10-05,8.08080005645752,1.8842999935150146,8622.0,18.628400802612305,3.2954800128936768,222.9499969482422
2011-10-06,7.970300197601318,1.868299961090088,8956.2998046875,18.522499084472656,3.2785000801086426,222.36000061035156
2011-10-07,7.9070000648498535,1.841599941253662,8890.0,18.348100662231445,3.259999990463257,220.3300018310547
2011-10-10,7.952000141143799,1.8482999801635742,8897.4501953125,18.586999893188477,3.2679998874664307,221.16000366210938
2011-10-11,7.831900119781494,1.8257999420166016,8892.4501953125,18.08099937438965,3.1547000408172607,214.1300048828125
2011-10-12,7.908999919891357,1.8375999927520752,8717.0,18.15399932861328,3.152100086212158,215.72000122070312
2011-10-13,7.813499927520752,1.8167999982833862,8857.599609375,17.854799270629883,3.1058599948883057,209.52000427246094
2011-10-14,7.880199909210205,1.8341000080108643,8869.9501953125,17.996000289916992,3.1289000511169434,212.14999389648438
2011-10-17,7.817500114440918,1.8336999416351318,8637.599609375,17.780000686645508,3.089900016784668,210.5
2011-10-18,7.960999965667725,1.8653000593185425,8880.2001953125,18.048999786376953,3.1703999042510986,215.5
2011-10-19,7.953000068664551,1.8549000024795532,8880.0,18.125999450683594,3.1606900691986084,215.47999572753906
2011-10-20,8.020999908447266,1.8659000396728516,8840.7998046875,18.06399917602539,3.156599998474121,215.07000732421875
2011-10-21,8.125,1.857100009918213,8824.9501953125,18.13640022277832,3.192500114440918,217.61000061035156
2011-10-24,8.04699993133545,1.8371000289916992,8859.9501953125,18.004100799560547,3.1676599979400635,214.82000732421875
2011-10-25,7.858799934387207,1.7972999811172485,8839.9501953125,17.829999923706055,3.1277999877929688,211.69000244140625
2011-10-26,7.913899898529053,1.7757999897003174,8849.9501953125,17.908000946044922,3.1386001110076904,213.77000427246094
2011-10-27,7.922999858856201,1.7563999891281128,8872.9501953125,17.98900032043457,3.1466000080108643,217.22000122070312
2011-10-28,7.692999839782715,1.745300054550171,8854.599609375,17.402999877929688,3.0253000259399414,209.86000061035156
2011-10-31,7.704999923706055,1.7417000532150269,8624.2001953125,17.442800521850586,3.0608999729156494,214.00999450683594
2011-11-01,7.933000087738037,1.767799973487854,8825.599609375,17.808500289916992,3.1576099395751953,218.00999450683594
2011-11-02,8.083000183105469,1.792799949645996,8866.5,18.45199966430664,3.2451999187469482,224.8300018310547
2011-11-03,8.007499694824219,1.7798000574111938,8900.7001953125,18.31839942932129,3.187390089035034,222.75999450683594
2011-11-04,7.829999923706055,1.7518999576568604,8943.599609375,18.035999298095703,3.1304500102996826,219.13999938964844
2011-11-07,7.86899995803833,1.7620999813079834,8949.9501953125,18.066999435424805,3.1603000164031982,221.49000549316406
2011-11-08,7.926599979400635,1.7752000093460083,8954.9501953125,18.233999252319336,3.171999931335449,222.5399932861328
2011-11-09,7.817800045013428,1.7681000232696533,8915.0,18.18470001220703,3.14490008354187,221.4949951171875
2011-11-10,8.044300079345703,1.799399971961975,8889.9501953125,18.81599998474121,3.2483999729156494,229.35000610351562
2011-11-11,7.967100143432617,1.7906999588012695,8969.9501953125,18.86199951171875,3.2439000606536865,229.64999389648438
2011-11-14,7.87470006942749,1.769700050354004,8967.9501953125,18.572999954223633,3.172800064086914,224.94500732421875
2011-11-15,7.999800205230713,1.7796000242233276,8964.9501953125,18.93000030517578,3.234499931335449,231.61000061035156
2011-11-16,8.151000022888184,1.7978999614715576,8994.9501953125,18.94499969482422,3.277600049972534,233.25
2011-11-17,8.188501358032227,1.8071999549865723,8993.4501953125,18.976499557495117,3.301800012588501,232.6219940185547
2011-11-18,8.190999984741211,1.8240000009536743,8972.7001953125,18.90999984741211,3.285599946975708,228.0970001220703
2011-11-21,8.161999702453613,1.825600028038025,9019.9501953125,18.808000564575195,3.2574000358581543,224.30099487304688
2011-11-22,8.305000305175781,1.8575999736785889,9024.9501953125,18.968000411987305,3.3085999488830566,226.47999572753906
2011-11-23,8.387200355529785,1.8497999906539917,9044.9501953125,18.822999954223633,3.2973999977111816,225.3000030517578
2011-11-24,8.576299667358398,1.8700000047683716,9016.900390625,19.194000244140625,3.3631999492645264,232.1199951171875
2011-11-25,8.484700202941895,1.868399977684021,8962.400390625,19.288000106811523,3.381500005722046,235.44000244140625
2011-11-28,8.471599578857422,1.8753000497817993,9054.9501953125,19.530000686645508,3.398900032043457,235.02999877929688
2011-11-29,8.372300148010254,1.8573999404907227,9114.9501953125,19.304000854492188,3.3933000564575195,231.5399932861328
2011-11-30,8.312999725341797,1.850000023841858,9120.5,19.179000854492188,3.3956000804901123,231.59300231933594
2011-12-01,8.120599746704102,1.8249000310897827,9076.7001953125,18.80299949645996,3.3396999835968018,225.72999572753906
2011-12-02,8.077300071716309,1.8260999917984009,8994.9501953125,18.627399444580078,3.3259999752044678,225.9550018310547
2011-12-05,7.99429988861084,1.8241000175476074,9014.9501953125,18.690000534057617,3.3371999263763428,226.0
2011-12-06,8.026399612426758,1.8323999643325806,9016.599609375,18.725099563598633,3.3290998935699463,223.17100524902344
2011-12-07,8.012800216674805,1.8335000276565552,9034.9501953125,18.722400665283203,3.3271000385284424,222.781005859375
2011-12-08,8.010600090026855,1.829200029373169,9027.400390625,18.79199981689453,3.3269999027252197,224.22999572753906
2011-12-09,8.206999778747559,1.8398000001907349,8994.9501953125,18.98509979248047,3.373500108718872,227.71099853515625
2011-12-12,8.085000038146973,1.8320000171661377,9035.7001953125,18.993000030517578,3.3721001148223877,225.6199951171875
2011-12-13,8.278499603271484,1.8664000034332275,9049.9501953125,19.493000030517578,3.456199884414673,232.30999755859375
2011-12-14,8.36359977722168,1.8802000284194946,9112.099609375,19.72100067138672,3.529099941253662,233.92999267578125
2011-12-15,8.420999526977539,1.8839000463485718,9100.0,19.75,3.503999948501587,234.22999572753906
2011-12-16,8.369000434875488,1.8765000104904175,9089.9501953125,19.51300048828125,3.4709999561309814,231.27999877929688
2011-12-19,8.376299858093262,1.8839999437332153,9016.5,19.386899948120117,3.4507999420166016,233.01499938964844
2011-12-20,8.378499984741211,1.9003000259399414,9114.2998046875,19.511999130249023,3.4514000415802,232.7100067138672
2011-12-21,8.192000389099121,1.8828999996185303,9047.599609375,19.514999389648438,3.400899887084961,229.38999938964844
2011-12-22,8.229999542236328,1.8834999799728394,9043.5,19.611000061035156,3.4079999923706055,235.4499969482422
2011-12-23,8.178600311279297,1.8875000476837158,9136.5,19.66900062561035,3.396199941635132,234.80999755859375
2011-12-26,8.141200065612793,1.8890000581741333,9040.0,19.743000030517578,3.40310001373291,235.3000030517578
2011-12-27,8.141599655151367,1.889799952507019,9038.400390625,19.7450008392334,3.392699956893921,235.1699981689453
2011-12-28,8.131099700927734,1.8967000246047974,9062.0,19.71500015258789,3.362799882888794,233.80999755859375
2011-12-29,8.191800117492676,1.9179999828338623,9044.400390625,19.910999298095703,3.399399995803833,239.5399932861328
2011-12-30,8.154000282287598,1.9154000282287598,8854.7998046875,19.742799758911133,3.4040000438690186,238.16900634765625
2012-01-02,8.068400382995605,1.8798999786376953,9055.0,19.749000549316406,3.44320011138916,242.75999450683594
2012-01-03,8.068599700927734,1.8875999450683594,8903.7998046875,19.687000274658203,3.44950008392334,242.52000427246094
2012-01-04,8.05270004272461,1.8720999956130981,9115.0,19.66900062561035,3.418800115585327,241.7100067138672
2012-01-05,8.131199836730957,1.8782999515533447,9115.7998046875,19.9950008392334,3.4748001098632812,247.44000244140625
2012-01-06,8.182100296020508,1.8792999982833862,9110.0,20.16360092163086,3.517699956893921,248.88400268554688
2012-01-09,8.178000450134277,1.8795000314712524,9058.400390625,20.37299919128418,3.5376999378204346,248.36000061035156
2012-01-10,8.160099983215332,1.867900013923645,9146.0,20.14900016784668,3.5097999572753906,246.9600067138672
2012-01-11,8.10420036315918,1.8676999807357788,9145.0,20.20199966430664,3.4921998977661133,243.22000122070312
2012-01-12,8.086899757385254,1.8530000448226929,9190.0,20.170400619506836,3.503999948501587,243.1490020751953
2012-01-13,8.051300048828125,1.8517999649047852,9150.0,19.913000106811523,3.43149995803833,239.9199981689453
2012-01-16,8.156000137329102,1.861299991607666,9052.900390625,20.226999282836914,3.4904000759124756,245.52000427246094
2012-01-17,8.093700408935547,1.850000023841858,9099.900390625,20.201000213623047,3.4735000133514404,246.67999267578125
2012-01-18,8.028200149536133,1.8398000001907349,9070.0,20.084999084472656,3.4191999435424805,242.22999572753906
2012-01-19,7.952499866485596,1.8301000595092773,9008.099609375,19.81100082397461,3.3747000694274902,236.77000427246094
2012-01-20,7.906000137329102,1.825600028038025,8945.0,19.48699951171875,3.319700002670288,234.19000244140625
2012-01-23,7.950099945068359,1.8316999673843384,8920.0,19.715999603271484,3.3399999141693115,235.19000244140625
2012-01-24,7.93179988861084,1.8162000179290771,8920.0,19.38789939880371,3.2815001010894775,229.36500549316406
2012-01-25,7.9496002197265625,1.819100022315979,8958.0,19.409000396728516,3.2751998901367188,228.99000549316406
2012-01-26,7.871799945831299,1.8043999671936035,9050.599609375,19.2549991607666,3.2444000244140625,225.77999877929688
2012-01-27,7.816800117492676,1.7925000190734863,9074.0,19.117700576782227,3.234299898147583,
2012-01-30,7.7434000968933105,1.7726999521255493,8952.0,19.027999877929688,3.2009999752044678,222.1300048828125
2012-01-31,7.828199863433838,1.7861000299453735,9074.0,19.204999923706055,3.234499931335449,
2012-02-01,7.791800022125244,1.774399995803833,8981.900390625,19.350000381469727,3.2248001098632812,225.08999633789062
2012-02-02,7.6620001792907715,1.7546000480651855,8980.0,19.046199798583984,3.1738998889923096,220.052001953125
2012-02-03,7.637599945068359,1.756600022315979,8958.7998046875,19.06100082397461,3.1874001026153564,221.3800048828125
2012-02-06,7.540800094604492,1.7522000074386597,8928.099609375,18.986000061035156,3.1714999675750732,220.88999938964844
2012-02-07,7.540309906005859,1.7568000555038452,892.0,18.998199462890625,3.178999900817871,222.5500030517578
2012-02-08,7.5578999519348145,1.7467000484466553,8930.0,18.701000213623047,3.136199951171875,218.64999389648438
2012-02-09,7.558300018310547,1.750599980354309,8851.5,18.707000732421875,3.1563000679016113,219.80999755859375
2012-02-10,7.5802998542785645,1.7512999773025513,8920.0,18.859699249267578,3.158099889755249,219.43499755859375
2012-02-13,7.664299964904785,1.7587000131607056,8965.0,18.996999740600586,3.1731998920440674,221.97999572753906
2012-02-14,7.698299884796143,1.7669999599456787,8971.5,19.03820037841797,3.1775999069213867,221.10000610351562
2012-02-15,7.715700149536133,1.7674000263214111,8998.0,19.073999404907227,3.1807000637054443,221.97000122070312
2012-02-16,7.7617998123168945,1.7630000114440918,8930.0,19.27750015258789,3.2209999561309814,222.6280059814453
2012-02-17,7.764100074768066,1.760699987411499,8980.0,19.02429962158203,3.195499897003174,221.09300231933594
2012-02-20,7.6717000007629395,1.7401000261306763,8983.2001953125,18.885000228881836,3.149399995803833,218.69000244140625
2012-02-21,7.686500072479248,1.743399977684021,8971.599609375,18.82270050048828,3.158900022506714,217.53500366210938
2012-02-22,7.732699871063232,1.7509000301361084,9030.0,18.752500534057617,3.1491000652313232,215.88999938964844
2012-02-23,7.711100101470947,1.756500005722046,9040.0,18.986000061035156,3.164299964904785,217.64999389648438
2012-02-24,7.65369987487793,1.7625000476837158,9040.0,18.69700050354004,3.1159000396728516,216.1999969482422
2012-02-27,7.577600002288818,1.7616000175476074,9020.900390625,18.527999877929688,3.09089994430542,215.6300048828125
2012-02-28,7.551700115203857,1.7640999555587769,9105.0,18.586000442504883,3.1057000160217285,216.7899932861328
2012-02-29,7.481299877166748,1.750499963760376,9005.0,18.47100067138672,3.0592000484466553,214.77999877929688
2012-03-01,7.474899768829346,1.7484999895095825,9010.0,18.667999267578125,3.098900079727173,216.6300048828125
2012-03-02,7.436800003051758,1.7517999410629272,9055.0,18.554000854492188,3.074899911880493,215.3000030517578
2012-03-05,7.508299827575684,1.766800045967102,9055.0,18.729999542236328,3.113300085067749,219.1300048828125
2012-03-06,7.547699928283691,1.770400047302246,9113.0,18.740699768066406,3.124300003051758,220.99000549316406
2012-03-07,7.646100044250488,1.7913000583648682,9115.0,18.95800018310547,3.1710000038146973,224.3000030517578
2012-03-08,7.591800212860107,1.7798999547958374,9085.0,18.889999389648438,3.160399913787842,224.67999267578125
2012-03-09,7.478899955749512,1.7740999460220337,9105.0,18.645000457763672,3.0864999294281006,220.57000732421875
2012-03-12,7.564799785614014,1.7847000360488892,9132.4501953125,18.7549991607666,3.1149001121520996,221.97999572753906
2012-03-13,7.541999816894531,1.7933000326156616,9133.0,18.636999130249023,3.1191999912261963,223.0500030517578
2012-03-14,7.529200077056885,1.7856999635696411,9133.0,18.76300048828125,3.1484999656677246,222.52999877929688
2012-03-15,7.689680099487305,1.805299997329712,9163.0,18.902000427246094,3.1861000061035156,224.83999633789062
2012-03-16,7.6020002365112305,1.7955000400543213,9163.0,18.7450008392334,3.145400047302246,222.02999877929688
2012-03-19,7.561800003051758,1.7935999631881714,9120.0,18.607999801635742,3.124300003051758,219.7899932861328
2012-03-20,7.5295000076293945,1.8033000230789185,9110.0,18.47879981994629,3.1031999588012695,218.11000061035156
2012-03-21,7.603499889373779,1.8203999996185303,9145.0,18.45599937438965,3.11299991607666,218.9499969482422
2012-03-22,7.643799781799316,1.812399983406067,9145.0,18.615999221801758,3.1357998847961426,220.3800048828125
2012-03-23,7.698200225830078,1.8070000410079956,9220.0,18.71299934387207,3.150399923324585,222.14999389648438
2012-03-26,7.684899806976318,1.798799991607666,9150.0,18.538999557495117,3.1226000785827637,220.4199981689453
2012-03-27,7.581399917602539,1.7847000360488892,9150.0,18.42300033569336,3.088900089263916,217.8699951171875
2012-03-28,7.598899841308594,1.787500023841858,9150.0,18.41699981689453,3.1054000854492188,218.3000030517578
2012-03-29,7.67110013961792,1.7798999547958374,9150.0,18.5049991607666,3.1224000453948975,219.5
2012-03-30,7.710000038146973,1.7838000059127808,9150.0,18.566999435424805,3.121299982070923,221.91000366210938
2012-04-02,7.622900009155273,1.7796000242233276,9112.0,18.58300018310547,3.0977001190185547,220.0500030517578
2012-04-03,7.642000198364258,1.7752000093460083,9118.0,18.54199981689453,3.1010000705718994,220.36000061035156
2012-04-04,7.73721981048584,1.7812999486923218,9136.0,18.604000091552734,3.1226999759674072,222.3000030517578
2012-04-05,7.820499897003174,1.792199969291687,9133.0,18.718000411987305,3.1593000888824463,225.02000427246094
2012-04-06,7.826399803161621,1.791200041770935,9085.0,18.827999114990234,3.1772000789642334,225.74000549316406
2012-04-09,7.883800029754639,1.7929999828338623,9085.0,18.82699966430664,3.1742000579833984,226.5399932861328
2012-04-10,7.879700183868408,1.7973999977111816,9151.5,18.80299949645996,3.1796000003814697,224.8699951171875
2012-04-11,7.9847002029418945,1.8125,9149.0,18.98699951171875,3.2046000957489014,228.38999938964844
2012-04-12,7.978000164031982,1.80649995803833,9149.0,18.93600082397461,3.190500020980835,227.1199951171875
2012-04-13,7.868500232696533,1.7926000356674194,9149.0,18.77199935913086,3.1626999378204346,224.2100067138672
2012-04-16,7.9446001052856445,1.7962000370025635,9139.9501953125,18.94099998474121,3.203000068664551,227.69000244140625
2012-04-17,7.938700199127197,1.7961000204086304,9155.0,18.839000701904297,3.1900999546051025,226.7899932861328
2012-04-18,7.796999931335449,1.7872999906539917,9155.0,18.83329963684082,3.1702001094818115,225.1300048828125
2012-04-19,7.836400032043457,1.7856999635696411,9155.0,18.87299919128418,3.185699939727783,226.22000122070312
2012-04-20,7.844299793243408,1.7918000221252441,9154.0,18.871999740600586,3.1851000785827637,225.6699981689453
2012-04-23,7.8017802238464355,1.7900999784469604,9143.7001953125,18.888999938964844,3.169600009918213,224.97999572753906
2012-04-24,7.839600086212158,1.794600009918213,9163.0,19.013999938964844,3.1975998878479004,226.86000061035156
2012-04-25,7.787099838256836,1.7800999879837036,9163.0,18.874000549316406,3.177799940109253,222.33999633789062
2012-04-26,7.736800193786621,1.7692999839782715,9163.0,18.691999435424805,3.1531999111175537,217.22999572753906
2012-04-27,7.774199962615967,1.7646000385284424,9156.7001953125,18.81399917602539,3.164400100708008,218.42999267578125
2012-04-30,7.744500160217285,1.7590999603271484,9188.9501953125,18.736400604248047,3.144700050354004,216.13999938964844
2012-05-01,7.764999866485596,1.756100058555603,9168.0,18.833999633789062,3.1517999172210693,216.07000732421875
2012-05-02,7.7291998863220215,1.7537000179290771,9181.2998046875,18.73240089416504,3.134000062942505,214.58999633789062
2012-05-03,7.730500221252441,1.7595000267028809,9165.0,18.966999053955078,3.164900064468384,215.0399932861328
2012-05-04,7.7256999015808105,1.7608000040054321,9165.0,19.024999618530273,3.177500009536743,215.89999389648438
2012-05-07,7.881100177764893,1.7676000595092773,9047.599609375,19.409000396728516,3.240600109100342,221.3300018310547
2012-05-08,7.798999786376953,1.7598999738693237,9170.0,19.188600540161133,3.199199914932251,219.4759979248047
2012-05-09,7.892000198364258,1.7773000001907349,9166.0,19.420000076293945,3.2337000370025635,221.25
2012-05-10,7.991499900817871,1.7939000129699707,9213.0,19.559999465942383,3.280600070953369,224.2100067138672
2012-05-11,8.028200149536133,1.7861000299453735,9170.0,19.493000030517578,3.2716000080108643,223.75
2012-05-14,8.104999542236328,1.7855000495910645,9165.0,19.55970001220703,3.2988998889923096,224.3000030517578
2012-05-15,8.195500373840332,1.8101999759674072,9238.0,19.809999465942383,3.370699882507324,228.19000244140625
2012-05-16,8.327799797058105,1.82260000705719,9238.0,20.10890007019043,3.4247000217437744,230.67999267578125
2012-05-17,8.306500434875488,1.8222999572753906,9238.0,19.965999603271484,3.41729998588562,232.77999877929688
2012-05-18,8.364100456237793,1.8281999826431274,9217.0,20.06800079345703,3.4321999549865723,234.60000610351562
2012-05-21,8.322999954223633,1.8335000276565552,8995.2001953125,19.819000244140625,3.3977999687194824,233.55999755859375
2012-05-22,8.218700408935547,1.8242000341415405,9243.0,19.56599998474121,3.364000082015991,230.8699951171875
2012-05-23,8.338899612426758,1.843999981880188,9210.0,19.978200912475586,3.4375998973846436,238.22000122070312
2012-05-24,8.392499923706055,1.8496999740600586,9255.0,20.291000366210938,3.4776999950408936,239.39999389648438
2012-05-25,8.35990047454834,1.8461999893188477,9255.0,20.230199813842773,3.477099895477295,239.6999969482422
2012-05-28,8.356900215148926,1.844099998474121,9287.4501953125,20.17099952697754,3.4653000831604004,238.60000610351562
2012-05-29,8.339099884033203,1.835800051689148,9265.0,20.221599578857422,3.4665000438690186,238.83999633789062
2012-05-30,8.303400039672852,1.8299000263214111,9370.0,20.367300033569336,3.4916000366210938,238.1699981689453
2012-05-31,8.532500267028809,1.8550000190734863,9410.0,20.784000396728516,3.547600030899048,243.3800048828125
2012-06-01,8.499300003051758,1.864300012588501,9375.0,20.802000045776367,3.549499988555908,243.17999267578125
2012-06-04,8.5871000289917,1.8590999841690063,9387.4501953125,20.793899536132812,3.557379961013794,245.6529998779297
2012-06-05,8.476300239562988,1.8517999649047852,9375.0,20.530000686645508,3.5009000301361084,241.0500030517578
2012-06-06,8.414799690246582,1.8453999757766724,9378.0,20.56100082397461,3.506200075149536,241.82000732421875
2012-06-07,8.301899909973145,1.8279999494552612,9275.0,20.19099998474121,3.4267001152038574,236.84100341796875
2012-06-08,8.373600006103516,1.8253999948501587,9355.0,20.0939998626709,3.391900062561035,234.85000610351562
2012-06-11,8.305999755859375,1.8075000047683716,9384.9501953125,20.02199935913086,3.3778998851776123,232.4499969482422
2012-06-12,8.467100143432617,1.8286000490188599,9380.0,20.523000717163086,3.487299919128418,238.4199981689453
2012-06-13,8.387100219726562,1.8236000537872314,9405.0,20.506000518798828,3.4560999870300293,237.27999877929688
2012-06-14,8.385000228881836,1.8183000087738037,9395.0,20.267200469970703,3.4281599521636963,235.47000122070312
2012-06-15,8.365099906921387,1.813099980354309,9395.0,20.16550064086914,3.3914101123809814,233.65199279785156
2012-06-18,8.26669979095459,1.8030999898910522,9293.0,19.960800170898438,3.337049961090088,228.49400329589844
2012-06-19,8.296299934387207,1.8102999925613403,9357.599609375,20.27090072631836,3.386199951171875,230.85000610351562
2012-06-20,8.194000244140625,1.7994999885559082,9375.599609375,20.00200080871582,3.3477001190185547,226.82000732421875
2012-06-21,8.190600395202637,1.7939000129699707,9391.0,20.145000457763672,3.3352999687194824,225.86000061035156
2012-06-22,8.373200416564941,1.8035000562667847,9399.400390625,20.54599952697754,3.4210000038146973,229.4409942626953
2012-06-25,8.40884017944336,1.8128000497817993,9437.4501953125,20.503299713134766,3.402790069580078,228.9600067138672
2012-06-26,8.465299606323242,1.819000005722046,9409.7998046875,20.67530059814453,3.404289960861206,230.0030059814453
2012-06-27,8.427499771118164,1.8079999685287476,9409.400390625,20.715900421142578,3.399600028991699,228.67999267578125
2012-06-28,8.430000305175781,1.8128999471664429,9413.900390625,20.732200622558594,3.41195011138916,229.6300048828125
2012-06-29,8.3927001953125,1.82669997215271,9415.2998046875,20.67919921875,3.4461100101470947,233.13699340820312
2012-07-02,8.148599624633789,1.8042999505996704,9368.0,20.158899307250977,3.33270001411438,225.97000122070312
2012-07-03,8.161199569702148,1.8039000034332275,9384.9501953125,20.274999618530273,3.347409963607788,226.81300354003906
2012-07-04,8.06719970703125,1.7963000535964966,9334.9501953125,20.25309944152832,3.3254599571228027,225.5399932861328
2012-07-05,8.130200386047363,1.804800033569336,9344.9501953125,20.364700317382812,3.364799976348877,228.2519989013672
2012-07-06,8.131699562072754,1.8097000122070312,9387.4501953125,20.642000198364258,3.396899938583374,230.83999633789062
2012-07-09,8.253199577331543,1.818600058555603,9441.9501953125,20.90399932861328,3.458199977874756,235.8300018310547
2012-07-10,8.223999977111816,1.822700023651123,9379.7001953125,20.642799377441406,3.4215500354766846,233.843994140625
2012-07-11,8.21030044555664,1.8144999742507935,9398.7001953125,20.689899444580078,3.4107000827789307,235.24000549316406
2012-07-12,8.230299949645996,1.8056000471115112,9383.900390625,20.67799949645996,3.407599925994873,235.35000610351562
2012-07-13,8.333499908447266,1.81850004196167,9414.900390625,20.78499984741211,3.443700075149536,237.3300018310547
2012-07-16,8.252900123596191,1.8092000484466553,9423.0,20.709999084472656,3.4235000610351562,234.7899932861328
2012-07-17,8.208600044250488,1.8070000410079956,9419.599609375,20.639999389648438,3.4123001098632812,234.5500030517578
2012-07-18,8.162199974060059,1.8034000396728516,9409.2998046875,20.520099639892578,3.383699893951416,232.5
2012-07-19,8.154999732971191,1.8009999990463257,9419.2001953125,20.570999145507812,3.3901000022888184,231.3800048828125
2012-07-20,8.170299530029297,1.8020000457763672,9417.099609375,20.659000396728516,3.3775999546051025,231.2899932861328
2012-07-23,8.286299705505371,1.8140000104904175,9425.0,21.026500701904297,3.4307000637054443,236.14999389648438
2012-07-24,8.454000473022461,1.8184000253677368,9423.2998046875,21.058700561523438,3.464900016784668,237.10000610351562
2012-07-25,8.51609992980957,1.8264000415802002,9436.5,21.15369987487793,3.496730089187622,240.00999450683594
2012-07-26,8.403599739074707,1.8209999799728394,9452.599609375,20.976999282836914,3.441930055618286,237.1199951171875
2012-07-27,8.248700141906738,1.8098000288009644,9446.2998046875,20.610000610351562,3.363300085067749,230.61000061035156
2012-07-30,8.181599617004395,1.8128000497817993,9430.0,20.540300369262695,3.34689998626709,228.08700561523438
2012-07-31,8.1875,1.8007999658584595,9424.2001953125,20.54599952697754,3.355180025100708,227.13499450683594
2012-08-01,8.25220012664795,1.7932000160217285,9413.5,20.57699966430664,3.3432300090789795,228.89999389648438
2012-08-02,8.32979965209961,1.8046000003814697,9412.599609375,20.649999618530273,3.3533999919891357,229.16000366210938
2012-08-03,8.361200332641602,1.799399971961975,9436.7001953125,20.78380012512207,3.3775699138641357,230.4759979248047
2012-08-06,8.127599716186523,1.7781000137329102,9443.0,20.29400062561035,3.270699977874756,223.47000122070312
2012-08-07,8.16349983215332,1.7755000591278076,9433.599609375,20.266000747680664,3.25600004196167,222.22999572753906
2012-08-08,8.168299674987793,1.784999966621399,9437.2001953125,20.284400939941406,3.2853000164031982,223.33999633789062
2012-08-09,8.09000015258789,1.7786999940872192,9439.599609375,20.304000854492188,3.286400079727173,223.75999450683594
2012-08-10,8.080400466918945,1.7821999788284302,9441.099609375,20.364999771118164,3.293800115585327,224.86000061035156
2012-08-13,8.095600128173828,1.7839000225067139,9477.4501953125,20.431499481201172,3.318619966506958,225.64300537109375
2012-08-14,8.148900032043457,1.7933000326156616,9454.2001953125,20.36199951171875,3.3124001026153564,226.4199981689453
2012-08-15,8.183500289916992,1.8003000020980835,9451.599609375,20.303600311279297,3.3095500469207764,226.11000061035156
2012-08-16,8.219499588012695,1.7967000007629395,9467.0,20.27400016784668,3.319999933242798,226.4199981689453
2012-08-17,8.215299606323242,1.7933000326156616,9459.5,20.091999053955078,3.278700113296509,224.4499969482422
2012-08-20,8.311599731445312,1.8006000518798828,9489.9501953125,20.235000610351562,3.29830002784729,225.0
2012-08-21,8.321700096130371,1.8008999824523926,9459.2998046875,20.09000015258789,3.288300037384033,223.8800048828125
2012-08-22,8.252599716186523,1.7939000129699707,9465.0,19.859100341796875,3.266400098800659,221.06300354003906
2012-08-23,8.218899726867676,1.7929999828338623,9465.0,19.891700744628906,3.2495999336242676,220.80799865722656
2012-08-24,8.324299812316895,1.7926000356674194,9463.2998046875,19.793800354003906,3.258500099182129,220.64999389648438
2012-08-27,8.385499954223633,1.7976000308990479,9480.0,19.856000900268555,3.269700050354004,221.9600067138672
2012-08-28,8.438799858093262,1.8020000457763672,9485.0,19.854999542236328,3.266700029373169,222.41099548339844
2012-08-29,8.398309707641602,1.808500051498413,9505.400390625,19.662399291992188,3.2664999961853027,223.5
2012-08-30,8.4173002243042,1.821560025215149,9517.7001953125,19.764999389648438,3.331670045852661,225.8719940185547
2012-08-31,8.493599891662598,1.8265000581741333,9514.7998046875,19.836999893188477,3.354099988937378,227.16000366210938
2012-09-03,8.420599937438965,1.8191200494766235,9534.9501953125,19.729999542236328,3.3129000663757324,225.64999389648438
2012-09-04,8.386300086975098,1.8184499740600586,9505.400390625,19.72599983215332,3.3245999813079834,225.83999633789062
2012-09-05,8.413999557495117,1.8190799951553345,9541.7001953125,19.783199310302734,3.3417000770568848,226.49000549316406
2012-09-06,8.405799865722656,1.8178600072860718,9540.400390625,19.64699935913086,3.3150999546051025,225.41000366210938
2012-09-07,8.30049991607666,1.8091700077056885,9535.7001953125,19.45599937438965,3.2641000747680664,226.58999633789062
2012-09-10,8.185090065002441,1.8005499839782715,9541.900390625,19.167699813842773,3.2002999782562256,222.05999755859375
2012-09-11,8.164999961853027,1.802090048789978,9547.900390625,19.243600845336914,3.2230899333953857,223.0780029296875
2012-09-12,8.169699668884277,1.8041000366210938,9548.400390625,18.920299530029297,3.1682000160217285,219.77499389648438
2012-09-13,8.322400093078613,1.8066799640655518,9538.599609375,18.93709945678711,3.1728200912475586,219.0780029296875
2012-09-14,8.25220012664795,1.7985899448394775,9548.599609375,18.770700454711914,3.130270004272461,216.21400451660156
2012-09-17,8.228819847106934,1.7965099811553955,9480.0,18.585899353027344,3.0980401039123535,214.77699279785156
2012-09-18,8.258999824523926,1.7964500188827515,9434.7001953125,18.697599411010742,3.126499891281128,215.72999572753906
2012-09-19,8.185799598693848,1.796180009841919,9474.0,19.0137996673584,3.1538000106811523,216.77000427246094
2012-09-20,8.262100219726562,1.792099952697754,9508.7998046875,19.038000106811523,3.1710000038146973,216.58999633789062
2012-09-21,8.300600051879883,1.7967100143432617,9510.599609375,19.21500015258789,3.196500062942505,217.75
2012-09-24,8.254799842834473,1.7948399782180786,9520.0,19.104999542236328,3.188699960708618,216.9499969482422
2012-09-25,8.243399620056152,1.7970399856567383,9533.099609375,19.223499298095703,3.2050299644470215,218.00999450683594
2012-09-26,8.228099822998047,1.7906800508499146,9545.400390625,19.305200576782227,3.2100000381469727,220.48399353027344
2012-09-27,8.223099708557129,1.7913700342178345,9555.599609375,19.363800048828125,3.217439889907837,221.30999755859375
2012-09-28,8.226200103759766,1.787559986114502,9546.099609375,19.43000030517578,3.191920042037964,219.6060028076172
2012-10-01,8.313599586486816,1.7965799570083618,9569.9501953125,19.58799934387207,3.2084999084472656,222.39999389648438
2012-10-02,8.360699653625488,1.7910399436950684,9550.2001953125,19.447999954223633,3.1844899654388428,221.8800048828125
2012-10-03,8.361000061035156,1.790179967880249,9551.400390625,19.356000900268555,3.183109998703003,221.3000030517578
2012-10-04,8.413100242614746,1.803760051727295,9557.2001953125,19.315500259399414,3.15910005569458,221.08999633789062
2012-10-05,8.498700141906738,1.7960799932479858,9562.2998046875,19.148000717163086,3.138859987258911,218.66000366210938
2012-10-08,8.751099586486816,1.8049900531768799,9407.2001953125,19.076499938964844,3.1275999546051025,217.04100036621094
2012-10-09,8.89109992980957,1.8119800090789795,9561.900390625,19.18829917907715,3.1343801021575928,218.2050018310547
2012-10-10,8.769100189208984,1.8257299661636353,9563.7001953125,19.416200637817383,3.1639599800109863,220.02000427246094
2012-10-11,8.73840045928955,1.8186800479888916,9562.099609375,19.388500213623047,3.182229995727539,219.88999938964844
2012-10-12,8.66450023651123,1.80649995803833,9553.7001953125,19.2012996673584,3.1584999561309814,217.51400756835938
2012-10-15,8.766300201416016,1.810789942741394,9577.4501953125,19.277000427246094,3.1661999225616455,216.47999572753906
2012-10-16,8.79170036315918,1.809689998626709,9561.599609375,19.193599700927734,3.150599956512451,214.85699462890625
2012-10-17,8.685700416564941,1.8003599643707275,9555.7001953125,18.899999618530273,3.115309953689575,211.5
2012-10-18,8.598799705505371,1.798259973526001,9545.5,18.858999252319336,3.123500108718872,211.99000549316406
2012-10-19,8.64430046081543,1.797260046005249,9559.400390625,18.945999145507812,3.133500099182129,212.47000122070312
2012-10-22,8.662500381469727,1.7942800521850586,9592.4501953125,19.06599998474121,3.1530299186706543,213.97000122070312
2012-10-23,8.627099990844727,1.7927000522613525,9576.099609375,18.98699951171875,3.1350901126861572,213.72000122070312
2012-10-24,8.744099617004395,1.8011000156402588,9579.2001953125,19.20199966430664,3.1789700984954834,216.74000549316406
2012-10-25,8.774999618530273,1.8022700548171997,9581.5,19.2810001373291,3.2042999267578125,216.24000549316406
2012-10-26,8.725799560546875,1.799280047416687,9577.099609375,19.249000549316406,3.2063000202178955,216.06199645996094
2012-10-29,8.662199974060059,1.8001999855041504,9604.9501953125,19.235000610351562,3.2007999420166016,218.47000122070312
2012-10-30,8.675299644470215,1.8033000230789185,9575.599609375,19.37299919128418,3.2090699672698975,220.71800231933594
2012-10-31,8.633199691772461,1.79653000831604,9586.2998046875,19.282400131225586,3.184269905090332,218.62100219726562
2012-11-01,8.672599792480469,1.7919299602508545,9576.400390625,19.331100463867188,3.1886000633239746,218.32000732421875
2012-11-02,8.631699562072754,1.786929965019226,9591.5,19.450300216674805,3.178800106048584,217.08999633789062
2012-11-05,8.73799991607666,1.7913800477981567,9469.2001953125,19.643999099731445,3.20169997215271,219.42999267578125
2012-11-06,8.721799850463867,1.780400037765503,9591.400390625,19.670000076293945,3.2119998931884766,220.8300018310547
2012-11-07,8.633700370788574,1.7726500034332275,9591.0,19.707000732421875,3.2132999897003174,219.8000030517578
2012-11-08,8.630510330200195,1.7843600511550903,9575.7001953125,19.8700008392334,3.2435998916625977,221.67999267578125
2012-11-09,8.703399658203125,1.785249948501587,9601.7998046875,19.84939956665039,3.2726800441741943,223.30499267578125
2012-11-12,8.692999839782715,1.790179967880249,9443.599609375,19.937999725341797,3.264699935913086,222.5800018310547
2012-11-13,8.745039939880371,1.80062997341156,9590.099609375,19.952899932861328,3.2750000953674316,223.3730010986328
2012-11-14,8.784799575805664,1.8072799444198608,9595.400390625,20.031999588012695,3.289799928665161,224.1199951171875
2012-11-15,8.888500213623047,1.8055700063705444,9595.2998046875,19.961200714111328,3.271699905395508,223.91000366210938
2012-11-16,8.92140007019043,1.8006700277328491,9595.5,19.98200035095215,3.250499963760376,222.4499969482422
2012-11-19,8.854399681091309,1.7964999675750732,9624.9501953125,19.986900329589844,3.2572600841522217,222.91099548339844
2012-11-20,8.846099853515625,1.7991700172424316,9600.2998046875,19.837099075317383,3.2323100566864014,220.24200439453125
2012-11-21,8.84160041809082,1.7923699617385864,9603.900390625,19.759000778198242,3.2100400924682617,218.9199981689453
2012-11-22,8.968420028686523,1.801010012626648,9605.5,19.787900924682617,3.1977200508117676,218.03500366210938
2012-11-23,8.933099746704102,1.7968800067901611,9598.0,19.735000610351562,3.1895999908447266,216.92999267578125
2012-11-26,8.86989974975586,1.7942700386047363,9612.4501953125,19.539600372314453,3.16759991645813,217.33399963378906
2012-11-27,8.845999717712402,1.7939800024032593,9571.099609375,19.439800262451172,3.1541199684143066,216.2740020751953
2012-11-28,8.835800170898438,1.7906800508499146,9571.7001953125,19.559999465942383,3.1672000885009766,216.67300415039062
2012-11-29,8.820300102233887,1.790079951286316,9571.5,19.45800018310547,3.1665000915527344,216.85000610351562
2012-11-30,8.777099609375,1.7850799560546875,9571.400390625,19.377300262451172,3.1498000621795654,215.42999267578125
2012-12-03,8.890199661254883,1.785580039024353,9569.0,19.399999618530273,3.154099941253662,216.14999389648438
2012-12-04,,1.7851799726486206,,,3.161600112915039,216.13999938964844
2012-12-05,8.783900260925293,1.7840499877929688,9573.599609375,19.26729965209961,3.1531600952148438,216.12399291992188
2012-12-06,8.766500473022461,1.7860000133514404,9570.7998046875,19.283000946044922,3.150099992752075,216.25999450683594
2012-12-07,8.689200401306152,1.789080023765564,9580.900390625,19.410999298095703,3.1845500469207764,218.26199340820312
2012-12-10,8.67080020904541,1.7890599966049194,9612.4501953125,19.50200080871582,3.1928999423980713,219.4499969482422
2012-12-11,8.667900085449219,1.7879799604415894,9600.7998046875,19.51609992980957,3.173099994659424,218.7949981689453
2012-12-12,8.656000137329102,1.7810800075531006,9606.099609375,19.385299682617188,3.1379499435424805,216.43299865722656
2012-12-13,8.652700424194336,1.7762199640274048,9601.7998046875,19.298999786376953,3.1289000511169434,215.7429962158203
2012-12-14,8.652000427246094,1.7805800437927246,9606.099609375,19.30459976196289,3.130769968032837,216.74200439453125
2012-12-17,8.631799697875977,1.7784700393676758,9612.4501953125,19.17259979248047,3.0975499153137207,215.30999755859375
2012-12-18,8.524900436401367,1.7836699485778809,9611.7998046875,19.142000198364258,3.103100061416626,218.72000122070312
2012-12-19,8.45199966430664,1.7786099910736084,9615.7001953125,19.020999908447266,3.07669997215271,217.08999633789062
2012-12-20,8.492400169372559,1.7834700345993042,9622.2998046875,19.035600662231445,3.0816800594329834,216.70199584960938
2012-12-21,8.481599807739258,1.7860900163650513,9624.0,19.018999099731445,3.063199996948242,215.00999450683594
2012-12-24,8.555899620056152,1.7932900190353394,9610.0,19.051000595092773,3.0887999534606934,219.7100067138672
2012-12-25,8.561300277709961,1.7949999570846558,9632.7998046875,19.03499984741211,3.0952999591827393,221.27000427246094
2012-12-26,8.580599784851074,1.7920000553131104,9630.5,19.038999557495117,3.0917999744415283,221.32000732421875
2012-12-27,8.565699577331543,1.7934199571609497,9629.0,18.92959976196289,3.101249933242798,221.2209930419922
2012-12-28,8.476799964904785,1.7880799770355225,9633.900390625,18.905000686645508,3.072700023651123,219.8300018310547
2012-12-31,8.47089958190918,1.7886799573898315,9612.4501953125,18.959999084472656,3.076200008392334,219.69000244140625
2013-01-01,8.39780044555664,1.7818000316619873,9609.0,18.97100067138672,3.0855000019073486,219.22999572753906
2013-01-02,8.449700355529785,1.7813999652862549,9609.0,18.982999801635742,3.08270001411438,220.1699981689453
2013-01-03,8.478099822998047,1.7777800559997559,9622.5,19.09160041809082,3.0833001136779785,220.3820037841797
2013-01-04,8.587699890136719,1.7841999530792236,9626.2998046875,19.368999481201172,3.132999897003174,221.5399932861328
2013-01-07,8.555399894714355,1.7804800271987915,9770.0,19.403600692749023,3.1447501182556152,221.9759979248047
2013-01-08,8.560500144958496,1.7791800498962402,9639.099609375,19.446699142456055,3.1382200717926025,221.96400451660156
2013-01-09,8.573599815368652,1.7772799730300903,9641.2001953125,19.506799697875977,3.1393001079559326,222.84300231933594
2013-01-10,8.589099884033203,1.77538001537323,9632.099609375,19.593799591064453,3.120300054550171,221.89199829101562
2013-01-11,8.656100273132324,1.766379952430725,9631.7001953125,19.2810001373291,3.07669997215271,220.9720001220703
2013-01-14,8.7322998046875,1.76937997341156,9612.4501953125,19.15839958190918,3.0747299194335938,221.3699951171875
2013-01-15,8.700799942016602,1.7680799961090088,9606.7998046875,19.09469985961914,3.0669000148773193,219.91600036621094
2013-01-16,8.802820205688477,1.768470048904419,9621.599609375,19.231000900268555,3.086699962615967,220.89999389648438
2013-01-17,8.802200317382812,1.7636699676513672,9626.2001953125,19.201000213623047,3.097399950027466,221.42999267578125
2013-01-18,8.812800407409668,1.7532700300216675,9621.7998046875,19.07349967956543,3.071229934692383,218.19900512695312
2013-01-21,8.876620292663574,1.758739948272705,9682.0,19.211700439453125,3.1168200969696045,219.7760009765625
2013-01-22,8.856100082397461,1.7642300128936768,9589.400390625,19.20400047302246,3.1298000812530518,219.8699951171875
2013-01-23,8.843600273132324,1.7678699493408203,9591.599609375,19.225000381469727,3.1321001052856445,220.72000122070312
2013-01-24,9.062600135803223,1.7707699537277222,9596.900390625,19.220600128173828,3.1312999725341797,220.86000061035156
2013-01-25,9.065400123596191,1.7682700157165527,9597.5,19.10580062866211,3.1311399936676025,220.8179931640625
2013-01-28,8.94320011138916,1.7667700052261353,9612.4501953125,18.965200424194336,3.0947999954223633,220.8509979248047
2013-01-29,9.094499588012695,1.773069977760315,9649.7998046875,19.074600219726562,3.1192500591278076,221.27099609375
2013-01-30,9.02079963684082,1.7672699689865112,9650.0,18.98200035095215,3.102299928665161,219.02999877929688
2013-01-31,9.018699645996094,1.7683199644088745,9659.7001953125,18.86199951171875,3.091399908065796,216.57000732421875
2013-02-01,8.958100318908691,1.7557499408721924,9669.900390625,18.83690071105957,3.081120014190674,214.5229949951172
2013-02-04,8.852700233459473,1.7483700513839722,9612.4501953125,18.76799964904785,3.0522000789642334,213.92999267578125
2013-02-05,8.911199569702148,1.7616699934005737,9642.7001953125,19.006000518798828,3.0905001163482666,216.82000732421875
2013-02-06,8.820099830627441,1.7604700326919556,9647.900390625,18.87190055847168,3.0734000205993652,216.3719940185547
2013-02-07,8.900699615478516,1.7688699960708618,9682.099609375,18.732999801635742,3.0875000953674316,217.52000427246094
2013-02-08,8.911100387573242,1.7729699611663818,9666.0,18.851600646972656,3.1136999130249023,218.30999755859375
2013-02-11,8.872099876403809,1.7703700065612793,9612.4501953125,18.83880043029785,3.10194993019104,217.33799743652344
2013-02-12,8.907919883728027,1.7748700380325317,9593.099609375,18.826799392700195,3.0967299938201904,216.68899536132812
2013-02-13,8.905099868774414,1.7718700170516968,9617.7001953125,18.807300567626953,3.1013998985290527,215.61199951171875
2013-02-14,8.859199523925781,1.7633700370788574,9618.5,18.86400032043457,3.0880000591278076,215.43699645996094
2013-02-15,8.777199745178223,1.7676500082015991,9631.599609375,18.965099334716797,3.1254000663757324,218.1999969482422
2013-02-18,8.859299659729004,1.7676700353622437,9645.0,19.019899368286133,3.136660099029541,219.50799560546875
2013-02-19,8.885600090026855,1.7657999992370605,9652.599609375,18.993999481201172,3.1338999271392822,218.13999938964844
2013-02-20,8.852100372314453,1.7754600048065186,9674.900390625,18.915000915527344,3.109800100326538,217.30099487304688
2013-02-21,8.902999877929688,1.7845699787139893,9655.5,19.1028995513916,3.13319993019104,219.25
2013-02-22,8.889599800109863,1.7925699949264526,9674.5,19.28260040283203,3.156450033187866,222.35000610351562
2013-02-25,8.884499549865723,1.7990700006484985,9684.0,19.332000732421875,3.15339994430542,222.3699951171875
2013-02-26,8.824600219726562,1.8102699518203735,9676.400390625,19.476999282836914,3.1791000366210938,225.25
2013-02-27,8.832900047302246,1.804669976234436,9678.5,19.552000045776367,3.182499885559082,225.50999450683594
2013-02-28,8.83191967010498,1.7959699630737305,9657.2998046875,19.453500747680664,3.157449960708618,224.1699981689453
2013-03-01,9.02731990814209,1.7984700202941895,9633.7998046875,19.62299919128418,3.17549991607666,225.82000732421875
2013-03-04,9.09570026397705,1.7981499433517456,9612.4501953125,19.69569969177246,3.1732800006866455,226.2010040283203
2013-03-05,9.074299812316895,1.7972700595855713,9677.5,19.684999465942383,3.170599937438965,228.1999969482422
2013-03-06,9.034500122070312,1.7905700206756592,9663.7998046875,19.576400756835938,3.1590399742126465,228.23899841308594
2013-03-07,9.116299629211426,1.7974900007247925,9658.7998046875,19.642900466918945,3.1944000720977783,230.97000122070312
2013-03-08,9.138799667358398,1.7967499494552612,9663.900390625,19.39699935913086,3.163300037384033,227.5399932861328
2013-03-11,9.086600303649902,1.8040900230407715,9612.4501953125,19.565000534057617,3.1782000064849854,230.50999450683594
2013-03-12,9.10569953918457,1.798359990119934,9668.599609375,19.599599838256836,3.17615008354187,231.53900146484375
2013-03-13,9.160099983215332,1.802109956741333,9668.0,19.6560001373291,3.175299882888794,235.2899932861328
2013-03-14,9.254899978637695,1.8114900588989258,9661.7998046875,19.762500762939453,3.1912999153137207,234.93699645996094
2013-03-15,9.162599563598633,1.8092700242996216,9673.400390625,19.622299194335938,3.1916699409484863,233.02000427246094
2013-03-18,9.215100288391113,1.8157700300216675,9675.7998046875,19.778600692749023,3.220099925994873,236.71099853515625
2013-03-19,9.166279792785645,1.8122700452804565,9682.5,19.776399612426758,3.203000068664551,236.52999877929688
2013-03-20,9.271200180053711,1.8251700401306152,9682.7001953125,19.888700485229492,3.231379985809326,237.21099853515625
2013-03-21,9.328519821166992,1.8162699937820435,9695.2001953125,19.873899459838867,3.221709966659546,235.41000366210938
2013-03-22,9.3056001663208,1.8171700239181519,9703.2001953125,19.959999084472656,3.2476999759674072,237.47999572753906
2013-03-25,9.301300048828125,1.8111200332641602,9612.4501953125,19.799999237060547,3.2028698921203613,235.7429962158203
2013-03-26,9.28909969329834,1.8206199407577515,9705.0,20.047000885009766,3.2399001121520996,238.10000610351562
2013-03-27,9.25059986114502,1.8127199411392212,9702.2001953125,20.01799964904785,3.2479000091552734,236.4499969482422
2013-03-28,9.26200008392334,1.811750054359436,9694.7998046875,20.15999984741211,3.2704999446868896,237.3000030517578
2013-03-29,9.22776985168457,1.8087199926376343,9688.599609375,20.097000122070312,3.256769895553589,237.32000732421875
2013-04-01,9.225199699401855,1.8090699911117554,9612.4501953125,20.0841007232666,3.2601499557495117,237.11199951171875
2013-04-02,9.187020301818848,1.803920030593872,9715.0,20.041000366210938,3.24780011177063,236.07000732421875
2013-04-03,9.239910125732422,1.8026200532913208,9707.5,20.153600692749023,3.2641799449920654,235.76199340820312
2013-04-04,9.217399597167969,1.8067200183868408,9718.2001953125,20.09749984741211,3.2644999027252197,235.57200622558594
2013-04-05,9.165900230407715,1.8014700412750244,9720.0,19.895299911499023,3.2306699752807617,232.9499969482422
2013-04-08,9.103599548339844,1.8016899824142456,9728.2998046875,19.79640007019043,3.1991000175476074,229.74000549316406
2013-04-09,8.966569900512695,1.784980058670044,9719.0,19.739999771118164,3.1626999378204346,227.52000427246094
2013-04-10,8.917400360107422,1.7829699516296387,9690.400390625,19.63640022277832,3.1444900035858154,227.08200073242188
2013-04-11,8.899800300598145,1.789520025253296,9661.400390625,19.82830047607422,3.1359000205993652,227.17999267578125
2013-04-12,8.898200035095215,1.784060001373291,9674.2998046875,19.714399337768555,3.1334900856018066,225.79800415039062
2013-04-15,8.94950008392334,1.7892999649047852,9683.5,19.756200790405273,3.127350091934204,225.30499267578125
2013-04-16,9.19752025604248,1.793470025062561,9683.400390625,19.805999755859375,3.1426000595092773,225.98800659179688
2013-04-17,9.116800308227539,1.7869700193405151,9688.099609375,19.582000732421875,3.1161000728607178,222.6999969482422
2013-04-18,9.17240047454834,1.7983700037002563,9680.900390625,19.82200050354004,3.1570000648498535,226.07000732421875
2013-04-19,9.175200462341309,1.7952699661254883,9684.900390625,19.78820037841797,3.1516499519348145,228.33700561523438
2013-04-22,9.214900016784668,1.8010300397872925,9688.0,19.775999069213867,3.1390700340270996,228.27999877929688
2013-04-23,9.226300239562988,1.803920030593872,9688.7001953125,19.819799423217773,3.14205002784729,228.63099670410156
2013-04-24,9.212699890136719,1.8022099733352661,9694.7001953125,19.94300079345703,3.1851999759674072,230.42999267578125
2013-04-25,9.123600006103516,1.8021199703216553,9688.7998046875,19.904600143432617,3.1863698959350586,230.63099670410156
2013-04-26,9.077500343322754,1.7982699871063232,9689.400390625,19.792999267578125,3.1933999061584473,231.1999969482422
2013-04-29,9.100500106811523,1.7953699827194214,9612.4501953125,19.69540023803711,3.1839001178741455,231.48800659179688
2013-04-30,8.982199668884277,1.7936099767684937,9691.5,19.604999542236328,3.1572000980377197,228.5399932861328
2013-05-01,8.971420288085938,1.7911100387573242,9694.099609375,19.56760025024414,3.157360076904297,227.3090057373047
2013-05-02,9.031599998474121,1.7919000387191772,9695.0,19.492000579833984,3.1598000526428223,226.41000366210938
2013-05-03,8.936800003051758,1.7930500507354736,9708.2001953125,19.58300018310547,3.160900115966797,226.38999938964844
2013-05-06,8.912400245666504,1.7932100296020508,9612.4501953125,19.516300201416016,3.1537399291992188,225.43899536132812
2013-05-07,8.980159759521484,1.7961699962615967,9705.599609375,19.62689971923828,3.1722800731658936,226.9250030517578
2013-05-08,9.025199890136719,1.7961000204086304,9705.599609375,19.70989990234375,3.1633999347686768,226.32000732421875
2013-05-09,9.005200386047363,1.7892199754714966,9705.0,19.64229965209961,3.1352999210357666,222.42100524902344
2013-05-10,9.019599914550781,1.7953799962997437,9702.0,19.74920082092285,3.163569927215576,224.78500366210938
2013-05-13,9.115799903869629,1.8026200532913208,9709.0,19.86400032043457,3.1967999935150146,225.47799682617188
2013-05-14,9.151200294494629,1.8103200197219849,9708.7001953125,19.91230010986328,3.199429988861084,226.5
2013-05-15,9.227999687194824,1.8147499561309814,9708.099609375,19.986799240112305,3.21560001373291,227.66900634765625
2013-05-16,9.251799583435059,1.8220900297164917,9718.2001953125,20.173500061035156,3.24495005607605,226.26499938964844
2013-05-17,9.3100004196167,1.8228199481964111,9720.5,20.15839958190918,3.2471299171447754,226.06500244140625
2013-05-20,9.405400276184082,1.8420699834823608,9731.0,20.27589988708496,3.2455999851226807,226.3699951171875
2013-05-21,9.432600021362305,1.8404099941253662,9727.7001953125,20.29400062561035,3.24180006980896,225.20799255371094
2013-05-22,9.545499801635742,1.8420699834823608,9734.2998046875,20.145999908447266,3.2342000007629395,223.91000366210938
2013-05-23,9.57483959197998,1.8477799892425537,9736.900390625,20.32670021057129,3.2588000297546387,225.3800048828125
2013-05-24,9.543330192565918,1.8457200527191162,9744.0,20.195999145507812,3.2455999851226807,224.77999877929688
2013-05-27,9.584420204162598,1.8449900150299072,9744.0,20.000600814819336,3.2410199642181396,223.66600036621094
2013-05-28,9.604100227355957,1.8428699970245361,9760.2001953125,20.027000427246094,3.242300033569336,223.51800537109375
2013-05-29,9.78950023651123,1.8597899675369263,9763.7998046875,20.1382999420166,3.268310070037842,223.68299865722656
2013-05-30,9.81470012664795,1.8607699871063232,9772.900390625,19.979000091552734,3.2706000804901123,224.02999877929688
2013-05-31,10.022600173950195,1.8714100122451782,9778.2001953125,19.709999084472656,3.2788000106811523,225.24000549316406
2013-06-03,10.04889965057373,1.8857699632644653,9612.4501953125,19.73579978942871,3.290019989013672,228.1649932861328
2013-06-04,9.822930335998535,1.8836100101470947,9776.599609375,19.64579963684082,3.2500998973846436,223.55799865722656
2013-06-05,9.808110237121582,1.8713300228118896,9769.900390625,19.741199493408203,3.2411599159240723,224.44000244140625
2013-06-06,10.00512981414795,1.8917900323867798,9762.7998046875,19.676799774169922,3.274480104446411,227.4250030517578
2013-06-07,9.87300968170166,1.8922100067138672,9764.5,19.371000289916992,3.2415199279785156,224.49000549316406
2013-06-10,10.053899765014648,1.8780299425125122,9764.5,19.328100204467773,3.2016799449920654,223.28199768066406
2013-06-11,10.169500350952148,1.8991700410842896,9764.5,19.372800827026367,3.220329999923706,225.30499267578125
2013-06-12,10.061300277709961,1.8901699781417847,9764.5,19.211299896240234,3.206480026245117,222.76800537109375
2013-06-13,10.073100090026855,1.8736000061035156,9831.2998046875,19.1481990814209,3.189769983291626,222.1699981689453
2013-06-14,9.83080005645752,1.859969973564148,9854.5,19.16029930114746,3.1583499908447266,218.5019989013672
2013-06-17,9.954099655151367,1.8770899772644043,9612.4501953125,19.291000366210938,3.172290086746216,217.427001953125
2013-06-18,9.954099655151367,1.8693000078201294,9859.2998046875,19.152999877929688,3.1600399017333984,218.3300018310547
2013-06-19,9.999899864196777,1.8852699995040894,9877.2001953125,19.12649917602539,3.181879997253418,218.97000122070312
2013-06-20,10.185319900512695,1.9023699760437012,9880.2001953125,19.31999969482422,3.2216899394989014,223.81100463867188
2013-06-21,10.214400291442871,1.9386999607086182,9897.400390625,19.47599983215332,3.276779890060425,226.4199981689453
2013-06-24,10.211099624633789,1.9364999532699585,9612.4501953125,19.711000442504883,3.308199882507324,227.6009979248047
2013-06-25,10.066920280456543,1.9441699981689453,9901.7998046875,19.633899688720703,3.296989917755127,226.9709930419922
2013-06-26,10.099800109863281,1.930709958076477,9892.0,19.707199096679688,3.3096699714660645,226.51300048828125
2013-06-27,10.08821964263916,1.933769941329956,9895.7998046875,19.877099990844727,3.333250045776367,227.281005859375
2013-06-28,9.931929588317871,1.9176700115203857,9897.2001953125,19.9960994720459,3.3122498989105225,226.8090057373047
2013-07-01,9.888420104980469,1.9285500049591064,9612.4501953125,19.976900100708008,3.32204008102417,226.24000549316406
2013-07-02,9.907520294189453,1.9232699871063232,9898.2001953125,19.893400192260742,3.31033992767334,224.81300354003906
2013-07-03,9.984869956970215,1.9325599670410156,9903.2001953125,20.08300018310547,3.3452999591827393,226.31100463867188
2013-07-04,10.069899559020996,1.9436700344085693,9910.7001953125,20.037399291992188,3.303809881210327,225.9199981689453
2013-07-05,10.02180004119873,1.940999984741211,9911.0,19.986000061035156,3.3078598976135254,227.10800170898438
2013-07-08,10.17216968536377,1.9616700410842896,9918.0,20.222400665283203,3.347939968109131,230.26100158691406
2013-07-09,10.149900436401367,1.9463000297546387,9926.7998046875,20.150699615478516,3.3450798988342285,228.70899963378906
2013-07-10,10.028969764709473,1.9399199485778809,9928.7998046875,20.183500289916992,3.3785998821258545,228.64999389648438
2013-07-11,9.874199867248535,1.919469952583313,9935.400390625,19.5762996673584,3.2667601108551025,222.02200317382812
2013-07-12,9.956000328063965,1.9490300416946411,9968.0,19.791799545288086,3.2936899662017822,222.79200744628906
2013-07-15,9.964920043945312,1.9519200325012207,9612.4501953125,19.870899200439453,3.2855000495910645,223.5260009765625
2013-07-16,9.872900009155273,1.9319000244140625,9989.2001953125,19.856599807739258,3.2796099185943604,223.07000732421875
2013-07-17,9.84570026397705,1.9197200536727905,10007.0,19.679000854492188,3.231640100479126,222.40499877929688
2013-07-18,9.815099716186523,1.9101999998092651,10017.0,19.73539924621582,3.233720064163208,222.82000732421875
2013-07-19,9.92199993133545,1.920300006866455,10032.0,19.756900787353516,3.232789993286133,224.8489990234375
2013-07-22,9.854100227355957,1.9151999950408936,9612.4501953125,19.67959976196289,3.216939926147461,224.32000732421875
2013-07-23,9.808469772338867,1.910979986190796,10037.0,19.632999420166016,3.1916399002075195,222.75
2013-07-24,9.671899795532227,1.8998099565505981,10171.0,19.606000900268555,3.175100088119507,223.4459991455078
2013-07-25,9.7677001953125,1.9219199419021606,10303.0,19.59480094909668,3.2078399658203125,224.48500061035156
2013-07-26,9.706399917602539,1.9213600158691406,10240.0,19.514299392700195,3.179579973220825,223.5030059814453
2013-07-29,9.753499984741211,1.9245200157165527,10269.0,19.455799102783203,3.1814000606536865,223.47500610351562
2013-07-30,9.799519538879395,1.9266999959945679,10244.0,19.46470069885254,3.168720006942749,224.78700256347656
2013-07-31,9.793720245361328,1.9224499464035034,10244.0,19.439300537109375,3.1851699352264404,225.30999755859375
2013-08-01,9.848899841308594,1.93326997756958,10250.0,19.481700897216797,3.1943199634552,224.91200256347656
2013-08-02,9.96969985961914,1.9451700448989868,10252.0,19.652000427246094,3.222170114517212,227.40699768066406
2013-08-05,9.830920219421387,1.9261800050735474,10029.0,19.443700790405273,3.1852200031280518,224.36000061035156
2013-08-06,9.828619956970215,1.9284700155258179,10256.0,19.525999069213867,3.1747899055480957,225.26300048828125
2013-08-07,9.933050155639648,1.9255499839782715,10257.0,19.498199462890625,3.1572999954223633,224.52499389648438
2013-08-08,9.92770004272461,1.9298700094223022,10257.0,19.418399810791016,3.1547598838806152,224.4770050048828
2013-08-09,9.824600219726562,1.921470046043396,10256.0,19.27790069580078,3.1301000118255615,222.48399353027344
2013-08-12,9.81112003326416,1.9201799631118774,10262.0,19.337499618530273,3.1364099979400635,221.98699951171875
2013-08-13,9.87559986114502,1.9242500066757202,10309.0,19.408000946044922,3.152329921722412,223.48899841308594
2013-08-14,9.963020324707031,1.9315500259399414,10308.0,19.48819923400879,3.1610000133514404,224.45700073242188
2013-08-15,9.9576997756958,1.932770013809204,10265.0,19.38719940185547,3.1686899662017822,225.35000610351562
2013-08-16,9.969099998474121,1.9319700002670288,10390.0,19.321199417114258,3.163530111312866,223.4239959716797
2013-08-19,10.06029987335205,1.9427200555801392,10509.0,19.32349967956543,3.174220085144043,224.76600646972656
2013-08-20,10.18671989440918,1.9530999660491943,10664.0,19.36199951171875,3.1840999126434326,225.447998046875
2013-08-21,10.148599624633789,1.9479999542236328,10657.0,19.200000762939453,3.1510000228881836,222.6999969482422
2013-08-22,10.354399681091309,1.9800000190734863,10747.0,19.288000106811523,3.1833300590515137,225.14999389648438
2013-08-23,10.248120307922363,1.9882999658584595,10790.0,19.215499877929688,3.1785900592803955,223.96600341796875
2013-08-26,10.240900039672852,1.9896199703216553,11005.0,19.158700942993164,3.155630111694336,222.55599975585938
2013-08-27,10.312399864196777,1.9957200288772583,10817.0,19.176300048828125,3.159369945526123,223.0260009765625
2013-08-28,10.390800476074219,2.0470399856567383,10897.0,19.16510009765625,3.173069953918457,225.22000122070312
2013-08-29,10.309189796447754,2.0284500122070312,10917.0,19.246400833129883,3.206249952316284,225.47999572753906
2013-08-30,10.331700325012207,2.028980016708374,10908.0,19.421499252319336,3.228339910507202,226.4499969482422
2013-09-02,10.240019798278809,2.0299899578094482,10895.0,19.464500427246094,3.2334001064300537,227.56700134277344
2013-09-03,10.255720138549805,2.0184500217437744,10950.0,19.450899124145508,3.224400043487549,227.25
2013-09-04,10.322819709777832,2.0563199520111084,11037.0,19.575899124145508,3.2426199913024902,229.33999633789062
2013-09-05,10.235489845275879,2.047379970550537,11097.0,19.48940086364746,3.2352700233459473,228.13299560546875
2013-09-06,10.203800201416016,2.0680201053619385,11098.0,19.59819984436035,3.2780699729919434,229.8000030517578
2013-09-09,10.025420188903809,2.0515999794006348,11150.0,19.561899185180664,3.245110034942627,227.56399536132812
2013-09-10,9.950019836425781,2.024139881134033,11132.0,19.45829963684082,3.21737003326416,226.14999389648438
2013-09-11,9.980500221252441,2.0150399208068848,11210.0,19.430999755859375,3.198230028152466,225.46400451660156
2013-09-12,9.862500190734863,2.0111899375915527,11318.0,19.31920051574707,3.161910057067871,224.86000061035156
2013-09-13,9.958800315856934,2.02620005607605,11322.0,19.397199630737305,3.1710500717163086,225.9770050048828
2013-09-16,9.86382007598877,2.0019900798797607,11213.0,19.25629997253418,3.1450400352478027,224.3679962158203
2013-09-17,9.804200172424316,2.0002501010894775,11349.0,19.283000946044922,3.148789882659912,224.06399536132812
2013-09-18,9.799960136413574,2.0011401176452637,11417.0,19.244199752807617,3.151669979095459,222.33799743652344
2013-09-19,9.578800201416016,1.9381400346755981,11449.0,19.01449966430664,3.0768001079559326,218.69000244140625
2013-09-20,9.687419891357422,1.9601600170135498,11255.0,19.020000457763672,3.099600076675415,218.97300720214844
2013-09-23,9.873700141906738,1.9808100461959839,11325.0,19.048500061035156,3.1201000213623047,220.3459930419922
2013-09-24,9.826000213623047,1.9842599630355835,11417.0,19.226299285888672,3.127739906311035,221.0800018310547
2013-09-25,9.866720199584961,1.9950900077819824,11443.0,19.19969940185547,3.123800039291382,222.0659942626953
2013-09-26,9.974120140075684,2.0136899948120117,11457.0,19.097000122070312,3.120389938354492,221.33999633789062
2013-09-27,9.9860200881958,2.0195000171661377,11453.0,18.98349952697754,3.133500099182129,221.99000549316406
2013-09-30,10.119500160217285,2.0381200313568115,11552.0,19.02090072631836,3.1267099380493164,221.21299743652344
2013-10-01,10.025389671325684,2.01921010017395,11552.0,18.970399856567383,3.1201000213623047,219.76400756835938
2013-10-02,10.111000061035156,2.0085999965667725,11476.0,18.936800003051758,3.114500045776367,218.73800659179688
2013-10-03,10.004819869995117,1.9926799535751343,11503.0,18.819799423217773,3.0968101024627686,218.0489959716797
2013-10-04,10.028800010681152,2.00219988822937,11500.0,18.72610092163086,3.080699920654297,217.47999572753906
2013-10-07,9.989299774169922,1.986109972000122,11480.0,18.81800079345703,3.0958900451660156,218.3209991455078
2013-10-09,9.959320068359375,1.9870400428771973,11489.0,18.743999481201172,3.0847699642181396,217.05999755859375
2013-10-10,9.953180313110352,1.982100009918213,11504.0,18.911699295043945,3.1029698848724365,218.83599853515625
2013-10-11,9.902219772338867,1.9749900102615356,11463.0,18.849000930786133,3.0922200679779053,217.5760040283203
2013-10-14,9.911370277404785,1.9869400262832642,10787.0,18.820199966430664,3.0891098976135254,217.3820037841797
2013-10-15,9.90939998626709,1.9811999797821045,11337.0,18.828800201416016,3.0827999114990234,218.0800018310547
2013-10-16,9.961799621582031,1.9844199419021606,11339.0,18.920000076293945,3.0859999656677246,218.8280029296875
2013-10-17,9.859299659729004,1.9736900329589844,11339.0,18.95669937133789,3.07669997215271,217.7689971923828
2013-10-18,9.821700096130371,1.9660700559616089,11303.0,18.762300491333008,3.0493199825286865,215.15199279785156
2013-10-21,9.771200180053711,1.9690899848937988,10758.0,18.849199295043945,3.0465400218963623,214.5570068359375
2013-10-22,9.836400032043457,1.9789899587631226,11307.0,18.858299255371094,3.050960063934326,214.6439971923828
2013-10-23,9.741900444030762,1.9668200016021729,11264.0,18.679000854492188,3.021620035171509,212.02099609375
2013-10-24,9.786100387573242,1.9737800359725952,11244.0,18.736000061035156,3.0306999683380127,212.04100036621094
2013-10-25,9.748600006103516,1.9795700311660767,11128.0,18.619800567626953,3.0269899368286133,211.30599975585938
2013-10-28,9.821399688720703,1.9815399646759033,9612.4501953125,18.608600616455078,3.0258700847625732,211.5189971923828
2013-10-29,9.82040023803711,1.9823100566864014,11025.0,18.61870002746582,3.0318400859832764,212.08099365234375
2013-10-30,9.882399559020996,1.9901000261306763,11075.0,18.744400024414062,3.0453898906707764,213.8419952392578
2013-10-31,9.938799858093262,1.9928900003433228,11147.0,18.72909927368164,3.046339988708496,214.0070037841797
2013-11-01,10.054800033569336,1.9959900379180908,11245.0,18.976499557495117,3.079240083694458,217.27999877929688
2013-11-04,10.179719924926758,2.0152900218963623,11308.0,19.13789939880371,3.106909990310669,220.09500122070312
2013-11-05,10.126420021057129,2.0146899223327637,11327.0,19.097200393676758,3.0917999744415283,218.90199279785156
2013-11-06,10.218600273132324,2.028899908065796,11330.0,19.174999237060547,3.1022000312805176,220.3800048828125
2013-11-07,10.256099700927734,2.0342600345611572,11380.0,19.045700073242188,3.0845799446105957,219.45199584960938
2013-11-08,10.276399612426758,2.0346899032592773,11363.0,20.11829948425293,3.1268301010131836,221.17799377441406
2013-11-11,10.340299606323242,2.038789987564087,9612.4501953125,20.203699111938477,3.1333699226379395,221.9929962158203
2013-11-12,10.378800392150879,2.0419399738311768,11532.0,20.13610076904297,3.141479969024658,222.53399658203125
2013-11-13,10.340900421142578,2.0530099868774414,11565.0,20.10300064086914,3.12962007522583,222.19000244140625
2013-11-14,10.27180004119873,2.0415899753570557,11577.0,20.068700790405273,3.106300115585327,221.20399475097656
2013-11-15,10.2052001953125,2.03439998626709,11515.0,20.15169906616211,3.1139700412750244,221.468994140625
2013-11-18,10.153499603271484,2.0301599502563477,9612.4501953125,20.112600326538086,3.102979898452759,220.81700134277344
2013-11-19,10.122320175170898,2.0203299522399902,11605.0,20.071800231933594,3.088900089263916,219.75999450683594
2013-11-20,10.162400245666504,2.0093400478363037,11570.0,20.131999969482422,3.0827999114990234,218.66000366210938
2013-11-21,10.146849632263184,2.0146400928497314,11629.0,20.277000427246094,3.117300033569336,221.3159942626953
2013-11-22,10.134099960327148,2.0151400566101074,11674.0,20.19729995727539,3.1112899780273438,220.76699829101562
2013-11-25,10.06779956817627,2.007309913635254,9612.4501953125,20.131900787353516,3.0952301025390625,219.92599487304688
2013-11-26,10.097350120544434,2.006309986114502,11719.0,20.158000946044922,3.098900079727173,220.3000030517578
2013-11-27,10.113439559936523,2.0109899044036865,11750.0,20.138599395751953,3.0973401069641113,219.9530029296875
2013-11-28,10.21969985961914,2.0243899822235107,11880.0,20.131399154663086,3.097090005874634,220.37899780273438
2013-11-29,10.192299842834473,2.013000011444092,9612.4501953125,20.109699249267578,3.0840799808502197,220.1649932861328
2013-12-02,10.180000305175781,2.018929958343506,9612.4501953125,20.115299224853516,3.092989921569824,221.6300048828125
2013-12-03,10.269800186157227,2.038059949874878,9612.4501953125,20.27549934387207,3.1013400554656982,224.20700073242188
2013-12-04,10.322349548339844,2.042109966278076,11885.0,20.135000228881836,3.090369939804077,222.4080047607422
2013-12-05,10.428299903869629,2.047339916229248,11972.0,20.21179962158203,3.0913798809051514,221.92999267578125
2013-12-06,10.454299926757812,2.035099983215332,9612.4501953125,20.054899215698242,3.0627799034118652,220.5959930419922
2013-12-09,10.329700469970703,2.024049997329712,9610.0,20.010499954223633,3.0538699626922607,219.1300048828125
2013-12-10,10.361949920654297,2.0312600135803223,11813.0,19.976900100708008,3.045720100402832,219.6959991455078
2013-12-11,10.339679718017578,2.0257999897003174,11834.0,19.90530014038086,3.0340499877929688,219.19000244140625
2013-12-12,10.36952018737793,2.042409896850586,11878.0,19.89699935913086,3.0299999713897705,219.46200561523438
2013-12-13,10.402400016784668,2.042069911956787,11999.0,19.982500076293945,3.0392000675201416,220.34800720214844
2013-12-16,10.28087043762207,2.0416200160980225,11988.0,20.012699127197266,3.0409998893737793,219.17999267578125
2013-12-17,10.264599800109863,2.026400089263916,11973.0,20.032499313354492,3.032520055770874,217.4080047607422
2013-12-18,10.319330215454102,2.0348598957061768,11984.0,20.095600128173828,3.033169984817505,216.83700561523438
2013-12-19,10.34220027923584,2.055299997329712,12012.0,20.195999145507812,3.0436999797821045,217.96099853515625
2013-12-20,10.376330375671387,2.0718700885772705,12118.0,20.244400024414062,3.0439999103546143,218.9149932861328
2013-12-23,10.332099914550781,2.090100049972534,12153.0,20.16069984436035,3.0374999046325684,218.2310028076172
2013-12-24,10.331600189208984,2.097209930419922,12147.0,20.056900024414062,3.0339701175689697,216.9199981689453
2013-12-25,10.319129943847656,2.0762500762939453,12148.0,20.05270004272461,3.0209898948669434,216.69700622558594
2013-12-26,10.324700355529785,2.095289945602417,12143.0,20.11870002746582,3.029210090637207,216.9709930419922
2013-12-27,10.3371000289917,2.122030019760132,12148.0,20.09779930114746,3.0227599143981934,216.49400329589844
2013-12-30,10.518099784851074,2.1549999713897705,12142.0,19.934999465942383,3.014859914779663,215.36300659179688
2013-12-31,10.415730476379395,2.1205599308013916,12217.0,19.808000564575195,3.0,214.4499969482422
2014-01-01,10.350000381469727,2.1476500034332275,12158.0,19.852100372314453,3.018630027770996,215.77999877929688
2014-01-02,10.472599983215332,2.146399974822998,12158.0,19.847999572753906,3.0134999752044678,215.63999938964844
2014-01-03,10.67389965057373,2.1686699390411377,12102.0,20.101900100708008,3.047869920730591,217.7740020751953
2014-01-06,10.65779972076416,2.1749000549316406,12112.0,20.247600555419922,3.063999891281128,219.66400146484375
2014-01-07,10.627699851989746,2.1695799827575684,12133.0,20.14590072631836,3.061929941177368,219.56199645996094
2014-01-08,10.634599685668945,2.1659700870513916,12065.0,20.16710090637207,3.065269947052002,220.07400512695312
2014-01-09,10.758299827575684,2.1834700107574463,12077.0,20.2322998046875,3.074389934539795,220.78799438476562
2014-01-10,10.78950023651123,2.1769700050354004,12032.0,20.141599655151367,3.0679900646209717,219.9810028076172
2014-01-13,,2.163749933242798,12017.0,20.011999130249023,3.031480073928833,218.13099670410156
2014-01-14,10.8016996383667,2.1784300804138184,11812.0,20.002899169921875,3.036449909210205,218.3070068359375
2014-01-15,10.82040023803711,2.1819698810577393,11801.0,20.051700592041016,3.028670072555542,218.5659942626953
2014-01-16,10.871800422668457,2.189069986343384,11828.0,20.17020034790039,3.0552000999450684,220.5500030517578
2014-01-17,10.88129997253418,2.2062699794769287,11878.0,20.186100006103516,3.059030055999756,220.5500030517578
2014-01-20,10.874699592590332,2.2332699298858643,11858.0,20.28969955444336,3.077169895172119,222.21299743652344
2014-01-21,10.842900276184082,2.2386701107025146,11897.0,20.309600830078125,3.0668599605560303,222.80999755859375
2014-01-22,10.828700065612793,2.251270055770874,12038.0,20.329999923706055,3.0687999725341797,222.78900146484375
2014-01-23,10.863300323486328,2.258270025253296,12052.0,20.300500869750977,3.0715999603271484,223.2100067138672
2014-01-24,10.987600326538086,2.2902700901031494,12093.0,20.059099197387695,3.0520999431610107,222.8000030517578
2014-01-27,11.12720012664795,2.329770088195801,12127.0,20.059499740600586,3.062580108642578,222.10699462890625
2014-01-28,11.108099937438965,2.2797698974609375,12197.0,20.097200393676758,3.0714499950408936,223.77699279785156
2014-01-29,10.940999984741211,2.185770034790039,12093.0,20.099000930786133,3.0585999488830566,221.4739990234375
2014-01-30,11.287529945373535,2.2593600749969482,12145.0,20.148000717163086,3.0929999351501465,226.16000366210938
2014-01-31,11.178739547729492,2.2637500762939453,12143.0,20.353900909423828,3.115540027618408,227.94500732421875
2014-02-03,11.114700317382812,2.2598700523376465,12150.0,20.39739990234375,3.149399995803833,231.1999969482422
2014-02-04,11.244799613952637,2.276520013809204,12083.0,20.347999572753906,3.1375999450683594,231.85000610351562
2014-02-05,11.083800315856934,2.2358999252319336,11981.0,20.37980079650879,3.1109800338745117,228.39999389648438
2014-02-06,11.116000175476074,2.2365500926971436,12020.0,20.328399658203125,3.0938398838043213,228.0800018310547
2014-02-07,11.031900405883789,2.207469940185547,11940.0,20.237899780273438,3.072969913482666,225.70599365234375
2014-02-10,11.058600425720215,2.2182300090789795,12001.0,20.187000274658203,3.0645298957824707,225.67799377441406
2014-02-11,11.116999626159668,2.2115700244903564,12026.0,20.16349983215332,3.060260057449341,227.90199279785156
2014-02-12,10.96360969543457,2.1919898986816406,11946.0,20.149599075317383,3.0575599670410156,226.93099975585938
2014-02-13,10.996319770812988,2.187570095062256,11931.0,20.244300842285156,3.060110092163086,227.1199951171875
2014-02-14,10.979399681091309,2.182990074157715,11876.0,20.09269905090332,3.0386600494384766,226.94000244140625
2014-02-17,10.848199844360352,2.1786699295043945,11686.0,19.98509979248047,3.026360034942627,224.96800231933594
2014-02-18,10.824799537658691,2.1760900020599365,11631.0,19.9862003326416,3.0220000743865967,224.86500549316406
2014-02-19,10.868769645690918,2.1771700382232666,11840.0,19.84589958190918,3.012049913406372,225.4669952392578
2014-02-20,11.035200119018555,2.2117600440979004,11671.0,19.935699462890625,3.0327000617980957,227.89999389648438
2014-02-21,10.99862003326416,2.1991000175476074,11761.0,19.945999145507812,3.036799907684326,227.13999938964844
2014-02-24,10.935099601745605,2.1768600940704346,11686.0,19.910200119018555,3.0211899280548096,225.5679931640625
2014-02-25,10.798399925231934,2.2000699043273926,11576.0,19.897199630737305,3.0253100395202637,225.3769989013672
2014-02-26,10.733719825744629,2.211250066757202,11620.0,19.860000610351562,3.017699956893921,224.47999572753906
2014-02-27,10.840669631958008,2.2329299449920654,11666.0,19.96109962463379,3.0525500774383545,226.63299560546875
2014-02-28,10.700599670410156,2.2108700275421143,11601.0,19.936599731445312,3.033679962158203,225.968994140625
2014-03-03,10.815400123596191,2.227760076522827,11569.0,19.813400268554688,3.0316500663757324,225.57000732421875
2014-03-04,10.88479995727539,2.227570056915283,11656.0,19.89620018005371,3.0694499015808105,227.88699340820312
2014-03-05,10.755590438842773,2.2051799297332764,11566.0,19.900800704956055,3.043760061264038,225.6649932861328
2014-03-06,10.670000076293945,2.201669931411743,11571.0,19.908100128173828,3.0461699962615967,225.35000610351562
2014-03-07,10.608499526977539,2.178410053253174,11410.0,19.718399047851562,3.012399911880493,222.53599548339844
2014-03-10,10.748499870300293,2.2028698921203613,11486.0,19.691600799560547,3.03125,224.6060028076172
2014-03-11,10.76099967956543,2.2177700996398926,11430.0,19.700700759887695,3.0327000617980957,225.02999877929688
2014-03-12,10.842100143432617,2.243459939956665,11485.0,19.732500076293945,3.0462300777435303,226.22000122070312
2014-03-13,10.804450035095215,2.23157000541687,11435.0,19.65920066833496,3.038450002670288,225.43299865722656
2014-03-14,10.768799781799316,2.233259916305542,11421.0,19.711599349975586,3.0569400787353516,226.1999969482422
2014-03-17,10.685099601745605,2.2207601070404053,11296.0,19.654699325561523,3.0340099334716797,224.4949951171875
2014-03-18,10.746100425720215,2.2185699939727783,11286.0,19.649999618530273,3.0327999591827393,223.64999389648438
2014-03-19,10.732760429382324,2.216670036315918,11325.0,19.662900924682617,3.017699956893921,222.93299865722656
2014-03-20,10.86709976196289,2.2376298904418945,11310.0,19.87700080871582,3.0438499450683594,225.61000061035156
2014-03-21,10.88976001739502,2.2303600311279297,11435.0,19.906600952148438,3.0450599193573,226.00999450683594
2014-03-24,10.879599571228027,2.234999895095825,11401.0,19.886600494384766,3.0427699089050293,226.9199981689453
2014-03-25,10.82610034942627,2.2361600399017334,11361.0,19.808900833129883,3.032399892807007,226.16299438476562
2014-03-26,10.72719955444336,2.215480089187622,11381.0,19.806699752807617,3.030440092086792,225.25
2014-03-27,10.684229850769043,2.1905100345611572,11435.0,19.89859962463379,3.029560089111328,226.35000610351562
2014-03-28,10.57942008972168,2.1836700439453125,11381.0,19.927900314331055,3.030019998550415,226.03399658203125
2014-03-31,10.589500427246094,2.1757800579071045,11305.0,19.918500900268555,3.0285000801086426,224.20799255371094
2014-04-01,10.531599998474121,2.1373701095581055,11230.0,19.922000885009766,3.023200035095215,222.99000549316406
2014-04-02,10.574600219726562,2.1365699768066406,11285.0,19.894800186157227,3.022589921951294,222.3979949951172
2014-04-03,10.600199699401855,2.1266698837280273,11330.0,19.93950080871582,3.02632999420166,222.8470001220703
2014-04-04,10.621100425720215,2.1325700283050537,11375.0,20.00349998474121,3.0348498821258545,223.19000244140625
2014-04-07,10.530200004577637,2.112260103225708,11310.0,20.004899978637695,3.03629994392395,222.93499755859375
2014-04-08,10.512700080871582,2.1107099056243896,11295.0,19.93720054626465,3.032819986343384,222.8300018310547
2014-04-09,10.46310043334961,2.0933001041412354,11295.0,19.861799240112305,3.019160032272339,221.24000549316406
2014-04-10,10.399660110473633,2.101409912109375,11363.0,19.775299072265625,3.0041399002075195,220.35000610351562
2014-04-11,10.463399887084961,2.110179901123047,11415.0,19.75,3.0033299922943115,220.13900756835938
2014-04-14,10.509900093078613,2.11641001701355,11395.0,19.81100082397461,3.0215001106262207,220.99000549316406
2014-04-15,10.513330459594727,2.1211700439453125,11436.0,19.87220001220703,3.0232300758361816,221.99200439453125
2014-04-16,10.55090045928955,2.1419599056243896,11410.0,19.871599197387695,3.0290000438690186,223.38800048828125
2014-04-17,10.53909969329834,2.1348299980163574,11405.0,19.863300323486328,3.0315101146698,222.75399780273438
2014-04-18,10.486900329589844,2.1268699169158936,11445.0,19.869600296020508,3.026050090789795,221.66600036621094
2014-04-21,10.487899780273438,2.12992000579834,11445.0,19.858699798583984,3.0242300033569336,221.69000244140625
2014-04-22,10.491299629211426,2.1325600147247314,11425.0,19.914400100708008,3.0289700031280518,222.72000122070312
2014-04-23,10.537199974060059,2.141350030899048,11540.0,19.880800247192383,3.0336999893188477,222.08999633789062
2014-04-24,10.581870079040527,2.1509900093078613,11610.0,19.864599227905273,3.0302999019622803,222.22900390625
2014-04-25,10.618189811706543,2.1339499950408936,11595.0,19.819799423217773,3.0317299365997314,223.39999389648438
2014-04-28,10.657600402832031,2.1352200508117676,11565.0,19.806100845336914,3.0404999256134033,223.96299743652344
2014-04-29,10.614899635314941,2.1275599002838135,11580.0,19.789499282836914,3.036250114440918,223.406005859375
2014-04-30,10.549699783325195,2.121000051498413,11515.0,19.852699279785156,3.0327000617980957,223.0399932861328
2014-05-01,10.506199836730957,2.1110799312591553,11545.0,19.787599563598633,3.028700113296509,221.19500732421875
2014-05-02,10.479900360107422,2.1058599948883057,11520.0,19.79170036315918,3.023509979248047,220.75399780273438
2014-05-05,10.45479965209961,2.1039700508117676,11505.0,19.779600143432617,3.0293800830841064,221.5500030517578
2014-05-06,10.536060333251953,2.0991899967193604,11505.0,19.75819969177246,3.0286200046539307,222.08700561523438
2014-05-07,10.489700317382812,2.0891900062561035,11510.0,19.683500289916992,3.011899948120117,220.0780029296875
2014-05-08,10.449799537658691,2.080579996109009,11550.0,19.70009994506836,3.0095601081848145,218.84100341796875
2014-05-09,10.336400032043457,2.075860023498535,11525.0,19.777299880981445,3.017159938812256,218.8520050048828
2014-05-12,10.346599578857422,2.075269937515259,11505.0,19.888900756835938,3.0352699756622314,220.6479949951172
2014-05-13,10.35260009765625,2.0806798934936523,11520.0,19.919700622558594,3.037950038909912,220.7010040283203
2014-05-14,10.311599731445312,2.067389965057373,11485.0,19.97599983215332,3.0513899326324463,221.43899536132812
2014-05-15,10.297599792480469,2.0706799030303955,11370.0,20.015600204467773,3.050679922103882,221.156005859375
2014-05-16,10.39780044555664,2.0981900691986084,11420.0,20.013700485229492,3.0541000366210938,223.1280059814453
2014-05-19,10.340299606323242,2.0964300632476807,11390.0,20.02869987487793,3.0565099716186523,222.63900756835938
2014-05-20,10.357600212097168,2.0950100421905518,11400.0,20.026500701904297,3.054140090942383,222.1820068359375
2014-05-21,10.440999984741211,2.111569881439209,11460.0,20.042699813842773,3.054769992828369,222.30799865722656
2014-05-22,10.380160331726074,2.0929598808288574,11495.0,20.07270050048828,3.052769899368286,221.79600524902344
2014-05-23,10.341739654541016,2.081279993057251,11515.0,20.09440040588379,3.0427000522613525,221.93699645996094
2014-05-26,10.309200286865234,2.0793299674987793,11590.0,20.114599227905273,3.046449899673462,221.5189971923828
2014-05-27,10.346799850463867,2.082429885864258,11560.0,20.075899124145508,3.0485000610351562,221.72000122070312
2014-05-28,10.447400093078613,2.100830078125,11560.0,20.099000930786133,3.0515201091766357,222.49000549316406
2014-05-29,10.460100173950195,2.0972700119018555,11630.0,20.217500686645508,3.054379940032959,223.4290008544922
2014-05-30,10.411999702453613,2.0871899127960205,11595.0,20.178699493408203,3.0411899089813232,222.35699462890625
2014-06-02,10.563380241394043,2.0954198837280273,11660.0,20.153600692749023,3.03518009185791,221.91900634765625
2014-06-03,10.682499885559082,2.1070098876953125,11760.0,20.209999084472656,3.045300006866455,223.6790008544922
2014-06-04,10.767399787902832,2.116990089416504,11770.0,20.15570068359375,3.0462000370025635,223.98199462890625
2014-06-05,10.754500389099121,2.1143898963928223,11880.0,20.172399520874023,3.034130096435547,224.27499389648438
2014-06-06,10.685099601745605,2.0973598957061768,11845.0,20.1210994720459,3.0185999870300293,221.98899841308594
2014-06-09,10.585800170898438,2.077199935913086,11815.0,20.110000610351562,3.001699924468994,221.80999755859375
2014-06-10,10.637800216674805,2.0858700275421143,11775.0,20.180700302124023,3.0199999809265137,222.83999633789062
2014-06-11,10.704899787902832,2.0786800384521484,11815.0,20.257999420166016,3.0323901176452637,224.8990020751953
2014-06-12,10.742400169372559,2.1131300926208496,11805.0,20.27239990234375,3.0318799018859863,225.66900634765625
2014-06-13,10.694169998168945,2.1111700534820557,11780.0,20.21310043334961,3.034869909286499,226.4219970703125
2014-06-16,10.693400382995605,2.123159885406494,11785.0,20.2632999420166,3.0534000396728516,226.36500549316406
2014-06-17,10.733599662780762,2.142469882965088,11815.0,20.19059944152832,3.0498499870300293,226.4530029296875
2014-06-18,10.8326997756958,2.149009943008423,11885.0,20.250600814819336,3.056689977645874,227.1490020751953
2014-06-19,10.679780006408691,2.1233201026916504,12005.0,20.209699630737305,3.0349199771881104,225.2989959716797
2014-06-20,10.75016975402832,2.140170097351074,11925.0,20.15239906311035,3.0467100143432617,224.9290008544922
2014-06-23,10.66819953918457,2.1428799629211426,11950.0,20.171899795532227,3.0664501190185547,224.8730010986328
2014-06-24,10.589599609375,2.1356101036071777,11988.0,20.176000595092773,3.0591299533843994,224.218994140625
2014-06-25,10.626999855041504,2.141390085220337,11995.0,20.15220069885254,3.0495998859405518,224.75599670410156
2014-06-26,10.5871000289917,2.1294798851013184,12090.0,20.112600326538086,3.034600019454956,225.05099487304688
2014-06-27,10.634599685668945,2.1251699924468994,12100.0,20.162099838256836,3.048449993133545,226.5989990234375
2014-06-30,10.588419914245605,2.12349009513855,12020.0,20.10700035095215,3.040600061416626,226.5279998779297
2014-07-01,10.630599975585938,2.117300033569336,11885.0,20.041000366210938,3.033099889755249,226.02999877929688
2014-07-02,10.657500267028809,2.128070116043091,11865.0,20.05069923400879,3.039099931716919,227.8159942626953
2014-07-03,10.752799987792969,2.1293299198150635,11900.0,20.0841007232666,3.0349600315093994,228.41400146484375
2014-07-04,10.747440338134766,2.127700090408325,11905.0,20.14150047302246,3.0431699752807617,227.5399932861328
2014-07-07,10.749099731445312,2.1321001052856445,11860.0,20.174100875854492,3.0526700019836426,227.91400146484375
2014-07-08,10.766799926757812,2.128469944000244,11725.0,20.14900016784668,3.0444700717926025,227.89599609375
2014-07-09,10.67039966583252,2.1238999366760254,11665.0,20.150999069213867,3.025700092315674,226.95899963378906
2014-07-10,10.665399551391602,2.114880084991455,11615.0,20.095399856567383,3.021939992904663,226.86500549316406
2014-07-11,10.691699981689453,2.1226799488067627,11570.0,20.17289924621582,3.0406999588012695,227.74899291992188
2014-07-14,10.707099914550781,2.1190199851989746,11605.0,20.15719985961914,3.040800094604492,227.80299377441406
2014-07-15,10.678299903869629,2.1159799098968506,11663.0,20.1200008392334,3.033600091934204,226.79299926757812
2014-07-16,10.716110229492188,2.123379945755005,11720.0,20.20639991760254,3.047179937362671,227.9709930419922
2014-07-17,10.682149887084961,2.1204800605773926,11642.0,20.278900146484375,3.054949998855591,228.70700073242188
2014-07-18,10.74094009399414,2.139820098876953,11660.0,20.286300659179688,3.068650007247925,229.98300170898438
2014-07-21,10.654999732971191,2.1247799396514893,11615.0,20.270299911499023,3.06141996383667,228.70899963378906
2014-07-22,10.60888957977295,2.1176700592041016,11566.0,20.301700592041016,3.0625,228.6699981689453
2014-07-23,10.573100090026855,2.105870008468628,11580.0,20.3966007232666,3.0727100372314453,228.36599731445312
2014-07-24,10.517399787902832,2.0875799655914307,11485.0,20.39080047607422,3.071120023727417,228.21499633789062
2014-07-25,10.523200035095215,2.090240001678467,11552.0,20.39780044555664,3.0739400386810303,228.4980010986328
2014-07-28,10.509499549865723,2.093100070953369,11561.0,20.434999465942383,3.0831499099731445,229.37399291992188
2014-07-29,10.563209533691406,2.098180055618286,11561.0,20.433000564575195,3.082469940185547,229.69500732421875
2014-07-30,10.609800338745117,2.1122100353240967,11560.0,20.497600555419922,3.092099905014038,231.73399353027344
2014-07-31,10.672019958496094,2.1313700675964355,11561.0,20.56089973449707,3.099900007247925,232.2790069580078
2014-08-01,10.70110034942627,2.1400699615478516,11761.0,20.649999618530273,3.11899995803833,234.34800720214844
2014-08-04,10.666199684143066,2.130389928817749,11861.0,20.59239959716797,3.113229990005493,233.5050048828125
2014-08-05,10.648799896240234,2.129699945449829,11755.0,20.591400146484375,3.107480049133301,233.43899536132812
2014-08-06,10.750940322875977,2.151510000228882,11675.0,20.77910041809082,3.127969980239868,235.63999938964844
2014-08-07,10.710599899291992,2.158519983291626,11758.0,20.755699157714844,3.137049913406372,235.80299377441406
2014-08-08,10.750300407409668,2.167870044708252,11785.0,20.782100677490234,3.152009963989258,235.83799743652344
2014-08-11,10.654899597167969,2.1372499465942383,11745.0,20.76799964904785,3.125880002975464,233.32699584960938
2014-08-12,10.625550270080566,2.149169921875,11700.0,20.80150032043457,3.132659912109375,234.15899658203125
2014-08-13,10.628899574279785,2.1634700298309326,11680.0,20.835899353027344,3.141279935836792,234.5749969482422
2014-08-14,10.57409954071045,2.155179977416992,11683.0,20.832399368286133,3.1323299407958984,234.32699584960938
2014-08-15,10.54640007019043,2.1520800590515137,11670.0,20.802099227905273,3.1233201026916504,233.58900451660156
2014-08-18,10.580419540405273,2.165800094604492,11667.0,20.85059928894043,3.1373300552368164,234.2169952392578
2014-08-19,10.600299835205078,2.16336989402771,11680.0,20.876800537109375,3.1309099197387695,234.59100341796875
2014-08-20,10.639920234680176,2.162600040435791,11663.0,20.959299087524414,3.1363000869750977,235.01499938964844
2014-08-21,10.734600067138672,2.1824700832366943,11700.0,21.02519989013672,3.1553800106048584,236.94700622558594
2014-08-22,10.687100410461426,2.176680088043213,11688.0,20.927000045776367,3.1512999534606934,235.9499969482422
2014-08-25,10.71819019317627,2.1792500019073486,11660.0,21.064300537109375,3.1706199645996094,237.1230010986328
2014-08-26,10.713319778442383,2.178679943084717,11703.0,21.095399856567383,3.171410083770752,237.34100341796875
2014-08-27,10.678299903869629,2.1648199558258057,11688.0,21.051300048828125,3.1774699687957764,237.66600036621094
2014-08-28,10.606800079345703,2.1533799171447754,11665.0,20.972900390625,3.182849884033203,236.89599609375
2014-08-29,10.620400428771973,2.157180070877075,11715.0,21.092300415039062,3.2005701065063477,238.8419952392578
2014-09-01,10.651200294494629,2.1602799892425537,11694.0,21.110000610351562,3.2037200927734375,239.82699584960938
2014-09-02,10.667420387268066,2.158560037612915,11698.0,21.118099212646484,3.2004001140594482,239.28900146484375
2014-09-03,10.739299774169922,2.1727399826049805,11743.0,21.105300903320312,3.205399990081787,240.11000061035156
2014-09-04,10.671899795532227,2.15775990486145,11767.0,21.02519989013672,3.1880199909210205,238.6529998779297
2014-09-05,10.730500221252441,2.1628201007843018,11741.0,21.350000381469727,3.2381999492645264,242.08999633789062
2014-09-08,10.69480037689209,2.157560110092163,11722.0,21.292999267578125,3.22337007522583,241.96099853515625
2014-09-09,10.809000015258789,2.172450065612793,11713.0,21.389999389648438,3.2413699626922607,244.27999877929688
2014-09-10,10.90779972076416,2.1960299015045166,11775.0,21.39590072631836,3.2484500408172607,244.59300231933594
2014-09-11,10.934800148010254,2.1923699378967285,11805.0,21.360599517822266,3.2458999156951904,243.72500610351562
2014-09-12,10.962200164794922,2.1986000537872314,11830.0,21.34469985961914,3.2431700229644775,242.70599365234375
2014-09-15,11.029500007629395,2.2203500270843506,11885.0,21.266799926757812,3.239569902420044,242.8280029296875
2014-09-16,10.961999893188477,2.2127699851989746,11925.0,21.28860092163086,3.2407400608062744,242.7969970703125
2014-09-17,10.90742015838623,2.2031800746917725,11975.0,21.22760009765625,3.2301700115203857,242.03799438476562
2014-09-18,11.031399726867676,2.225059986114502,11962.0,21.408300399780273,3.2575299739837646,243.8260040283203
2014-09-19,11.074419975280762,2.224220037460327,11969.0,21.29170036315918,3.250920057296753,241.05999755859375
2014-09-22,11.05780029296875,2.2344300746917725,11983.0,21.441499710083008,3.256269931793213,242.2830047607422
2014-09-23,11.171299934387207,2.2400801181793213,11978.0,21.39430046081543,3.2535200119018555,242.84300231933594
2014-09-24,11.153120040893555,2.237070083618164,11970.0,21.42300033569336,3.245959997177124,241.72000122070312
2014-09-25,11.130419731140137,2.236949920654297,11943.0,21.52589988708496,3.262969970703125,242.38999938964844
2014-09-26,11.181099891662598,2.259730100631714,11968.0,21.546300888061523,3.2767701148986816,244.10400390625
2014-09-29,11.218000411987305,2.2639598846435547,12050.0,21.70509910583496,3.2977800369262695,246.02099609375
2014-09-30,11.26941967010498,2.2794299125671387,12132.0,21.684099197387695,3.2913999557495117,245.17999267578125
2014-10-01,11.281299591064453,2.277780055999756,12175.0,21.756500244140625,3.308769941329956,245.90899658203125
2014-10-02,11.258910179138184,2.283220052719116,12130.0,21.748600006103516,3.306809902191162,245.18600463867188
2014-10-03,11.186200141906738,2.267270088195801,12112.0,21.6914005279541,3.2921700477600098,244.50999450683594
2014-10-06,11.35159969329834,2.2933199405670166,12181.0,21.931400299072266,3.3462600708007812,247.35899353027344
2014-10-07,11.21465015411377,2.266580104827881,12147.0,21.703699111938477,3.30364990234375,243.11700439453125
2014-10-08,11.190699577331543,2.2740700244903564,12218.0,21.66469955444336,3.3026299476623535,242.9980010986328
2014-10-09,11.04971981048584,2.2619500160217285,12210.0,21.551000595092773,3.2746999263763428,240.73699951171875
2014-10-10,11.063819885253906,2.2699899673461914,12192.0,21.634000778198242,3.293100118637085,240.92100524902344
2014-10-13,11.098999977111816,2.2843799591064453,12210.0,21.754600524902344,3.310800075531006,241.59100341796875
2014-10-14,11.017600059509277,2.270359992980957,12200.0,21.625,3.296099901199341,240.3300018310547
2014-10-15,11.069600105285645,2.273289918899536,12188.0,21.782699584960938,3.3243799209594727,242.1490020751953
2014-10-16,11.06824016571045,2.2695701122283936,12227.0,21.468399047851562,3.289340019226074,239.5030059814453
2014-10-17,11.08080005645752,2.260859966278076,12210.0,21.45800018310547,3.301800012588501,239.58999633789062
2014-10-20,11.085419654846191,2.244839906692505,12102.0,21.555599212646484,3.30784010887146,239.63099670410156
2014-10-21,11.025199890136719,2.243259906768799,12008.0,21.537099838256836,3.301490068435669,239.77999877929688
2014-10-22,11.037699699401855,2.243839979171753,11987.0,21.694000244140625,3.318700075149536,240.6909942626953
2014-10-23,11.00492000579834,2.2452399730682373,11980.0,21.90290069580078,3.344330072402954,242.45399475097656
2014-10-24,10.971699714660645,2.2350499629974365,12032.0,21.87809944152832,3.340709924697876,243.00999450683594
2014-10-27,10.941800117492676,2.230910062789917,12075.0,21.804000854492188,3.3202600479125977,243.0540008544922
2014-10-28,10.951199531555176,2.229569911956787,12100.0,21.80660057067871,3.325540065765381,243.43800354003906
2014-10-29,10.845999717712402,2.2060298919677734,12137.0,21.788999557495117,3.3080101013183594,242.072998046875
2014-10-30,10.949549674987793,2.2144999504089355,12092.0,21.950000762939453,3.341670036315918,244.70899963378906
2014-10-31,10.86874008178711,2.198539972305298,12150.0,21.969999313354492,3.3387699127197266,244.1699981689453
2014-11-03,11.045599937438965,2.227260112762451,12070.0,22.21299934387207,3.3768999576568604,246.19400024414062
2014-11-04,11.065999984741211,2.2329599857330322,12107.0,22.201400756835938,3.377500057220459,246.8560028076172
2014-11-05,11.03872013092041,2.220720052719116,12110.0,22.108999252319336,3.3673999309539795,246.24000549316406
2014-11-06,11.13860034942627,2.2437899112701416,12175.0,22.250200271606445,3.3872599601745605,248.6479949951172
2014-11-07,11.255350112915039,2.266160011291504,12150.0,22.419700622558594,3.4045000076293945,250.1230010986328
2014-11-10,11.2322998046875,2.2559800148010254,12175.0,22.21940040588379,3.3906400203704834,247.55299377441406
2014-11-11,11.26200008392334,2.25819993019104,12145.0,22.191999435424805,3.39424991607666,247.03799438476562
2014-11-12,11.215200424194336,2.2554900646209717,12128.0,22.1200008392334,3.379270076751709,246.39500427246094
2014-11-13,11.197270393371582,2.2506299018859863,12187.0,22.212600708007812,3.3926000595092773,246.30799865722656
2014-11-14,11.211299896240234,2.242460012435913,12187.0,22.135900497436523,3.3956000804901123,244.95899963378906
2014-11-17,11.08329963684082,2.229480028152466,12200.0,22.087299346923828,3.375040054321289,244.47500610351562
2014-11-18,11.12012004852295,2.229979991912842,12195.0,22.210500717163086,3.3894999027252197,246.0189971923828
2014-11-19,11.024200439453125,2.220439910888672,12125.0,22.0935001373291,3.3610000610351562,243.91000366210938
2014-11-20,11.053250312805176,2.2309999465942383,12102.0,22.052499771118164,3.3645999431610107,243.24099731445312
2014-11-21,10.954500198364258,2.22025990486145,12133.0,22.036300659179688,3.357029914855957,242.58999633789062
2014-11-24,10.950400352478027,2.220979928970337,12133.0,22.338300704956055,3.392119884490967,245.6840057373047
2014-11-25,11.020170211791992,2.228800058364868,12133.0,22.152999877929688,3.374030113220215,245.6649932861328
2014-11-26,10.947150230407715,2.218369960784912,12133.0,22.08009910583496,3.345099925994873,245.05999755859375
2014-11-27,10.949440002441406,2.209559917449951,12175.0,22.036399841308594,3.3409299850463867,245.2989959716797
2014-11-28,10.972299575805664,2.205780029296875,12175.0,22.14240074157715,3.351560115814209,246.3159942626953
2014-12-01,11.090880393981934,2.219399929046631,12175.0,22.200899124145508,3.360059976577759,246.01199340820312
2014-12-02,11.000940322875977,2.213469982147217,12285.0,22.111000061035156,3.347399950027466,245.43899536132812
2014-12-03,11.11991024017334,2.2295100688934326,12285.0,22.282899856567383,3.3589398860931396,247.78500366210938
2014-12-04,11.214300155639648,2.2383599281311035,12285.0,22.412599563598633,3.370500087738037,249.08200073242188
2014-12-05,11.197919845581055,2.2332799434661865,12285.0,22.283000946044922,3.3550000190734863,247.59500122070312
2014-12-08,11.369600296020508,2.258929967880249,12285.0,22.438600540161133,3.380650043487549,248.57899475097656
2014-12-09,11.529899597167969,2.2675700187683105,12285.0,22.414600372314453,3.3770198822021484,248.36700439453125
2014-12-10,11.427800178527832,2.2649600505828857,12285.0,22.263599395751953,3.3526899814605713,246.77699279785156
2014-12-11,11.533769607543945,2.2647500038146973,12285.0,22.130300521850586,3.3470799922943115,245.9600067138672
2014-12-12,11.622520446777344,2.279939889907837,12463.0,22.2721004486084,3.3665900230407715,248.36599731445312
2014-12-15,11.560689926147461,2.302309989929199,12612.0,22.110000610351562,3.3548998832702637,246.97000122070312
2014-12-16,11.69729995727539,2.354749917984009,12850.0,22.144399642944336,3.358829975128174,248.1280059814453
2014-12-17,11.648920059204102,2.3595499992370605,12705.0,22.02389907836914,3.368809938430786,249.28199768066406
2014-12-18,11.632800102233887,2.3357300758361816,12673.0,22.34819984436035,3.429769992828369,254.27000427246094
2014-12-19,11.549619674682617,2.3216700553894043,12480.0,22.440500259399414,3.4572200775146484,255.906005859375
2014-12-22,11.570719718933105,2.312649965286255,12435.0,22.55780029296875,3.4837698936462402,257.9119873046875
2014-12-23,11.5623197555542,2.3127100467681885,12460.0,22.554399490356445,3.4851601123809814,256.48199462890625
2014-12-24,11.639510154724121,2.318660020828247,12415.0,22.730600357055664,3.5307400226593018,259.47900390625
2014-12-25,11.60342025756836,2.3133599758148193,12470.0,22.691099166870117,3.5579800605773926,259.4490051269531
2014-12-26,11.592100143432617,2.317739963531494,12470.0,22.693199157714844,3.549259901046753,259.3789978027344
2014-12-29,11.580750465393066,2.319770097732544,12405.0,22.777799606323242,3.5657200813293457,259.77099609375
2014-12-30,11.61439037322998,2.3167600631713867,12410.0,22.773300170898438,3.5350799560546875,258.6520080566406
2014-12-31,11.557700157165527,2.32273006439209,12420.0,22.762399673461914,3.5145699977874756,258.5559997558594
2015-01-01,11.449999809265137,2.331160068511963,12390.0,22.864599227905273,3.539220094680786,261.3299865722656
2015-01-02,11.553400039672852,2.330980062484741,12390.0,22.892099380493164,3.540250062942505,260.85400390625
2015-01-05,11.727700233459473,2.34224009513855,12480.0,23.14739990234375,3.5953400135040283,266.0
2015-01-06,11.695300102233887,2.330749988555908,12625.0,23.190399169921875,3.594899892807007,266.4179992675781
2015-01-07,11.720000267028809,2.3236100673675537,12635.0,23.274700164794922,3.6359000205993652,269.1440124511719
2015-01-08,11.6875,2.3175699710845947,12720.0,23.522499084472656,3.6266000270843506,268.50799560546875
2015-01-09,11.575750350952148,2.2981998920440674,12610.0,23.608999252319336,3.629199981689453,267.6499938964844
2015-01-12,11.474499702453613,2.2927699089050293,12565.0,23.691499710083008,3.596359968185425,266.99200439453125
2015-01-13,11.5201997756958,2.2842700481414795,12558.0,23.916500091552734,3.611799955368042,268.0899963378906
2015-01-14,11.493800163269043,2.282370090484619,12587.0,23.852100372314453,3.63565993309021,270.0920104980469
2015-01-15,11.439570426940918,2.281219959259033,12555.0,23.78230094909668,3.611020088195801,271.0150146484375
2015-01-16,11.541620254516602,2.3053200244903564,12469.0,23.92340087890625,3.698359966278076,276.01300048828125
2015-01-19,11.529899597167969,2.330970048904419,12580.0,24.076000213623047,3.726300001144409,275.739990234375
2015-01-20,11.625490188598633,2.331860065460205,12630.0,24.08449935913086,3.7326700687408447,275.656005859375
2015-01-21,11.585579872131348,2.3454599380493164,12562.0,24.118999481201172,3.751199960708618,273.3699951171875
2015-01-22,11.504300117492676,2.3489699363708496,12465.0,24.027999877929688,3.702399969100952,271.260009765625
2015-01-23,11.398699760437012,2.3262600898742676,12405.0,24.51460075378418,3.7465500831604004,275.1289978027344
2015-01-26,11.433320045471191,2.36296010017395,12423.0,24.851900100708008,3.7750000953674316,278.32000732421875
2015-01-27,11.452199935913086,2.3560099601745605,12487.0,24.64550018310547,3.743799924850464,276.1719970703125
2015-01-28,11.572199821472168,2.363140106201172,12450.0,24.535900115966797,3.7226600646972656,273.5690002441406
2015-01-29,11.569899559020996,2.3869199752807617,12455.0,24.541000366210938,3.757699966430664,276.5199890136719
2015-01-30,11.541099548339844,2.415489912033081,12570.0,24.475000381469727,3.7123000621795654,274.1400146484375
2015-02-02,11.625280380249023,2.440200090408325,12730.0,24.522499084472656,3.697269916534424,274.5639953613281
2015-02-03,11.501899719238281,2.430759906768799,12645.0,24.469200134277344,3.6907999515533447,273.7149963378906
2015-02-04,11.373800277709961,2.40159010887146,12575.0,24.215900421142578,3.638780117034912,269.33099365234375
2015-02-05,11.476799964904785,2.459939956665039,12625.0,24.496000289916992,3.6775600910186768,272.47900390625
2015-02-06,11.28812026977539,2.435810089111328,12587.0,24.155399322509766,3.6300199031829834,267.2950134277344
2015-02-09,11.498299598693848,2.4717600345611572,12633.0,24.451000213623047,3.6726999282836914,270.3999938964844
2015-02-10,11.574600219726562,2.4747300148010254,12665.0,24.447500228881836,3.6915700435638428,271.5249938964844
2015-02-11,11.679610252380371,2.494309902191162,12727.0,24.43000030517578,3.7044999599456787,272.5799865722656
2015-02-12,11.79740047454834,2.498110055923462,12805.0,24.405500411987305,3.71058988571167,273.1239929199219
2015-02-13,11.704230308532715,2.4674999713897705,12770.0,24.22960090637207,3.649970054626465,267.9930114746094
2015-02-16,11.644800186157227,2.455970048904419,12677.0,24.215700149536133,3.661220073699951,268.3559875488281
2015-02-17,11.634200096130371,2.454859972000122,12615.0,24.382299423217773,3.683300018310547,270.343994140625
2015-02-18,11.671529769897461,2.4514999389648438,12772.0,24.18000030517578,3.6725199222564697,269.8500061035156
2015-02-19,11.588700294494629,2.443310022354126,12810.0,23.885799407958984,3.668489933013916,268.17498779296875
2015-02-20,11.667400360107422,2.453200101852417,12885.0,24.04990005493164,3.667759895324707,268.6839904785156
2015-02-23,11.615900039672852,2.452500104904175,12813.0,24.15250015258789,3.6635000705718994,268.1709899902344
2015-02-24,11.625900268554688,2.471820116043091,12860.0,24.18549919128418,3.6875,269.4599914550781
2015-02-25,11.49174976348877,2.4628500938415527,12797.0,24.19540023803711,3.6663999557495117,269.0899963378906
2015-02-26,11.446200370788574,2.4872000217437744,12855.0,24.100500106811523,3.657409906387329,267.89300537109375
2015-02-27,11.52970027923584,2.504470109939575,12857.0,24.529399871826172,3.7028000354766846,270.09600830078125
2015-03-02,11.683699607849121,2.506089925765991,12978.0,24.61840057373047,3.713099956512451,271.1199951171875
2015-03-03,11.76990032196045,2.520709991455078,12995.0,24.58370018005371,3.717629909515381,272.572998046875
2015-03-04,11.743220329284668,2.53262996673584,12970.0,24.5447998046875,3.724560022354126,273.947998046875
2015-03-05,11.784310340881348,2.5620200634002686,13015.0,24.77039909362793,3.741260051727295,276.2980041503906
2015-03-06,11.833499908447266,2.6057300567626953,12900.0,24.71190071105957,3.752769947052002,276.3689880371094
2015-03-09,12.015000343322754,2.6226999759674072,13030.0,25.18869972229004,3.8086299896240234,281.1549987792969
2015-03-10,12.110300064086914,2.6031200885772705,13073.0,25.174999237060547,3.7980000972747803,281.697998046875
2015-03-11,12.351099967956543,2.6362900733947754,13070.0,25.46769905090332,3.8831000328063965,286.7099914550781
2015-03-12,12.254079818725586,2.6112399101257324,13175.0,25.83690071105957,3.906559944152832,287.37701416015625
2015-03-13,12.264200210571289,2.5859899520874023,13170.0,25.701200485229492,3.896399974822998,285.9800109863281
2015-03-16,12.442700386047363,2.629879951477051,13185.0,26.030000686645508,3.9579999446868896,291.5450134277344
2015-03-17,12.402700424194336,2.622889995574951,13195.0,25.756000518798828,3.9028000831604004,286.6839904785156
2015-03-18,12.350029945373535,2.6107499599456787,13120.0,25.66819953918457,3.9008800983428955,286.49798583984375
2015-03-19,12.08821964263916,2.5696499347686768,12880.0,25.161500930786133,3.8091399669647217,279.18701171875
2015-03-20,12.291219711303711,2.602289915084839,13058.0,25.697799682617188,3.8661999702453613,284.3299865722656
2015-03-23,12.030099868774414,2.5772199630737305,13025.0,25.345500946044922,3.817009925842285,279.98699951171875
2015-03-24,11.906399726867676,2.540570020675659,12943.0,24.98150062561035,3.7519800662994385,276.94000244140625
2015-03-25,11.815199851989746,2.5554299354553223,12905.0,25.115400314331055,3.7525599002838135,274.01300048828125
2015-03-26,11.840999603271484,2.5859899520874023,12930.0,24.947200775146484,3.7225399017333984,272.6700134277344
2015-03-27,11.975099563598633,2.6029999256134033,13010.0,25.211599349975586,3.7460999488830566,275.3999938964844
2015-03-30,12.039679527282715,2.6113998889923096,13035.0,25.22100067138672,3.7660200595855713,275.635009765625
2015-03-31,12.135299682617188,2.60260009765625,13087.0,25.3439998626709,3.7742700576782227,276.1969909667969
2015-04-01,12.131600379943848,2.5959599018096924,13060.0,25.649700164794922,3.7906999588012695,279.5870056152344
2015-04-02,11.986180305480957,2.596859931945801,12958.0,25.588600158691406,3.7685599327087402,277.59698486328125
2015-04-03,11.9343900680542,2.58870005607605,12985.0,25.319799423217773,3.740959882736206,275.5950012207031
2015-04-06,11.753470420837402,2.566270112991333,12965.0,25.001800537109375,3.6867599487304688,271.59600830078125
2015-04-07,11.804499626159668,2.570580005645752,12945.0,25.056499481201172,3.728450059890747,273.3179931640625
2015-04-08,11.880200386047363,2.600939989089966,12995.0,25.292800903320312,3.735100030899048,275.5899963378906
2015-04-09,11.814000129699707,2.59768009185791,12925.0,25.3656005859375,3.7128000259399414,274.8089904785156
2015-04-10,11.939680099487305,2.618769884109497,12935.0,25.683000564575195,3.7715001106262207,279.5199890136719
2015-04-13,11.976490020751953,2.626620054244995,12890.0,25.755399703979492,3.786940097808838,279.3529968261719
2015-04-14,12.125699996948242,2.6681900024414062,13045.0,25.84280014038086,3.786900043487549,280.5899963378906
2015-04-15,12.007960319519043,2.6868999004364014,12975.0,25.64299964904785,3.770979881286621,278.4549865722656
2015-04-16,12.05049991607666,2.6975600719451904,12897.0,25.690500259399414,3.7620599269866943,280.7449951171875
2015-04-17,11.945599555969238,2.680619955062866,12820.0,25.50200080871582,3.739799976348877,280.4949951171875
2015-04-20,12.046600341796875,2.6809298992156982,12800.0,25.364999771118164,3.7231600284576416,278.32000732421875
2015-04-21,12.1358003616333,2.6955299377441406,12970.0,25.476200103759766,3.7079598903656006,277.239990234375
2015-04-22,12.11497974395752,2.6844699382781982,12925.0,25.52079963684082,3.711709976196289,278.0
2015-04-23,12.216400146484375,2.7123000621795654,12900.0,25.537500381469727,3.7176499366760254,280.07501220703125
2015-04-24,12.149700164794922,2.7034499645233154,12930.0,25.336999893188477,3.6979000568389893,277.3999938964844
2015-04-27,12.11242961883545,2.7196600437164307,12942.0,25.227100372314453,3.7095000743865967,278.6619873046875
2015-04-28,11.99120044708252,2.6773200035095215,12927.0,25.270000457763672,3.66444993019104,275.8900146484375
2015-04-29,11.866900444030762,2.657259941101074,12935.0,24.983600616455078,3.643239974975586,274.239990234375
2015-04-30,11.804300308227539,2.656749963760376,12915.0,24.629499435424805,3.603260040283203,271.7070007324219
2015-05-01,11.88700008392334,2.6734800338745117,12957.0,24.4606990814209,3.5958199501037598,270.5299987792969
2015-05-04,12.045109748840332,2.711280107498169,12975.0,24.43600082397461,3.6321001052856445,271.1300048828125
2015-05-05,12.058719635009766,2.7133500576019287,12860.0,24.529399871826172,3.610650062561035,272.1889953613281
2015-05-06,11.977899551391602,2.705080032348633,13005.0,24.479400634765625,3.6039600372314453,271.27301025390625
2015-05-07,12.007399559020996,2.693589925765991,13004.0,24.144399642944336,3.563199996948242,269.17999267578125
2015-05-08,12.024800300598145,2.6877501010894775,13095.0,24.321500778198242,3.5960099697113037,269.635986328125
2015-05-11,11.935379981994629,2.690999984741211,13047.0,24.510000228881836,3.6253600120544434,270.1189880371094
2015-05-12,12.079620361328125,2.6924901008605957,13170.0,24.576499938964844,3.658099889755249,273.4549865722656
2015-05-13,12.037099838256836,2.660099983215332,13145.0,24.43429946899414,3.646929979324341,273.24798583984375
2015-05-14,11.885199546813965,2.629689931869507,13102.0,24.187000274658203,3.6053500175476074,271.1099853515625
2015-05-15,11.798489570617676,2.5910398960113525,13013.0,24.0846004486084,3.5670700073242188,268.510009765625
2015-05-18,11.781800270080566,2.576119899749756,13047.0,23.900800704956055,3.5292000770568848,267.70599365234375
2015-05-19,11.881199836730957,2.582200050354004,13162.0,24.170000076293945,3.5978000164031982,272.7309875488281
2015-05-20,11.893400192260742,2.591020107269287,13168.0,24.551000595092773,3.6321699619293213,274.1390075683594
2015-05-21,11.848389625549316,2.5782198905944824,13015.0,24.597999572753906,3.6750500202178955,276.489990234375
2015-05-22,11.840959548950195,2.59089994430542,13108.0,24.639999389648438,3.6793301105499268,276.7669982910156
2015-05-25,11.904879570007324,2.599440097808838,13140.0,24.933700561523438,3.756619930267334,279.656005859375
2015-05-26,11.936519622802734,2.614449977874756,13173.0,24.920000076293945,3.7374000549316406,280.6499938964844
2015-05-27,12.068300247192383,2.637079954147339,13217.0,25.20669937133789,3.8076999187469482,283.67999267578125
2015-05-28,12.023699760437012,2.641079902648926,13170.0,25.181100845336914,3.78439998626709,283.55999755859375
2015-05-29,12.127579689025879,2.6553099155426025,13165.0,25.033700942993164,3.7764699459075928,281.9330139160156
2015-06-01,12.139300346374512,2.6595699787139893,13200.0,25.00749969482422,3.746799945831299,281.864990234375
2015-06-02,12.267580032348633,2.6808199882507324,13188.0,25.098899841308594,3.7663300037384033,282.2550048828125
2015-06-03,12.184080123901367,2.6721599102020264,13150.0,24.621299743652344,3.693730115890503,279.7799987792969
2015-06-04,12.30128002166748,2.684530019760132,13230.0,24.40220069885254,3.6937499046325684,277.3219909667969
2015-06-05,12.372489929199219,2.6688199043273926,13275.0,24.45490074157715,3.7099900245666504,277.3349914550781
2015-06-08,12.600939750671387,2.7522900104522705,13388.0,24.674999237060547,3.7369000911712646,280.6159973144531
2015-06-09,12.476289749145508,2.7501800060272217,13310.0,24.29199981689453,3.7011899948120117,278.2090148925781
2015-06-10,12.422189712524414,2.7506399154663086,13345.0,24.259700775146484,3.6928000450134277,276.9440002441406
2015-06-11,12.343390464782715,2.7324299812316895,13205.0,24.088899612426758,3.6602001190185547,276.0710144042969
2015-06-12,12.332690238952637,2.7029099464416504,13230.0,24.26650047302246,3.673099994659424,276.4549865722656
2015-06-15,12.426679611206055,2.716140031814575,13315.0,24.300199508666992,3.686229944229126,278.65899658203125
2015-06-16,12.403070449829102,2.735729932785034,13320.0,24.16349983215332,3.680579900741577,276.94500732421875
2015-06-17,12.369649887084961,2.73334002494812,13340.0,24.24169921875,3.681999921798706,276.92999267578125
2015-06-18,12.28264045715332,2.7107698917388916,13330.0,23.950000762939453,3.6518099308013916,273.7139892578125
2015-06-19,12.24489974975586,2.714560031890869,13290.0,23.93869972229004,3.6654000282287598,274.8009948730469
2015-06-22,12.146980285644531,2.6933701038360596,13310.0,23.965700149536133,3.672950029373169,275.2929992675781
2015-06-23,12.100390434265137,2.667180061340332,13302.0,23.965999603271484,3.676640033721924,273.9540100097656
2015-06-24,12.156390190124512,2.6764800548553467,13250.0,24.33769989013672,3.722090005874634,277.03399658203125
2015-06-25,12.151590347290039,2.6774799823760986,13290.0,24.28700065612793,3.721750020980835,277.56298828125
2015-06-26,12.097390174865723,2.6539299488067627,13303.0,24.28529930114746,3.7213499546051025,278.6390075683594
2015-06-29,12.317099571228027,2.6986498832702637,13322.0,24.79490089416504,3.8114800453186035,286.12799072265625
2015-06-30,12.251489639282227,2.7032999992370605,13322.0,24.32670021057129,3.736340045928955,281.43798828125
2015-07-01,12.158140182495117,2.681030035018921,13342.0,24.458599090576172,3.763240098953247,282.4020080566406
2015-07-02,12.248000144958496,2.691610097885132,13318.0,24.695999145507812,3.792789936065674,284.12200927734375
2015-07-03,12.251489639282227,2.683619976043701,13260.0,24.549999237060547,3.778019905090332,283.91400146484375
2015-07-06,12.376580238342285,2.7152199745178223,13340.0,24.6476993560791,3.819000005722046,287.43499755859375
2015-07-07,12.387359619140625,2.6793100833892822,13340.0,24.561500549316406,3.8008999824523926,286.02301025390625
2015-07-08,12.435489654541016,2.686530113220215,13325.0,24.623300552368164,3.821540117263794,287.9809875488281
2015-07-09,12.57112979888916,2.6844699382781982,13335.0,24.508899688720703,3.822580099105835,287.0899963378906
2015-07-10,12.488940238952637,2.674269914627075,13303.0,24.48859977722168,3.8078598976135254,284.77899169921875
2015-07-13,12.464110374450684,2.668489933013916,13278.0,24.317800521850586,3.749840021133423,280.6099853515625
2015-07-14,12.455039978027344,2.6459898948669434,13280.0,24.642799377441406,3.7621800899505615,282.1340026855469
2015-07-15,12.33018970489502,2.631319999694824,13305.0,24.559999465942383,3.7520198822021484,282.16400146484375
2015-07-16,12.40587043762207,2.6464500427246094,13338.0,24.719999313354492,3.7737600803375244,282.83099365234375
2015-07-17,12.389869689941406,2.6570301055908203,13331.0,24.870800018310547,3.775279998779297,284.1700134277344
2015-07-20,12.360580444335938,2.656630039215088,13350.0,24.94540023803711,3.787339925765991,285.15899658203125
2015-07-21,12.430700302124023,2.693700075149536,13340.0,24.99049949645996,3.805000066757202,285.8949890136719
2015-07-22,12.323769569396973,2.6839399337768555,13335.0,24.77050018310547,3.7774300575256348,281.6520080566406
2015-07-23,12.395270347595215,2.7066900730133057,13400.0,24.74169921875,3.7662200927734375,281.7489929199219
2015-07-24,12.438199996948242,2.7330501079559326,13430.0,24.596500396728516,3.7444000244140625,282.2489929199219
2015-07-27,12.60949993133545,2.744189977645874,13430.0,24.610300064086914,3.773979902267456,283.7139892578125
2015-07-28,12.623470306396484,2.7681798934936523,13465.0,24.369300842285156,3.712939977645874,279.64300537109375
2015-07-29,12.554129600524902,2.7572999000549316,13290.0,24.412799835205078,3.721369981765747,279.2850036621094
2015-07-30,12.547980308532715,2.7657599449157715,13460.0,24.653400421142578,3.7537600994110107,281.4949951171875
2015-07-31,12.692620277404785,2.7876598834991455,13492.0,24.709999084472656,3.7832000255584717,282.12200927734375
2015-08-03,12.685210227966309,2.7670700550079346,13425.0,24.66550064086914,3.7748000621795654,279.97601318359375
2015-08-04,12.68278980255127,2.777329921722412,13440.0,24.6648006439209,3.783720016479492,280.5400085449219
2015-08-05,12.735099792480469,2.779400110244751,13485.0,24.8356990814209,3.8400800228118896,284.6029968261719
2015-08-06,12.773380279541016,2.7850399017333984,13517.0,24.781999588012695,3.8231699466705322,283.6050109863281
2015-08-07,12.706620216369629,2.775279998779297,13465.0,24.731700897216797,3.8335700035095215,284.6289978027344
2015-08-10,12.63949966430664,2.779670000076294,13465.0,24.635000228881836,3.81643009185791,283.1390075683594
2015-08-11,12.65762996673584,2.766900062561035,13467.0,24.52869987487793,3.8114399909973145,282.5530090332031
2015-08-12,12.776300430297852,2.7785799503326416,13605.0,24.457799911499023,3.79830002784729,282.0379943847656
2015-08-13,12.749629974365234,2.7753500938415527,13745.0,24.210800170898438,3.750540018081665,278.7130126953125
2015-08-14,12.788840293884277,2.8230600357055664,13675.0,24.190799713134766,3.744529962539673,277.4670104980469
2015-08-17,12.817830085754395,2.8320000171661377,13715.0,24.343599319458008,3.766309976577759,279.52099609375
2015-08-18,12.893610000610352,2.8687500953674316,13830.0,24.37579917907715,3.7562100887298584,279.0329895019531
2015-08-19,12.89490032196045,2.891319990158081,13828.0,24.486000061035156,3.774060010910034,280.2699890136719
2015-08-20,12.873700141906738,2.9261999130249023,13748.0,24.297700881958008,3.755120038986206,278.66400146484375
2015-08-21,12.932180404663086,2.916640043258667,13885.0,24.034900665283203,3.7299299240112305,277.58099365234375
2015-08-24,13.420379638671875,2.954200029373169,13815.0,23.750699996948242,3.7076499462127686,275.5820007324219
2015-08-25,13.225299835205078,2.946959972381592,13915.0,23.33370018005371,3.6538798809051514,270.2669982910156
2015-08-26,13.180299758911133,2.940500020980835,13800.0,23.41160011291504,3.6621999740600586,271.67999267578125
2015-08-27,13.079930305480957,2.927449941635132,13960.0,23.882699966430664,3.7298901081085205,278.677001953125
2015-08-28,13.127300262451172,2.90939998626709,13795.0,24.05660057067871,3.7618000507354736,279.62799072265625
2015-08-31,13.296649932861328,2.9180500507354736,13910.0,24.10070037841797,3.7581000328063965,279.6990051269531
2015-09-01,13.266070365905762,2.915950059890747,14000.0,24.06679916381836,3.7617299556732178,279.24200439453125
2015-09-02,13.41547966003418,2.9318900108337402,13988.0,23.9237003326416,3.7603600025177,278.2130126953125
2015-09-03,13.412969589233398,2.941740036010742,14050.0,24.081499099731445,3.771430015563965,279.3970031738281
2015-09-04,13.572879791259766,2.9702999591827393,14065.0,24.27989959716797,3.788019895553589,280.8819885253906
2015-09-07,13.888480186462402,3.0353500843048096,14190.0,24.22570037841797,3.781100034713745,281.21099853515625
2015-09-08,13.94297981262207,3.0300400257110596,14275.0,24.209800720214844,3.7948999404907227,281.3299865722656
2015-09-09,13.687700271606445,3.0090999603271484,14160.0,24.127700805664062,3.7690000534057617,279.55999755859375
2015-09-10,13.890279769897461,3.0465500354766846,14250.0,24.106700897216797,3.7544798851013184,280.60101318359375
2015-09-11,13.618499755859375,3.017280101776123,14235.0,23.94300079345703,3.7306599617004395,279.2590026855469
2015-09-14,13.53577995300293,3.035799980163574,14270.0,23.873699188232422,3.704770088195801,275.76300048828125
2015-09-15,13.481169700622559,3.055999994277954,14310.0,23.901399612426758,3.719899892807007,276.9209899902344
2015-09-16,13.458499908447266,3.0297000408172607,14400.0,24.016399383544922,3.723299980163574,276.7650146484375
2015-09-17,13.264800071716309,2.9977099895477295,14377.0,23.992700576782227,3.722559928894043,276.010009765625
2015-09-18,13.280280113220215,3.0071499347686768,14225.0,23.757299423217773,3.6799800395965576,271.7099914550781
2015-09-21,13.292530059814453,3.004349946975708,14403.0,23.95359992980957,3.7184998989105225,275.27899169921875
2015-09-22,13.462200164794922,3.003499984741211,14470.0,24.165300369262695,3.7390799522399902,277.5090026855469
2015-09-23,13.679619789123535,3.026819944381714,14595.0,24.356000900268555,3.7790400981903076,279.70599365234375
2015-09-24,13.867879867553711,3.0371100902557373,14640.0,24.287900924682617,3.771850109100342,278.7040100097656
2015-09-25,13.869999885559082,3.047290086746216,14670.0,24.37849998474121,3.7776598930358887,280.9110107421875
2015-09-28,13.8618803024292,3.0427401065826416,14617.0,24.28580093383789,3.765510082244873,280.427001953125
2015-09-29,14.05739974975586,3.0529000759124756,14697.0,24.24570083618164,3.7726500034332275,279.9700012207031
2015-09-30,13.968379974365234,3.038140058517456,14680.0,24.164199829101562,3.761359930038452,278.5570068359375
2015-10-01,13.825779914855957,3.023319959640503,14552.0,24.326900482177734,3.8000099658966064,280.6570129394531
2015-10-02,13.919280052185059,3.0246100425720215,14665.0,24.24090003967285,3.7919700145721436,279.25299072265625
2015-10-05,13.743379592895508,2.996299982070923,14605.0,24.173500061035156,3.781450033187866,277.989013671875
2015-10-06,13.61847972869873,2.981920003890991,14433.0,24.21500015258789,3.789249897003174,278.69000244140625
2015-10-07,13.516830444335938,2.9560000896453857,14060.0,24.02519989013672,3.7604100704193115,276.0710144042969
2015-10-08,13.466930389404297,2.937999963760376,13865.0,24.125900268554688,3.7649600505828857,277.8340148925781
2015-10-09,13.299180030822754,2.8928699493408203,13410.0,24.0314998626709,3.7289199829101562,275.97198486328125
2015-10-12,13.346420288085938,2.933039903640747,13320.0,23.82819938659668,3.7058699131011963,273.61199951171875
2015-10-13,13.329779624938965,2.9286000728607178,13502.0,23.840900421142578,3.716370105743408,272.7340087890625
2015-10-14,13.533340454101562,2.960930109024048,13650.0,23.82509994506836,3.715830087661743,273.3529968261719
2015-10-15,13.210579872131348,2.9116899967193604,13260.0,23.601699829101562,3.681299924850464,269.73199462890625
2015-10-16,13.041489601135254,2.8785998821258545,13400.0,23.809999465942383,3.720060110092163,272.1000061035156
2015-10-19,13.083640098571777,2.894010066986084,13475.0,23.82080078125,3.725029945373535,272.1860046386719
2015-10-20,13.286199569702148,2.905100107192993,13650.0,23.890499114990234,3.74603009223938,273.4429931640625
2015-10-21,13.281490325927734,2.899970054626465,13733.0,23.830299377441406,3.7506000995635986,273.2919921875
2015-10-22,13.51471996307373,2.895210027694702,13700.0,23.84079933166504,3.7802600860595703,274.5400085449219
2015-10-23,13.420649528503418,2.871880054473877,13478.0,24.423999786376953,3.838249921798706,279.8169860839844
2015-10-26,13.610300064086914,2.9100100994110107,13520.0,24.5718994140625,3.868540048599243,282.489990234375
2015-10-27,13.6260404586792,2.888129949569702,13610.0,24.4768009185791,3.8627700805664062,281.3869934082031
2015-10-28,13.690130233764648,2.9041500091552734,13650.0,24.548500061035156,3.876610040664673,282.2099914550781
2015-10-29,13.718199729919434,2.9197499752044678,13602.0,24.775400161743164,3.918260097503662,284.6600036621094
2015-10-30,13.886300086975098,2.9347000122070312,13602.0,24.631200790405273,3.889620065689087,281.9549865722656
2015-11-02,13.784299850463867,2.8469998836517334,13630.0,24.56279945373535,3.8483800888061523,281.20001220703125
2015-11-03,13.78678035736084,2.8238298892974854,13580.0,24.579299926757812,3.859380006790161,283.7359924316406
2015-11-04,13.75868034362793,2.8281400203704834,13395.0,24.67970085144043,3.874660015106201,285.302001953125
2015-11-05,13.941800117492676,2.8633999824523926,13455.0,24.8799991607666,3.9052600860595703,289.0199890136719
2015-11-06,13.880669593811035,2.8589999675750732,13525.0,24.84950065612793,3.9038000106811523,287.9580078125
2015-11-09,14.141799926757812,2.9200899600982666,13610.0,25.17169952392578,3.9753000736236572,292.6199951171875
2015-11-10,14.291950225830078,2.919830083847046,13645.0,25.109500885009766,3.9539899826049805,291.17498779296875
2015-11-11,14.247929573059082,2.914060115814209,13560.0,25.167800903320312,3.943650007247925,290.9670104980469
2015-11-12,14.149499893188477,2.8732199668884277,13525.0,25.096599578857422,3.919029951095581,289.45098876953125
2015-11-13,14.298379898071289,2.862920045852661,13610.0,24.989999771118164,3.91195011138916,288.9729919433594
2015-11-16,14.381669998168945,2.877929925918579,13743.0,25.252199172973633,3.959350109100342,291.0010070800781
2015-11-17,14.329139709472656,2.881230115890503,13708.0,25.288799285888672,3.9704999923706055,291.50299072265625
2015-11-18,14.269579887390137,2.869040012359619,13720.0,25.389999389648438,3.9873499870300293,292.1449890136719
2015-11-19,14.16189956665039,2.8603599071502686,13705.0,25.319799423217773,3.9786500930786133,290.7080078125
2015-11-20,14.010499954223633,2.843519926071167,13655.0,25.193099975585938,3.9616498947143555,289.09100341796875
2015-11-23,13.974780082702637,2.8299400806427,13540.0,25.40169906616211,3.984760046005249,291.7919921875
2015-11-24,14.079219818115234,2.8495500087738037,13665.0,25.388200759887695,3.9951601028442383,292.9219970703125
2015-11-25,14.011249542236328,2.874000072479248,13620.0,25.383699417114258,4.002240180969238,292.79400634765625
2015-11-26,14.122980117797852,2.883699893951416,13590.0,25.431299209594727,4.016499996185303,293.6889953613281
2015-11-27,14.28048038482666,2.9280900955200195,13735.0,25.471900939941406,4.026209831237793,293.968994140625
2015-11-30,14.375200271606445,2.925649881362915,13638.0,25.507099151611328,4.029049873352051,294.2099914550781
2015-12-01,14.420999526977539,2.910449981689453,13883.0,25.566999435424805,4.037059783935547,293.885986328125
2015-12-02,14.442480087280273,2.8882598876953125,13820.0,25.428699493408203,4.0279998779296875,293.9429931640625
2015-12-03,14.348400115966797,2.8880999088287354,13807.0,25.456499099731445,4.029329776763916,292.1050109863281
2015-12-04,14.348799705505371,2.882390022277832,13695.0,24.769800186157227,3.955859899520874,286.37799072265625
2015-12-07,14.324410438537598,2.8891899585723877,13758.0,24.8262996673584,3.9522199630737305,286.84698486328125
2015-12-08,14.508429527282715,2.91117000579834,13870.0,24.939599990844727,3.9885900020599365,288.81500244140625
2015-12-09,14.596199989318848,2.9098401069641113,13979.0,24.79050064086914,3.986109972000122,287.885986328125
2015-12-10,14.880720138549805,2.912600040435791,13920.0,24.5231990814209,3.944420099258423,286.5830078125
2015-12-11,15.397600173950195,2.924329996109009,13925.0,24.680400848388672,3.967020034790039,289.9070129394531
2015-12-14,15.346480369567871,2.967989921569824,14130.0,24.592899322509766,3.971329927444458,288.239990234375
2015-12-15,15.092080116271973,2.983989953994751,13997.0,24.567800521850586,3.96875,288.3949890136719
2015-12-16,14.89657974243164,2.962599992752075,13970.0,24.706499099731445,3.937000036239624,288.5400085449219
2015-12-17,14.973600387573242,2.934999942779541,13760.0,24.84869956970215,3.9462199211120605,290.24700927734375
2015-12-18,15.201580047607422,2.9249000549316406,14020.0,24.91189956665039,3.9635701179504395,292.0870056152344
2015-12-21,15.084480285644531,2.910259962081909,13865.0,24.86210060119629,3.9260001182556152,288.7250061035156
2015-12-22,15.081979751586914,2.911250114440918,13760.0,24.76569938659668,3.8960700035095215,287.05999755859375
2015-12-23,15.159629821777344,2.9302499294281006,13645.0,24.672500610351562,3.8776700496673584,286.60101318359375
2015-12-24,15.210359573364258,2.9168999195098877,13625.0,24.766700744628906,3.886399984359741,288.24798583984375
2015-12-25,15.248869895935059,2.9151699542999268,13630.0,24.637100219726562,3.8611600399017334,288.4010009765625
2015-12-28,15.241239547729492,2.915369987487793,13630.0,24.63629913330078,3.8638598918914795,287.78399658203125
2015-12-29,15.269439697265625,2.905400037765503,13495.0,24.616500854492188,3.867650032043457,285.7619934082031
2015-12-30,15.28203010559082,2.9047999382019043,13682.0,24.733200073242188,3.8701601028442383,286.322998046875
2015-12-31,15.534799575805664,2.9200899600982666,13845.0,24.707700729370117,3.892699956893921,286.4079895019531
2016-01-01,15.460000038146973,2.911900043487549,13775.0,24.878799438476562,3.9498701095581055,290.89599609375
2016-01-04,15.460639953613281,2.9161500930786133,13775.0,24.898700714111328,3.922499895095825,290.2090148925781
2016-01-05,15.52299976348877,2.964319944381714,13957.0,24.957799911499023,3.9686999320983887,290.1839904785156
2016-01-06,15.637649536132812,2.9850399494171143,13805.0,25.127099990844727,4.003550052642822,291.4580078125
2016-01-07,15.857879638671875,3.000999927520752,13905.0,25.07900047302246,4.033239841461182,291.8689880371094
2016-01-08,16.058679580688477,3.0004000663757324,13930.0,24.74850082397461,3.9771599769592285,287.6470031738281
2016-01-11,16.81719970703125,3.0348000526428223,13890.0,24.699899673461914,3.986530065536499,289.0190124511719
2016-01-12,16.849239349365234,3.034290075302124,13805.0,24.884599685668945,4.00669002532959,292.427001953125
2016-01-13,16.625499725341797,3.0319600105285645,13795.0,24.92569923400879,4.01531982421875,291.69500732421875
2016-01-14,16.570999145507812,3.027100086212158,13847.0,24.81909942626953,3.998430013656616,289.79901123046875
2016-01-15,16.420679092407227,3.0234999656677246,13825.0,24.882600784301758,4.045889854431152,289.7510070800781
2016-01-18,16.870370864868164,3.0500600337982178,13973.0,24.737300872802734,4.0986199378967285,288.5799865722656
2016-01-19,16.83909034729004,3.034830093383789,13925.0,24.80419921875,4.094329833984375,289.4590148925781
2016-01-20,16.734270095825195,3.0374200344085693,13830.0,24.768699645996094,4.077060222625732,288.739990234375
2016-01-21,16.709999084472656,3.040750026702881,13825.0,24.850799560546875,4.1265997886657715,289.2090148925781
2016-01-22,16.520910263061523,3.015929937362671,13769.0,24.902299880981445,4.134069919586182,289.2120056152344
2016-01-25,16.406980514526367,3.002350091934204,13747.0,25.012500762939453,4.122000217437744,288.34698486328125
2016-01-26,16.53639030456543,3.0218100547790527,13830.0,24.8799991607666,4.124300003051758,287.44000244140625
2016-01-27,16.355560302734375,3.006769895553589,13880.0,24.868600845336914,4.090320110321045,287.0400085449219
2016-01-28,16.438579559326172,2.9990200996398926,13802.0,24.77549934387207,4.105999946594238,287.7829895019531
2016-01-29,16.16699981689453,2.969510078430176,13765.0,24.701099395751953,4.073820114135742,286.27099609375
2016-02-01,15.86128044128418,2.9544999599456787,13675.0,24.95870018005371,4.0778398513793945,287.12298583984375
2016-02-02,15.920080184936523,2.945349931716919,13630.0,24.791500091552734,4.032489776611328,284.72698974609375
2016-02-03,16.28569984436035,2.952660083770752,13730.0,24.742399215698242,4.032199859619141,285.6109924316406
2016-02-04,15.932290077209473,2.9147000312805176,13582.0,24.356700897216797,3.9830799102783203,280.47198486328125
2016-02-05,15.842849731445312,2.9116098880767822,13612.0,24.12420082092285,3.9480299949645996,277.1809997558594
2016-02-08,16.00649070739746,2.9143800735473633,13585.0,24.294700622558594,3.9548499584198,277.427001953125
2016-02-09,16.115970611572266,2.9459099769592285,13676.0,24.183399200439453,3.974630117416382,277.71099853515625
2016-02-10,16.045320510864258,2.9380500316619873,13560.0,23.935699462890625,3.9331700801849365,276.0069885253906
2016-02-11,15.900349617004395,2.919100046157837,13455.0,23.959699630737305,3.9052999019622803,275.9649963378906
2016-02-12,15.824299812316895,2.9306800365448,13480.0,23.877300262451172,3.904510021209717,274.60101318359375
2016-02-15,15.866080284118652,2.93530011177063,13465.0,24.083999633789062,3.9165000915527344,275.86700439453125
2016-02-16,15.714179992675781,2.9457199573516846,13275.0,24.17729949951172,3.9331300258636475,276.8429870605469
2016-02-17,15.77280044555664,2.9763200283050537,13397.0,24.240800857543945,3.9549999237060547,278.92401123046875
2016-02-18,15.459799766540527,2.954900026321411,13500.0,24.295499801635742,3.9518399238586426,278.5690002441406
2016-02-19,15.380000114440918,2.9677999019622803,13415.0,24.320999145507812,3.9547500610351562,279.0769958496094
2016-02-22,15.377599716186523,2.9509599208831787,13427.0,24.291000366210938,3.9291999340057373,277.27899169921875
2016-02-23,15.18336009979248,2.9347000122070312,13385.0,24.5310001373291,3.951200008392334,278.4460144042969
2016-02-24,15.229100227355957,2.9410300254821777,13410.0,24.50909996032715,3.9718499183654785,278.9519958496094
2016-02-25,15.596980094909668,2.9359099864959717,13385.0,24.55470085144043,3.9674599170684814,281.1369934082031
2016-02-26,15.585180282592773,2.9268200397491455,13430.0,24.542699813842773,3.947629928588867,282.3970031738281
2016-02-29,16.1600399017334,2.987950086593628,13425.0,24.732999801635742,3.991260051727295,284.8349914550781
2016-03-01,15.840279579162598,2.9629499912261963,13365.0,24.85300064086914,3.9944100379943848,284.58599853515625
2016-03-02,15.569860458374023,2.9344899654388428,13246.0,24.854700088500977,3.9797298908233643,284.656005859375
2016-03-03,15.54973030090332,2.9251699447631836,13249.0,24.891599655151367,3.9711599349975586,285.49700927734375
2016-03-04,15.58810043334961,2.9099700450897217,13140.0,24.696399688720703,3.9603099822998047,282.8169860839844
2016-03-07,15.303150177001953,2.9048800468444824,13028.0,24.597700119018555,3.930000066757202,280.114990234375
2016-03-08,15.24158000946045,2.9154000282287598,13000.0,24.567699432373047,3.9302000999450684,281.29901123046875
2016-03-09,15.420379638671875,2.9117701053619385,13181.0,24.57740020751953,3.9280600547790527,281.64300537109375
2016-03-10,15.21030044555664,2.8930599689483643,13100.0,24.61549949645996,3.928849935531616,281.18701171875
2016-03-11,15.363419532775879,2.891050100326538,13130.0,24.2101993560791,3.8742899894714355,278.239013671875
2016-03-14,15.226180076599121,2.871809959411621,12943.0,24.21940040588379,3.8426599502563477,277.5090026855469
2016-03-15,15.522430419921875,2.8708200454711914,12980.0,24.3528995513916,3.852400064468384,279.0260009765625
2016-03-16,15.957799911499023,2.8968698978424072,13123.0,24.332199096679688,3.860960006713867,279.5669860839844
2016-03-17,15.67747974395752,2.8691399097442627,12770.0,24.1156005859375,3.821000099182129,277.552001953125
2016-03-18,15.16897964477539,2.8422698974609375,12935.0,23.888999938964844,3.7766098976135254,274.11700439453125
2016-03-21,15.279359817504883,2.8701400756835938,13038.0,23.96660041809082,3.780100107192993,274.66400146484375
2016-03-22,15.223369598388672,2.8630800247192383,13183.0,24.052499771118164,3.7890000343322754,276.4469909667969
2016-03-23,15.194080352783203,2.8677499294281006,13101.0,24.087499618530273,3.790560007095337,277.4939880371094
2016-03-24,15.339099884033203,2.875459909439087,13215.0,24.192699432373047,3.811500072479248,280.0169982910156
2016-03-25,15.435079574584961,2.8754799365997314,13233.0,24.226699829101562,3.819159984588623,280.7619934082031
2016-03-28,15.423450469970703,2.874269962310791,13170.0,24.237899780273438,3.8178598880767822,280.8500061035156
2016-03-29,15.437549591064453,2.868340015411377,13278.0,24.161500930786133,3.794179916381836,279.6340026855469
2016-03-30,15.200579643249512,2.8404200077056885,13180.0,23.960399627685547,3.7583000659942627,277.2959899902344
2016-03-31,14.909500122070312,2.833009958267212,13240.0,23.86440086364746,3.767859935760498,277.6579895019531
2016-04-01,14.63418960571289,2.8169000148773193,13158.0,23.759199142456055,3.7248899936676025,275.6400146484375
2016-04-04,14.69159984588623,2.822999954223633,13127.0,23.71969985961914,3.7255899906158447,275.1369934082031
2016-04-05,14.770999908447266,2.8112399578094482,13140.0,23.736799240112305,3.7223100662231445,274.22698974609375
2016-04-06,15.083450317382812,2.829890012741089,13210.0,23.748699188232422,3.744800090789795,274.9949951171875
2016-04-07,15.079170227050781,2.839060068130493,13172.0,23.697500228881836,3.7422900199890137,273.5740051269531
2016-04-08,15.244979858398438,2.863800048828125,13172.0,23.75,3.7776598930358887,274.3280029296875
2016-04-11,14.921930313110352,2.8496201038360596,13115.0,23.689699172973633,3.7643001079559326,273.82501220703125
2016-04-12,14.754670143127441,2.82778000831604,13095.0,23.679000854492188,3.745650053024292,273.0320129394531
2016-04-13,14.701549530029297,2.832900047302246,13073.0,23.733699798583984,3.7647600173950195,273.2669982910156
2016-04-14,14.524200439453125,2.8441998958587646,13145.0,23.959999084472656,3.801100015640259,275.4880065917969
2016-04-15,14.541600227355957,2.8498499393463135,13172.0,23.976499557495117,3.813620090484619,276.03399658203125
2016-04-18,14.682589530944824,2.8524999618530273,13130.0,23.919200897216797,3.7993600368499756,275.0920104980469
2016-04-19,14.45734977722168,2.8381199836730957,13104.0,23.88909912109375,3.809040069580078,274.7099914550781
2016-04-20,14.287179946899414,2.8299999237060547,13086.0,23.784299850463867,3.782259941101074,272.6499938964844
2016-04-21,14.199999809265137,2.8104300498962402,13166.0,23.902099609375,3.7780799865722656,273.3210144042969
2016-04-22,14.312700271606445,2.8310999870300293,13172.0,23.927900314331055,3.828119993209839,274.135986328125
2016-04-25,14.377750396728516,2.8454298973083496,13195.0,24.062999725341797,3.8825700283050537,276.2120056152344
2016-04-26,14.433879852294922,2.8432199954986572,13190.0,23.980600357055664,3.9121499061584473,276.5039978027344
2016-04-27,14.379070281982422,2.8194799423217773,13160.0,23.93269920349121,3.870699882507324,275.5690002441406
2016-04-28,14.354000091552734,2.8171699047088623,13155.0,23.86050033569336,3.8696999549865723,274.8810119628906
2016-04-29,14.285759925842285,2.811110019683838,13170.0,23.80769920349121,3.8694100379943848,274.0799865722656
2016-05-02,14.176859855651855,2.792409896850586,13175.0,23.589599609375,3.8121299743652344,271.9309997558594
2016-05-03,14.255999565124512,2.803499937057495,13095.0,23.445499420166016,3.7999000549316406,269.80499267578125
2016-05-04,14.63617992401123,2.844949960708618,13185.0,23.497299194335938,3.8207099437713623,271.34600830078125
2016-05-05,14.9470796585083,2.954349994659424,13350.0,23.5177001953125,3.8285000324249268,272.2820129394531
2016-05-06,14.947669982910156,2.928070068359375,13345.0,23.69529914855957,3.858959913253784,274.0220031738281
2016-05-09,14.819000244140625,2.9231998920440674,13310.0,23.72170066833496,3.8888399600982666,275.5469970703125
2016-05-10,15.138190269470215,2.941849946975708,13377.0,23.729299545288086,3.891550064086914,277.0849914550781
2016-05-11,15.093099594116211,2.9491000175476074,13298.0,23.75149917602539,3.8801798820495605,276.50201416015625
2016-05-12,15.011409759521484,2.9519500732421875,13247.0,23.645999908447266,3.8727500438690186,276.37298583984375
2016-05-13,15.037830352783203,2.9616100788116455,13255.0,23.752099990844727,3.8769900798797607,277.21600341796875
2016-05-16,15.457989692687988,2.9714300632476807,13332.0,23.87299919128418,3.872380018234253,278.5010070800781
2016-05-17,15.639479637145996,2.973900079727173,13320.0,23.878400802612305,3.8634700775146484,278.46099853515625
2016-05-18,15.613980293273926,2.967400074005127,13318.0,23.875999450683594,3.86122989654541,278.4419860839844
2016-05-19,15.863180160522461,2.986330032348633,13435.0,24.077600479125977,3.9200899600982666,281.9679870605469
2016-05-20,15.78950023651123,2.988110065460205,13595.0,24.109500885009766,3.936530113220215,282.385986328125
2016-05-23,15.619500160217285,2.9744999408721924,13605.0,24.084999084472656,3.9316298961639404,280.7449951171875
2016-05-24,15.720250129699707,2.995270013809204,13540.0,24.106700897216797,3.9631900787353516,282.9540100097656
2016-05-25,15.650079727172852,2.948319911956787,13570.0,24.26580047607422,3.9700300693511963,283.1700134277344
2016-05-26,15.652469635009766,2.939120054244995,13608.0,24.216899871826172,3.9489099979400635,281.5989990234375
2016-05-27,15.517680168151855,2.937649965286255,13549.0,24.14299964904785,3.9331400394439697,280.4079895019531
2016-05-30,15.702099800109863,2.959249973297119,13560.0,24.31399917602539,3.94950008392334,282.6199951171875
2016-05-31,15.803720474243164,2.9532699584960938,13631.0,24.230300903320312,3.941240072250366,281.46600341796875
2016-06-01,15.711660385131836,2.946700096130371,13643.0,24.265600204467773,3.940579891204834,281.57000732421875
2016-06-02,15.581330299377441,2.942460060119629,13610.0,24.156400680541992,3.919100046157837,280.29400634765625
2016-06-03,15.555999755859375,2.9481799602508545,13610.0,24.22800064086914,3.9307100772857666,280.2869873046875
2016-06-06,15.114990234375,2.906909942626953,13418.0,23.807300567626953,3.864609956741333,275.10400390625
2016-06-07,14.888999938964844,2.905319929122925,13347.0,23.776599884033203,3.8333699703216553,273.635009765625
2016-06-08,14.91804027557373,2.8961598873138428,13227.0,23.787500381469727,3.8322300910949707,273.26800537109375
2016-06-09,14.731659889221191,2.891279935836792,13205.0,23.686399459838867,3.787909984588623,272.156005859375
2016-06-10,14.808540344238281,2.894629955291748,13250.0,23.883699417114258,3.8304100036621094,274.8840026855469
2016-06-13,15.226149559020996,2.929409980773926,13326.0,24.044099807739258,3.8786399364471436,277.385009765625
2016-06-14,15.124480247497559,2.9219799041748047,13321.0,23.937400817871094,3.9083499908447266,276.8429870605469
2016-06-15,15.333800315856934,2.9344799518585205,13350.0,24.12619972229004,3.947809934616089,280.0880126953125
2016-06-16,15.170880317687988,2.9228100776672363,13320.0,24.04319953918457,3.929610013961792,278.9410095214844
2016-06-17,15.320090293884277,2.9296200275421143,13386.0,24.039199829101562,3.9288198947906494,278.9179992675781
2016-06-20,15.035880088806152,2.91129994392395,13332.0,23.841699600219727,3.883650064468384,276.4110107421875
2016-06-21,14.82367992401123,2.901319980621338,13250.0,23.886600494384766,3.8717598915100098,276.2279968261719
2016-06-22,14.750080108642578,2.9114999771118164,13255.0,24.051700592041016,3.9063398838043213,279.5570068359375
2016-06-23,14.565979957580566,2.8893001079559326,13195.0,23.88990020751953,3.8573100566864014,277.17999267578125
2016-06-24,14.5493803024292,2.8641700744628906,13250.0,23.896499633789062,3.859999895095825,276.8949890136719
2016-06-27,15.201919555664062,2.9411299228668213,13375.0,24.541900634765625,4.038519859313965,287.49798583984375
2016-06-28,15.393250465393066,2.9364500045776367,13385.0,24.66160011291504,4.044809818267822,289.010986328125
2016-06-29,15.143879890441895,2.9061100482940674,13160.0,24.488399505615234,3.992259979248047,286.2430114746094
2016-06-30,14.771249771118164,2.887860059738159,13139.0,24.361799240112305,3.9691100120544434,284.56298828125
2016-07-01,14.73550033569336,2.881779909133911,13177.0,24.369800567626953,3.9407899379730225,284.25201416015625
2016-07-04,14.590880393981934,2.901520013809204,13115.0,24.35260009765625,3.96163010597229,284.8919982910156
2016-07-05,14.574749946594238,2.90487003326416,13060.0,24.287799835205078,3.979909896850586,284.10101318359375
2016-07-06,14.764479637145996,2.924870014190674,13160.0,24.43899917602539,4.012229919433594,286.1210021972656
2016-07-07,14.720000267028809,2.9371800422668457,13212.0,24.384700775146484,3.999340057373047,284.93701171875
2016-07-08,14.768890380859375,2.932919979095459,13100.0,24.429000854492188,3.9998700618743896,284.7959899902344
2016-07-11,14.548649787902832,2.891619920730591,13105.0,24.46419906616211,3.9890599250793457,284.54400634765625
2016-07-12,14.446279525756836,2.903409957885742,13120.0,24.452899932861328,4.003310203552246,283.5570068359375
2016-07-13,14.3412504196167,2.8868799209594727,13075.0,24.433500289916992,3.974709987640381,283.8399963378906
2016-07-14,14.476539611816406,2.898900032043457,13015.0,24.353300094604492,3.969670057296753,283.0190124511719
2016-07-15,14.257080078125,2.8837599754333496,13020.0,24.334800720214844,3.9688899517059326,283.0190124511719
2016-07-18,14.398880004882812,2.9662599563598633,13062.0,24.444299697875977,4.0010199546813965,285.3399963378906
2016-07-19,14.236949920654297,2.9803099632263184,13078.0,24.406999588012695,3.9472100734710693,284.32598876953125
2016-07-20,14.331450462341309,3.0438899993896484,13093.0,24.529499053955078,3.977519989013672,286.2749938964844
2016-07-21,14.289999961853027,3.0819098949432373,13105.0,24.525699615478516,3.964509963989258,285.3009948730469
2016-07-22,14.220749855041504,3.0641698837280273,13111.0,24.49180030822754,3.951809883117676,284.5610046386719
2016-07-25,14.288370132446289,3.0570499897003174,13113.0,24.627500534057617,3.9767699241638184,285.4809875488281
2016-07-26,14.35846996307373,3.0352399349212646,13095.0,24.58049964904785,3.966900110244751,284.06298828125
2016-07-27,14.33174991607666,3.040060043334961,13162.0,24.593000411987305,3.9679598808288574,284.8559875488281
2016-07-28,14.207679748535156,3.013730049133301,13098.0,24.424699783325195,3.949709892272949,282.9469909667969
2016-07-29,14.133899688720703,3.0103600025177,13058.0,24.39080047607422,3.9329099655151367,281.1600036621094
2016-08-01,13.89365005493164,2.9863901138305664,13020.0,24.199899673461914,3.900399923324585,278.53900146484375
2016-08-02,13.922249794006348,2.9887499809265137,13010.0,24.197999954223633,3.9016900062561035,278.2669982910156
2016-08-03,14.007089614868164,2.9913198947906494,13092.0,24.09000015258789,3.8548901081085205,277.37799072265625
2016-08-04,13.905500411987305,3.012120008468628,13140.0,24.231700897216797,3.838520050048828,278.72100830078125
2016-08-05,13.691579818725586,3.009660005569458,13103.0,24.269500732421875,3.850519895553589,279.2539978027344
2016-08-08,13.751890182495117,2.9954299926757812,13122.0,24.369699478149414,3.859299898147583,279.8699951171875
2016-08-09,13.587499618530273,2.980449914932251,13105.0,24.379199981689453,3.8511900901794434,280.84600830078125
2016-08-10,13.426819801330566,2.9680299758911133,13101.0,24.30069923400879,3.8322501182556152,279.3240051269531
2016-08-11,13.240169525146484,2.9553699493408203,13083.0,24.165800094604492,3.8118300437927246,277.3919982910156
2016-08-12,13.393699645996094,2.9595000743865967,13098.0,24.25279998779297,3.824889898300171,278.2720031738281
2016-08-15,13.446999549865723,2.959700107574463,13106.0,24.177000045776367,3.8192999362945557,277.29998779296875
2016-08-16,13.288000106811523,2.941659927368164,13062.0,24.159500122070312,3.8150599002838135,276.60101318359375
2016-08-17,13.408900260925293,2.927500009536743,13111.0,23.95199966430664,3.7877700328826904,274.6449890136719
2016-08-18,13.36240005493164,2.9177000522613525,13115.0,23.88920021057129,3.793639898300171,274.9949951171875
2016-08-19,13.353500366210938,2.9267001152038574,13109.0,23.80699920654297,3.7779300212860107,273.2669982910156
2016-08-22,13.483699798583984,2.9321000576019287,13179.0,23.89900016784668,3.8166000843048096,274.739013671875
2016-08-23,13.560799598693848,2.9402201175689697,13209.0,23.849899291992188,3.808000087738037,274.2699890136719
2016-08-24,13.886750221252441,2.9488000869750977,13234.0,23.906299591064453,3.809809923171997,273.95001220703125
2016-08-25,14.155099868774414,2.950700044631958,13258.0,23.971099853515625,3.8264999389648438,274.7699890136719
2016-08-26,14.191800117492676,2.933340072631836,13246.0,23.933500289916992,3.8363399505615234,274.00201416015625
2016-08-29,14.291799545288086,2.9534599781036377,13310.0,24.106599807739258,3.8546600341796875,275.42999267578125
2016-08-30,14.395899772644043,2.9507501125335693,13248.0,24.118000030517578,3.8808999061584473,275.6369934082031
2016-08-31,14.469499588012695,2.9632999897003174,13283.0,24.23270034790039,3.907979965209961,277.42999267578125
2016-09-01,14.679300308227539,2.9570701122283936,13280.0,24.214799880981445,3.911400079727173,277.4070129394531
2016-09-02,14.576199531555176,2.9610300064086914,13273.0,24.104900360107422,3.8963000774383545,276.4100036621094
2016-09-05,14.475210189819336,2.9502999782562256,13195.0,24.19070053100586,3.906899929046631,277.5400085449219
2016-09-06,14.379300117492676,2.945499897003174,13125.0,24.20669937133789,3.8935000896453857,277.79998779296875
2016-09-07,13.990570068359375,2.9219000339508057,13058.0,23.99180030822754,3.8503000736236572,274.9800109863281
2016-09-08,13.996399879455566,2.933799982070923,13070.0,24.03969955444336,3.842180013656616,274.3110046386719
2016-09-09,14.117050170898438,2.9530999660491943,13071.0,23.976699829101562,3.838200092315674,273.84600830078125
2016-09-12,14.378979682922363,2.9683001041412354,13176.0,24.034700393676758,3.856829881668091,275.3370056152344
2016-09-13,14.244680404663086,2.9695000648498535,13172.0,24.030399322509766,3.868380069732666,275.14300537109375
2016-09-14,14.430859565734863,2.9815499782562256,13241.0,24.082199096679688,3.878920078277588,276.2799987792969
2016-09-15,14.306920051574707,2.979300022125244,13191.0,24.023300170898438,3.855799913406372,275.7300109863281
2016-09-16,14.191900253295898,2.9661099910736084,13144.0,24.01180076599121,3.8496999740600586,275.4989929199219
2016-09-19,14.195699691772461,2.977799892425537,13163.0,24.214000701904297,3.859800100326538,276.1130065917969
2016-09-20,13.997300148010254,2.975399971008301,13139.0,24.172000885009766,3.8416500091552734,276.1669921875
2016-09-21,13.894200325012207,2.9763600826263428,13158.0,24.22249984741211,3.857100009918213,276.8340148925781
2016-09-22,13.577199935913086,2.9540998935699463,13058.0,24.143699645996094,3.8318800926208496,275.2200012207031
2016-09-23,13.613450050354004,2.941819906234741,13062.0,24.104000091552734,3.816349983215332,272.79998779296875
2016-09-26,13.749070167541504,2.9883999824523926,13053.0,24.036020278930664,3.827430009841919,272.2879943847656
2016-09-27,13.696279525756836,2.980259895324707,13039.0,24.00749969482422,3.8157999515533447,272.8399963378906
2016-09-28,13.440299987792969,2.9732298851013184,12917.0,24.088699340820312,3.8157498836517334,274.1090087890625
2016-09-29,13.623200416564941,2.9779999256134033,12921.0,24.07159996032715,3.8278000354766846,274.39898681640625
2016-09-30,13.918100357055664,2.997080087661743,13003.0,24.083499908447266,3.834700107574463,274.9849853515625
2016-10-03,13.736800193786621,3.001569986343384,12966.0,24.05470085144043,3.823590040206909,274.15399169921875
2016-10-04,13.596699714660645,3.0195999145507812,12962.0,24.096879959106445,3.8310699462890625,274.17999267578125
2016-10-05,13.820300102233887,3.058069944381714,13031.0,24.104999542236328,3.8399500846862793,274.13800048828125
2016-10-06,13.721280097961426,3.0516200065612793,13014.0,24.108699798583984,3.8348500728607178,272.0870056152344
2016-10-07,13.883379936218262,3.0421900749206543,13005.0,24.248699188232422,3.8393099308013916,272.4070129394531
2016-10-10,13.784299850463867,3.0494000911712646,12967.0,24.133699417114258,3.8248300552368164,271.87298583984375
2016-10-11,13.776700019836426,3.069380044937134,12926.0,24.255489349365234,3.8285200595855713,272.97698974609375
2016-10-12,14.333700180053711,3.0812900066375732,13068.0,24.430599212646484,3.871659994125366,275.6719970703125
2016-10-13,14.228400230407715,3.085400104522705,13019.0,24.515399932861328,3.8992600440979004,277.45001220703125
2016-10-14,14.249799728393555,3.081929922103882,13044.0,24.456600189208984,3.886359930038452,276.28399658203125
2016-10-17,14.295000076293945,3.092099905014038,13092.0,24.63484001159668,3.9287099838256836,278.6910095214844
2016-10-18,14.128000259399414,3.0952999591827393,13051.0,24.513999938964844,3.9249000549316406,278.5199890136719
2016-10-19,13.866600036621094,3.0945000648498535,13020.0,24.615140914916992,3.9297800064086914,279.42999267578125
2016-10-20,13.818400382995605,3.059499979019165,12972.0,24.59709930419922,3.9250199794769287,279.5299987792969
2016-10-21,13.93280029296875,3.0597000122070312,13005.0,24.697900772094727,3.9495999813079834,281.1109924316406
2016-10-24,13.930680274963379,3.079969882965088,13050.0,24.830440521240234,3.974760055541992,283.5069885253906
2016-10-25,13.906570434570312,3.081779956817627,13012.0,24.82830047607422,3.9748001098632812,283.6099853515625
2016-10-26,13.745800018310547,3.070199966430664,12976.0,24.813499450683594,3.963860034942627,283.7510070800781
2016-10-27,13.872400283813477,3.0803000926971436,13024.0,24.763019561767578,3.965480089187622,282.98699951171875
2016-10-28,13.84469985961914,3.111299991607666,13053.0,24.793699264526367,3.9788401126861572,283.77899169921875
2016-10-31,13.776599884033203,3.1063098907470703,13063.0,24.603139877319336,3.9441699981689453,281.7040100097656
2016-11-01,13.461999893188477,3.0935800075531006,13013.0,24.62700080871582,3.9227399826049805,281.2900085449219
2016-11-02,13.612139701843262,3.113300085067749,13038.0,24.42020034790039,3.890899896621704,278.5400085449219
2016-11-03,13.444199562072754,3.1131200790405273,13046.0,24.352689743041992,3.8968300819396973,277.77099609375
2016-11-04,13.431400299072266,3.1150999069213867,13068.0,24.31879997253418,3.887579917907715,276.25
2016-11-07,13.528300285339355,3.1507599353790283,13115.0,24.345500946044922,3.896059989929199,275.52099609375
2016-11-08,13.375200271606445,3.16759991645813,13087.0,24.453699111938477,3.9156599044799805,276.37701416015625
2016-11-09,13.231209754943848,3.162400007247925,13041.0,24.501800537109375,3.9307000637054443,276.8800048828125
2016-11-10,13.478500366210938,3.2091000080108643,13137.0,24.741870880126953,3.9758999347686768,279.7950134277344
2016-11-11,14.069499969482422,3.2476999759674072,13588.0,24.79400062561035,4.013299942016602,282.5060119628906
2016-11-14,14.239299774169922,3.2357699871063232,13342.0,24.96565055847168,4.078489780426025,285.85699462890625
2016-11-15,14.401800155639648,3.289599895477295,13459.0,25.150630950927734,4.112249851226807,289.09100341796875
2016-11-16,14.161499977111816,3.2867000102996826,13313.0,25.212560653686523,4.106860160827637,288.8219909667969
2016-11-17,14.280500411987305,3.31892991065979,13368.0,25.235429763793945,4.156060218811035,289.49798583984375
2016-11-18,14.424449920654297,3.3750600814819336,13411.0,25.439529418945312,4.174479961395264,291.625
2016-11-21,14.423399925231934,3.3758699893951416,13479.0,25.53569984436035,4.194340229034424,291.7760009765625
2016-11-22,14.208900451660156,3.3568599224090576,13412.0,25.40369987487793,4.157660007476807,290.3389892578125
2016-11-23,14.062379837036133,3.379470109939575,13432.0,25.420700073242188,4.153160095214844,290.218994140625
2016-11-24,14.126700401306152,3.396199941635132,13607.0,25.61479949951172,4.204599857330322,294.260009765625
2016-11-25,14.137999534606934,3.4639999866485596,13558.0,25.592140197753906,4.189300060272217,294.0989990234375
2016-11-28,14.022979736328125,3.4467999935150146,13480.0,25.469449996948242,4.160490036010742,292.0799865722656
2016-11-29,13.724180221557617,3.410799980163574,13479.0,25.474700927734375,4.1627302169799805,292.8689880371094
2016-11-30,13.872599601745605,3.40939998626709,13502.0,25.408649444580078,4.163519859313965,292.5790100097656
2016-12-01,14.089380264282227,3.435260057449341,13572.0,25.5137996673584,4.203579902648926,295.20001220703125
2016-12-02,14.09179973602295,3.497339963912964,13518.0,25.374229431152344,4.21081018447876,294.6659851074219
2016-12-05,13.907779693603516,3.5423500537872314,13640.0,25.53969955444336,4.235710144042969,295.73699951171875
2016-12-06,13.709110260009766,3.5186100006103516,13436.0,25.13450050354004,4.181049823760986,291.6300048828125
2016-12-07,13.634499549865723,3.446579933166504,13296.0,25.22170066833496,4.157559871673584,291.7149963378906
2016-12-08,13.458869934082031,3.3886001110076904,13277.0,25.118030548095703,4.1133198738098145,290.90301513671875
2016-12-09,13.640979766845703,3.4502999782562256,13306.0,25.465499877929688,4.177529811859131,295.9460144042969
2016-12-12,13.806900024414062,3.5111000537872314,13357.0,25.61741065979004,4.2119598388671875,298.42498779296875
2016-12-13,13.600099563598633,3.468329906463623,13278.0,25.38159942626953,4.1828999519348145,295.44500732421875
2016-12-14,13.580900192260742,3.4857800006866455,13280.0,25.422229766845703,4.161590099334717,295.46600341796875
2016-12-15,13.952489852905273,3.5315001010894775,13418.0,25.701099395751953,4.216969966888428,298.47601318359375
2016-12-16,13.957500457763672,3.507699966430664,13411.0,25.915199279785156,4.257900238037109,300.0799865722656
2016-12-19,14.005000114440918,3.490730047225952,13383.0,25.8585205078125,4.240300178527832,298.8219909667969
2016-12-20,14.130780220031738,3.5327999591827393,13370.0,25.943199157714844,4.248559951782227,299.2770080566406
2016-12-21,13.918379783630371,3.521699905395508,13421.0,25.997989654541016,4.240910053253174,299.02099609375
2016-12-22,13.966699600219727,3.508229970932007,13439.0,25.889299392700195,4.2316999435424805,297.6199951171875
2016-12-23,14.031700134277344,3.506380081176758,13449.0,25.884489059448242,4.2332000732421875,297.197998046875
2016-12-26,14.027600288391113,3.5090200901031494,13442.0,25.82699966430664,4.208159923553467,295.75
2016-12-27,13.993800163269043,3.51104998588562,13442.0,25.847700119018555,4.2101898193359375,295.7569885253906
2016-12-28,13.916399955749512,3.5218000411987305,13429.0,25.806100845336914,4.202060222625732,294.95001220703125
2016-12-29,13.854599952697754,3.535330057144165,13490.0,25.93376922607422,4.228759765625,296.6199951171875
2016-12-30,13.574299812316895,3.5176000595092773,13466.0,25.55270004272461,4.167759895324707,293.9219970703125
2017-01-02,13.735690116882324,3.534899950027466,13512.0,25.650419235229492,4.179540157318115,293.6499938964844
2017-01-03,13.710399627685547,3.5418999195098877,13506.0,25.828950881958008,4.215710163116455,295.5570068359375
2017-01-04,13.796589851379395,3.5922999382019043,13443.0,25.930479049682617,4.208849906921387,296.8970031738281
2017-01-05,13.597399711608887,3.5693700313568115,13348.0,25.734500885009766,4.159860134124756,293.24700927734375
2017-01-06,13.571499824523926,3.591909885406494,13319.0,25.473339080810547,4.112820148468018,290.3800048828125
2017-01-09,13.74489974975586,3.6398301124572754,13351.0,25.658899307250977,4.135660171508789,291.8389892578125
2017-01-10,13.644499778747559,3.7084898948669434,13314.0,25.4955997467041,4.135109901428223,290.9570007324219
2017-01-11,13.726900100708008,3.7982499599456787,13291.0,25.603700637817383,4.139989852905273,292.86700439453125
2017-01-12,13.718199729919434,3.8740999698638916,13241.0,25.482099533081055,4.12470006942749,290.2569885253906
2017-01-13,13.52299976348877,3.7634100914001465,13258.0,25.45294952392578,4.115079879760742,289.56298828125
2017-01-16,13.52614974975586,3.7377800941467285,13313.0,25.424699783325195,4.124760150909424,288.8869934082031
2017-01-17,13.662980079650879,3.806030035018921,13349.0,25.481700897216797,4.124159812927246,290.1549987792969
2017-01-18,13.454360008239746,3.7607998847961426,13296.0,25.246999740600586,4.075860023498535,287.0790100097656
2017-01-19,13.617500305175781,3.806570053100586,13370.0,25.422700881958008,4.102560043334961,289.4620056152344
2017-01-20,13.541999816894531,3.8269999027252197,13378.0,25.346839904785156,4.1008100509643555,289.5740051269531
2017-01-23,13.606889724731445,3.765429973602295,13406.0,25.211999893188477,4.07919979095459,288.6300048828125
2017-01-24,13.453900337219238,3.754499912261963,13345.0,25.096599578857422,4.065370082855225,288.4200134277344
2017-01-25,13.361869812011719,3.781909942626953,13342.0,25.17099952697754,4.0706400871276855,289.1499938964844
2017-01-26,13.230799674987793,3.833400011062622,13316.0,25.108699798583984,4.05019998550415,288.05999755859375
2017-01-27,13.339469909667969,3.859800100326538,13387.0,25.269399642944336,4.067599773406982,291.0090026855469
2017-01-30,13.468170166015625,3.868000030517578,13326.0,25.218900680541992,4.042660236358643,290.260986328125
2017-01-31,13.508079528808594,3.7761900424957275,13338.0,25.229949951171875,4.047389984130859,289.82501220703125
2017-02-01,13.46735954284668,3.7725000381469727,13345.0,24.990400314331055,4.001800060272217,286.7900085449219
2017-02-02,13.456500053405762,3.771559953689575,13360.0,25.07080078125,3.998800039291382,287.239990234375
2017-02-03,13.37339973449707,3.7345099449157715,13346.0,25.105649948120117,4.008490085601807,287.41900634765625
2017-02-06,13.253899574279785,3.7008299827575684,13338.0,25.03499984741211,3.984800100326538,287.1099853515625
2017-02-07,13.282620429992676,3.687000036239624,13326.0,25.148719787597656,3.996150016784668,288.3399963378906
2017-02-08,13.426799774169922,3.740689992904663,13310.0,25.300840377807617,4.0329999923706055,289.19000244140625
2017-02-09,13.406900405883789,3.7105000019073486,13302.0,25.269699096679688,4.032360076904297,288.63299560546875
2017-02-10,13.418190002441406,3.6842000484466553,13288.0,25.32699966430664,4.04610013961792,288.9599914550781
2017-02-13,13.368880271911621,3.6860198974609375,13335.0,25.43000030517578,4.043630123138428,290.218994140625
2017-02-14,13.315199851989746,3.6707000732421875,13323.0,25.471099853515625,4.065889835357666,290.69000244140625
2017-02-15,13.076600074768066,3.651900053024292,13321.0,25.540300369262695,4.066490173339844,291.12799072265625
2017-02-16,12.900699615478516,3.6558799743652344,13316.0,25.473499298095703,4.066400051116943,290.4649963378906
2017-02-17,13.00879955291748,3.6673998832702637,13321.0,25.31620979309082,4.043439865112305,287.99798583984375
2017-02-20,13.06583023071289,3.6305999755859375,13350.0,25.426700592041016,4.071899890899658,289.9419860839844
2017-02-21,13.05247974395752,3.6234400272369385,13347.0,25.46649932861328,4.068699836730957,290.0899963378906
2017-02-22,13.14441967010498,3.625230073928833,13358.0,25.629009246826172,4.07273006439209,291.91400146484375
2017-02-23,12.99800968170166,3.5824999809265137,13338.0,25.587200164794922,4.073470115661621,291.8190002441406
2017-02-24,12.853500366210938,3.5683000087738037,13325.0,25.52613067626953,4.063950061798096,291.6860046386719
2017-02-27,12.923500061035156,3.598989963531494,13324.0,25.58049964904785,4.088600158691406,292.3399963378906
2017-02-28,12.991700172424316,3.6068999767303467,13339.0,25.504499435424805,4.0742998123168945,290.3800048828125
2017-03-01,13.122900009155273,3.642199993133545,13391.0,25.565900802612305,4.073629856109619,291.31500244140625
2017-03-02,13.00879955291748,3.6505000591278076,13392.0,25.6441707611084,4.061389923095703,291.6050109863281
2017-03-03,13.143199920654297,3.726759910583496,13373.0,25.715700149536133,4.089759826660156,294.6419982910156
2017-03-06,12.998900413513184,3.709779977798462,13278.0,25.44182014465332,4.049300193786621,290.84600830078125
2017-03-07,13.003800392150879,3.713330030441284,13342.0,25.54364013671875,4.072159767150879,292.6940002441406
2017-03-08,12.957099914550781,3.6786000728607178,13336.0,25.565500259399414,4.071199893951416,293.4070129394531
2017-03-09,13.140379905700684,3.744070053100586,13368.0,25.599300384521484,4.08650016784668,294.7699890136719
2017-03-10,13.313899993896484,3.7732601165771484,13403.0,25.54183006286621,4.088069915771484,294.3280029296875
2017-03-13,13.195440292358398,3.7397799491882324,13346.0,25.271289825439453,4.0526299476623535,292.7869873046875
2017-03-14,13.122879981994629,3.740999937057495,13372.0,25.364700317382812,4.0648298263549805,293.0050048828125
2017-03-15,13.139699935913086,3.740600109100342,13390.0,25.459999084472656,4.067959785461426,293.2770080566406
2017-03-16,12.809399604797363,3.6739799976348877,13217.0,25.163780212402344,4.015520095825195,288.6600036621094
2017-03-17,12.757399559020996,3.6280999183654785,13283.0,25.083099365234375,4.000199794769287,287.5039978027344
2017-03-20,12.698949813842773,3.628649950027466,13330.0,25.150999069213867,3.9880800247192383,287.1099853515625
2017-03-21,12.638019561767578,3.623300075531006,13332.0,25.162260055541992,3.969949960708618,287.07598876953125
2017-03-22,12.671899795532227,3.6324000358581543,13308.0,24.98781967163086,3.956629991531372,285.3529968261719
2017-03-23,12.559370040893555,3.6157000064849854,13327.0,25.03927993774414,3.9658401012420654,285.90399169921875
2017-03-24,12.455599784851074,3.6328999996185303,13318.0,25.056299209594727,3.9541900157928467,286.5920104980469
2017-03-27,12.39896011352539,3.6015000343322754,13320.0,24.907730102539062,3.9302399158477783,285.8559875488281
2017-03-28,12.738900184631348,3.6150999069213867,13308.0,24.876710891723633,3.909409999847412,284.30999755859375
2017-03-29,12.976579666137695,3.6565499305725098,13309.0,24.973909378051758,3.9196600914001465,286.3070068359375
2017-03-30,13.040800094604492,3.643699884414673,13303.0,25.0939998626709,3.9272000789642334,287.55999755859375
2017-03-31,13.432600021362305,3.6542999744415283,13299.0,25.405860900878906,3.939539909362793,288.9750061035156
2017-04-03,13.355690002441406,3.6284799575805664,13335.0,25.325599670410156,3.9638800621032715,289.2120056152344
2017-04-04,13.690699577331543,3.644200086593628,13316.0,25.35300064086914,3.967600107192993,289.0899963378906
2017-04-05,13.601300239562988,3.6775999069213867,13332.0,25.317399978637695,3.977030038833618,289.9949951171875
2017-04-06,13.78007984161377,3.703900098800659,13323.0,25.317800521850586,3.963599920272827,290.6600036621094
2017-04-07,13.771900177001953,3.70524001121521,13353.0,24.996999740600586,3.974560022354126,291.7300109863281
2017-04-10,13.757699966430664,3.7279999256134033,13373.0,25.118000030517578,3.9875099658966064,292.5169982910156
2017-04-11,13.913700103759766,3.7281999588012695,13271.0,25.11870002746582,3.9944100379943848,293.5769958496094
2017-04-12,13.805150032043457,3.6949000358581543,13291.0,25.113000869750977,4.002699851989746,294.0539855957031
2017-04-13,13.461799621582031,3.6470000743865967,13277.0,25.020719528198242,3.9802699089050293,292.8089904785156
2017-04-14,13.43809986114502,3.6677699089050293,13276.0,25.109800338745117,4.000500202178955,294.45001220703125
2017-04-17,13.392680168151855,3.635699987411499,13287.0,25.141490936279297,3.9904000759124756,294.7200012207031
2017-04-18,13.291999816894531,3.7009201049804688,13279.0,25.059890747070312,3.9883899688720703,294.7130126953125
2017-04-19,13.263279914855957,3.655410051345825,13296.0,24.972700119018555,3.941960096359253,292.1050109863281
2017-04-20,13.26509952545166,3.6718499660491943,13343.0,25.08816909790039,3.972179889678955,292.3500061035156
2017-04-21,13.131400108337402,3.6407999992370605,13317.0,25.093599319458008,3.9786200523376465,292.32000732421875
2017-04-24,12.980899810791016,3.6126999855041504,13105.0,24.67091941833496,3.9146499633789062,286.70599365234375
2017-04-25,13.019499778747559,3.5751500129699707,13124.0,24.694900512695312,3.907399892807007,286.42999267578125
2017-04-26,13.070679664611816,3.5776898860931396,13303.0,24.555999755859375,3.861569881439209,285.23199462890625
2017-04-27,13.247420310974121,3.57069993019104,13261.0,24.638999938964844,3.8735599517822266,286.19500732421875
2017-04-28,13.33899974822998,3.5632998943328857,13351.0,24.849000930786133,3.8838601112365723,286.51800537109375
2017-05-01,13.333800315856934,3.5529000759124756,13322.0,24.60610008239746,3.872299909591675,286.82000732421875
2017-05-02,13.3858003616333,3.5532000064849854,13325.0,24.597999572753906,3.8717000484466553,285.8940124511719
2017-05-03,13.337800025939941,3.522599935531616,13295.0,24.613819122314453,3.8389999866485596,285.2770080566406
2017-05-04,13.43280029296875,3.533799886703491,13304.0,24.530500411987305,3.8613998889923096,286.3299865722656
2017-05-05,13.632499694824219,3.5537099838256836,13340.0,24.42970085144043,3.849950075149536,284.4159851074219
2017-05-08,13.451080322265625,3.5404300689697266,13315.0,24.369569778442383,3.833509922027588,284.01300048828125
2017-05-09,13.607020378112793,3.5845999717712402,13324.0,24.390300750732422,3.87280011177063,284.6719970703125
2017-05-10,13.621500015258789,3.6225600242614746,13359.0,24.44809913635254,3.8878700733184814,286.2569885253906
2017-05-11,13.488300323486328,3.583899974822998,13353.0,24.43600082397461,3.8726799488067627,285.7659912109375
2017-05-12,13.355799674987793,3.5773000717163086,13312.0,24.440099716186523,3.8882598876953125,285.1669921875
2017-05-15,13.366800308227539,3.5724000930786133,13323.0,24.290000915527344,3.8516299724578857,283.4070129394531
2017-05-16,13.168000221252441,3.5467000007629395,13285.0,24.07360076904297,3.821899890899658,281.0899963378906
2017-05-17,13.070699691772461,3.541749954223633,13274.0,23.743099212646484,3.758660078048706,278.8500061035156
2017-05-18,13.257200241088867,3.5840001106262207,13318.0,23.7278995513916,3.75954008102417,276.9200134277344
2017-05-19,13.409250259399414,3.622469902038574,13399.0,23.909650802612305,3.7945098876953125,278.864013671875
2017-05-22,13.20110034942627,3.575659990310669,13328.0,23.663299560546875,3.7400999069213867,275.07501220703125
2017-05-23,13.233699798583984,3.5659000873565674,13296.0,23.566999435424805,3.7338500022888184,274.2200012207031
2017-05-24,13.092000007629395,3.573780059814453,13296.0,23.6477108001709,3.759310007095337,275.875
2017-05-25,12.889699935913086,3.558500051498413,13302.0,23.595800399780273,3.716779947280884,273.9200134277344
2017-05-26,12.916099548339844,3.5673000812530518,13302.0,23.585100173950195,3.722909927368164,274.15301513671875
2017-05-29,12.819910049438477,3.577199935913086,13288.0,23.65765953063965,3.739300012588501,275.0060119628906
2017-05-30,12.991439819335938,3.5801000595092773,13315.0,23.7947998046875,3.7520999908447266,276.3900146484375
2017-05-31,13.110179901123047,3.552500009536743,13319.0,23.69070053100586,3.7352099418640137,275.4280090332031
2017-06-01,13.075499534606934,3.5281999111175537,13294.0,23.42300033569336,3.7179999351501465,273.9200134277344
2017-06-02,12.88739013671875,3.5297999382019043,13288.0,23.452699661254883,3.738140106201172,274.52301025390625
2017-06-05,12.814000129699707,3.505389928817749,13304.0,23.340700149536133,3.707740068435669,272.5169982910156
2017-06-06,12.690529823303223,3.524600028991699,13283.0,23.3572998046875,3.7175099849700928,272.8699951171875
2017-06-07,12.809000015258789,3.5136001110076904,13259.0,23.33989906311035,3.7212400436401367,273.3599853515625
2017-06-08,12.815699577331543,3.550960063934326,13313.0,23.369400024414062,3.73757004737854,273.99700927734375
2017-06-09,12.917169570922852,3.5309200286865234,13293.0,23.47949981689453,3.75314998626709,275.11700439453125
2017-06-12,12.911120414733887,3.5387001037597656,13295.0,23.372350692749023,3.7362499237060547,274.5610046386719
2017-06-13,12.819860458374023,3.515700101852417,13314.0,23.387109756469727,3.7431800365448,274.5589904785156
2017-06-14,12.773039817810059,3.5173399448394775,13282.0,23.32069969177246,3.7385001182556152,272.9949951171875
2017-06-15,12.627610206604004,3.48865008354187,13286.0,23.354299545288086,3.7426300048828125,272.81500244140625
2017-06-16,12.868599891662598,3.513000011444092,13294.0,23.542499542236328,3.7953999042510986,276.2200012207031
2017-06-19,12.793009757995605,3.500499963760376,13277.0,23.32159996032715,3.7569000720977783,274.3900146484375
2017-06-20,12.977569580078125,3.522200107574463,13286.0,23.45509910583496,3.7846999168395996,276.41400146484375
2017-06-21,13.058500289916992,3.543800115585327,13291.0,23.57430076599121,3.8132998943328857,277.53399658203125
2017-06-22,13.058699607849121,3.530600070953369,13301.0,23.54262924194336,3.8089098930358887,276.8999938964844
2017-06-23,12.962300300598145,3.5129001140594482,13341.0,23.56290054321289,3.795289993286133,276.9599914550781
2017-06-26,12.911800384521484,3.505160093307495,13284.0,23.44499969482422,3.769700050354004,276.37701416015625
2017-06-27,12.865300178527832,3.5000500679016113,13318.0,23.494699478149414,3.757080078125,276.30999755859375
2017-06-28,13.009110450744629,3.5237998962402344,13308.0,23.19770050048828,3.737799882888794,273.4200134277344
2017-06-29,12.925600051879883,3.511699914932251,13296.0,23.092750549316406,3.7191200256347656,271.9339904785156
2017-06-30,12.986499786376953,3.5242300033569336,13278.0,22.94339942932129,3.70674991607666,270.52899169921875
2017-07-03,13.049500465393066,3.5192999839782715,13298.0,22.84040069580078,3.7016000747680664,270.1759948730469
2017-07-04,13.19480037689209,3.5546000003814697,13364.0,22.967859268188477,3.735460042953491,271.6109924316406
2017-07-05,13.183199882507324,3.5576999187469482,13351.0,22.98069953918457,3.7297000885009766,271.0199890136719
2017-07-06,13.385600090026855,3.607300043106079,13363.0,22.983999252319336,3.727560043334961,272.0799865722656
2017-07-07,13.409500122070312,3.620990037918091,13383.0,22.882299423217773,3.710200071334839,269.739990234375
2017-07-10,13.376899719238281,3.6201000213623047,13408.0,22.86833953857422,3.7146899700164795,269.99200439453125
2017-07-12,13.533599853515625,3.615600109100342,13349.0,22.768699645996094,3.692889928817749,268.12799072265625
2017-07-13,13.2431001663208,3.5692200660705566,13363.0,22.83989906311035,3.7041800022125244,268.8559875488281
2017-07-14,13.199999809265137,3.5659899711608887,13341.0,22.866199493408203,3.7034499645233154,268.5299987792969
2017-07-17,13.020600318908691,3.5334999561309814,13332.0,22.70199966430664,3.665299892425537,266.5400085449219
2017-07-18,12.94159984588623,3.5288000106811523,13321.0,22.71339988708496,3.661449909210205,267.32598876953125
2017-07-19,12.9028902053833,3.5243101119995117,13302.0,22.59589958190918,3.6350600719451904,264.7099914550781
2017-07-20,12.928279876708984,3.521199941635132,13309.0,22.60770034790039,3.649600028991699,265.3599853515625
2017-07-21,13.0201997756958,3.5267999172210693,13303.0,22.370800018310547,3.623960018157959,262.3299865722656
2017-07-24,12.912300109863281,3.5315001010894775,13265.0,22.305500030517578,3.6518099308013916,261.2380065917969
2017-07-25,12.951899528503418,3.5559399127960205,13316.0,22.356199264526367,3.662019968032837,261.92999267578125
2017-07-26,13.064900398254395,3.5710999965667725,13328.0,22.364700317382812,3.661590099334717,262.24700927734375
2017-07-27,12.893099784851074,3.534250020980835,13329.0,22.199899673461914,3.6203200817108154,259.739990234375
2017-07-28,13.000289916992188,3.536520004272461,13311.0,22.264799118041992,3.6339099407196045,261.0459899902344
2017-07-31,12.98900032043457,3.5322999954223633,13320.0,22.177949905395508,3.621119976043701,259.2309875488281
2017-08-01,13.161399841308594,3.517699956893921,13318.0,22.048999786376953,3.5967800617218018,256.94000244140625
2017-08-02,13.248559951782227,3.5285000801086426,13317.0,22.148000717163086,3.6026999950408936,256.78399658203125
2017-08-03,13.213600158691406,3.537760019302368,13317.0,22.010799407958984,3.592099905014038,255.56500244140625
2017-08-04,13.36769962310791,3.539299964904785,13319.0,21.884700775146484,3.5696001052856445,255.60400390625
2017-08-07,13.401100158691406,3.5323500633239746,13309.0,22.13800048828125,3.6036999225616455,258.4599914550781
2017-08-08,13.21737003326416,3.5286600589752197,13315.0,22.1476993560791,3.6028499603271484,257.5419921875
2017-08-09,13.356100082397461,3.530289888381958,13306.0,22.239810943603516,3.6273300647735596,258.74700927734375
2017-08-10,13.42590045928955,3.5386600494384766,13326.0,22.242759704589844,3.6285901069641113,259.6780090332031
2017-08-11,13.447979927062988,3.5422000885009766,13327.0,22.244699478149414,3.6363399028778076,259.656005859375
2017-08-14,13.431400299072266,3.5334999561309814,13351.0,22.10219955444336,3.628380060195923,257.29901123046875
2017-08-15,13.292900085449219,3.5253000259399414,13342.0,22.17799949645996,3.639770030975342,258.3500061035156
2017-08-16,13.30739974975586,3.53629994392395,13354.0,22.244300842285156,3.654099941253662,259.0199890136719
2017-08-17,13.168899536132812,3.516040086746216,13350.0,22.124059677124023,3.6238300800323486,258.6470031738281
2017-08-18,13.2847900390625,3.528899908065796,13372.0,22.24970054626465,3.645080089569092,259.125
2017-08-21,13.15939998626709,3.5164999961853027,13355.0,22.16200065612793,3.6373000144958496,258.1159973144531
2017-08-22,13.149399757385254,3.4962000846862793,13344.0,22.101490020751953,3.620120048522949,256.65301513671875
2017-08-23,13.20460033416748,3.4958999156951904,13325.0,22.16805076599121,3.6312599182128906,257.56298828125
2017-08-24,13.14780044555664,3.4819600582122803,13351.0,22.091909408569336,3.624160051345825,256.1180114746094
2017-08-25,13.196260452270508,3.485300064086914,13333.0,22.124540328979492,3.6111199855804443,257.67401123046875
2017-08-28,13.00100040435791,3.441699981689453,13339.0,21.809200286865234,3.5564799308776855,254.48199462890625
2017-08-29,13.074150085449219,3.4558699131011963,13303.0,21.791900634765625,3.5550498962402344,254.33700561523438
2017-08-30,12.989100456237793,3.448590040206909,13333.0,21.807750701904297,3.553040027618408,255.5070037841797
2017-08-31,13.006500244140625,3.4551000595092773,13334.0,21.910110473632812,3.5767300128936768,257.05999755859375
2017-09-01,12.985899925231934,3.4506499767303467,13321.0,21.927099227905273,3.5638999938964844,256.6499938964844
2017-09-04,12.942449569702148,3.4283199310302734,13331.0,21.89189910888672,3.5792999267578125,256.7950134277344
2017-09-05,12.935400009155273,3.4309000968933105,13353.0,21.916799545288086,3.564429998397827,257.24700927734375
2017-09-06,12.901100158691406,3.4367499351501465,13333.0,21.8656005859375,3.549499988555908,256.57000732421875
2017-09-07,12.788200378417969,3.428679943084717,13339.0,21.860000610351562,3.562000036239624,256.8169860839844
2017-09-08,12.798419952392578,3.402740001678467,13289.0,21.69540023803711,3.5297000408172607,253.97999572753906
2017-09-11,12.902999877929688,3.4091999530792236,13197.0,21.71820068359375,3.5297000408172607,254.88999938964844
2017-09-12,12.964240074157715,3.411799907684326,13176.0,21.792600631713867,3.5497000217437744,256.04998779296875
2017-09-13,12.97737979888916,3.4326000213623047,13208.0,21.774900436401367,3.5559000968933105,256.52301025390625
2017-09-14,13.140899658203125,3.4584999084472656,13242.0,21.94700050354004,3.6015100479125977,258.9469909667969
2017-09-15,13.116499900817871,3.4321000576019287,13262.0,21.86370086669922,3.5886600017547607,258.72100830078125
2017-09-18,13.151000022888184,3.4409499168395996,13252.0,21.85968017578125,3.582089900970459,259.11700439453125
2017-09-19,13.284600257873535,3.4883999824523926,13268.0,21.8387393951416,3.5908000469207764,258.5870056152344
2017-09-20,13.324480056762695,3.488149881362915,13256.0,21.755769729614258,3.5685698986053467,256.84100341796875
2017-09-21,13.319499969482422,3.5048000812530518,13273.0,21.9766902923584,3.6024999618530273,260.1419982910156
2017-09-22,13.283980369567871,3.50600004196167,13273.0,21.818700790405273,3.5790600776672363,259.59698486328125
2017-09-25,13.234399795532227,3.4992001056671143,13306.0,21.829700469970703,3.5789999961853027,259.50201416015625
2017-09-26,13.32509994506836,3.5434999465942383,13319.0,21.965700149536133,3.6031999588012695,261.5950012207031
2017-09-27,13.359100341796875,3.541640043258667,13375.0,22.058000564575195,3.6353600025177,264.0570068359375
2017-09-28,13.57390022277832,3.577549934387207,13433.0,22.145599365234375,3.6798501014709473,264.7439880371094
2017-09-29,13.510100364685059,3.558310031890869,13508.0,22.075700759887695,3.6626598834991455,263.7250061035156
2017-10-02,13.547300338745117,3.5622000694274902,13465.0,22.170759201049805,3.6651899814605713,263.8070068359375
2017-10-03,13.582099914550781,3.5671799182891846,13531.0,22.095600128173828,3.672060012817383,265.85699462890625
2017-10-04,13.64210033416748,3.573699951171875,13536.0,22.045000076293945,3.67153000831604,265.510009765625
2017-10-05,13.565600395202637,3.5732998847961426,13470.0,21.962299346923828,3.6559600830078125,265.1199951171875
2017-10-06,13.664139747619629,3.586899995803833,13451.0,22.018699645996094,3.6732399463653564,265.9939880371094
2017-10-09,13.756199836730957,3.706700086593628,13497.0,22.049400329589844,3.6707000732421875,265.6600036621094
2017-10-10,13.790499687194824,3.7060999870300293,13510.0,22.043500900268555,3.6616599559783936,265.3399963378906
2017-10-11,13.683899879455566,3.706820011138916,13510.0,21.876100540161133,3.6342599391937256,263.08599853515625
2017-10-12,13.512299537658691,3.64451003074646,13510.0,21.808700561523438,3.5973598957061768,260.4410095214844
2017-10-13,13.463800430297852,3.6568000316619873,13498.0,21.848899841308594,3.6076600551605225,260.7200012207031
2017-10-16,13.26360034942627,3.6377999782562256,13492.0,21.823299407958984,3.5999999046325684,260.760009765625
2017-10-17,13.327879905700684,3.6454999446868896,13476.0,21.85099983215332,3.588870048522949,260.88299560546875
2017-10-18,13.380900382995605,3.665299892425537,13495.0,21.873199462890625,3.597899913787842,261.7200012207031
2017-10-19,13.553999900817871,3.673190116882324,13510.0,21.806699752807617,3.5896599292755127,261.2120056152344
2017-10-20,13.503999710083008,3.652400016784668,13490.0,21.705699920654297,3.5721099376678467,259.510009765625
2017-10-23,13.691900253295898,3.688390016555786,13516.0,21.826000213623047,3.600069999694824,261.864990234375
2017-10-24,13.687000274658203,3.7130000591278076,13535.0,21.805999755859375,3.596400022506714,261.78399658203125
2017-10-25,13.738499641418457,3.737370014190674,13525.0,21.751800537109375,3.610599994659424,263.30999755859375
2017-10-26,14.072600364685059,3.7586300373077393,13572.0,21.620500564575195,3.589099884033203,261.9389953613281
2017-10-27,14.237279891967773,3.8183999061584473,13643.0,22.0492000579834,3.655100107192993,266.69000244140625
2017-10-30,14.099519729614258,3.787100076675415,13588.0,22.089099884033203,3.6582601070404053,267.36700439453125
2017-10-31,14.046099662780762,3.777250051498413,13574.0,22.013200759887695,3.6469600200653076,266.85699462890625
2017-11-01,14.11929988861084,3.7873001098632812,13554.0,21.993200302124023,3.6379001140594482,266.8689880371094
2017-11-02,14.052300453186035,3.8111801147460938,13553.0,21.962099075317383,3.6398000717163086,267.0799865722656
2017-11-03,13.972000122070312,3.7992000579833984,13543.0,22.00429916381836,3.6317999362945557,266.42999267578125
2017-11-06,14.192700386047363,3.881200075149536,13480.0,22.10219955444336,3.6540000438690186,267.343994140625
2017-11-07,14.10258960723877,3.8261499404907227,13483.0,21.985700607299805,3.6491498947143555,267.6600036621094
2017-11-08,14.208600044250488,3.882930040359497,13514.0,22.007099151611328,3.656709909439087,268.1650085449219
2017-11-09,14.147939682006836,3.865499973297119,13503.0,22.04560089111328,3.6530098915100098,268.99700927734375
2017-11-10,14.248149871826172,3.8610498905181885,13527.0,21.923900604248047,3.6320600509643555,267.4049987792969
2017-11-13,14.381999969482422,3.858109951019287,13512.0,21.913999557495117,3.623300075531006,267.22698974609375
2017-11-14,14.457900047302246,3.868499994277954,13553.0,21.88610076904297,3.6303000450134277,266.9599914550781
2017-11-15,14.360199928283691,3.886359930038452,13545.0,21.702299118041992,3.6026999950408936,264.35400390625
2017-11-17,14.138299942016602,3.8631598949432373,13514.0,21.66819953918457,3.596400022506714,264.4800109863281
2017-11-20,13.993200302124023,3.8683300018310547,13508.0,21.797500610351562,3.605799913406372,265.49700927734375
2017-11-21,14.035099983215332,3.9265999794006348,13525.0,21.747299194335938,3.6040000915527344,266.1969909667969
2017-11-22,13.963899612426758,3.960400104522705,13519.0,21.70009994506836,3.5924599170684814,266.8580017089844
2017-11-23,13.81779956817627,3.9177000522613525,13491.0,21.54050064086914,3.565500020980835,265.1199951171875
2017-11-24,13.872099876403809,3.921299934387207,13489.0,21.431100845336914,3.550679922103882,263.3590087890625
2017-11-27,14.049619674682617,3.950700044631958,13498.0,21.332300186157227,3.528899908065796,261.5799865722656
2017-11-28,13.749090194702148,3.905100107192993,13511.0,21.346500396728516,3.535599946975708,261.0379943847656
2017-11-29,13.663820266723633,3.9644999504089355,13500.0,21.489599227905273,3.546600103378296,262.2879943847656
2017-11-30,13.64883041381836,3.956049919128418,13504.0,21.479900360107422,3.5448999404907227,263.23699951171875
2017-12-01,13.712499618530273,3.916440010070801,13541.0,21.4507999420166,3.5316998958587646,263.1130065917969
2017-12-04,13.749600410461426,3.9244000911712646,13560.0,21.512399673461914,3.5464000701904297,264.3900146484375
2017-12-05,13.517499923706055,3.8749001026153564,13494.0,21.57040023803711,3.545959949493408,264.07501220703125
2017-12-06,13.447879791259766,3.8415000438690186,13513.0,21.66189956665039,3.5583600997924805,265.29998779296875
2017-12-07,13.521599769592285,3.850100040435791,13534.0,21.69700050354004,3.568429946899414,266.177001953125
2017-12-08,13.719499588012695,3.8650500774383545,13553.0,21.71419906616211,3.5735599994659424,267.32000732421875
2017-12-11,13.664299964904785,3.837100028991699,13507.0,21.70240020751953,3.565700054168701,266.3500061035156
2017-12-12,13.599599838256836,3.8310699462890625,13552.0,21.73040008544922,3.565459966659546,267.0400085449219
2017-12-13,13.658499717712402,3.8457999229431152,13551.0,21.81570053100586,3.584199905395508,267.1499938964844
2017-12-14,13.461199760437012,3.8129000663757324,13540.0,21.672199249267578,3.563800096511841,265.5450134277344
2017-12-15,13.487600326538086,3.884200096130371,13554.0,21.823999404907227,3.586060047149658,266.885009765625
2017-12-18,13.085399627685547,3.8559000492095947,13568.0,21.834400177001953,3.5873000621795654,267.3599853515625
2017-12-19,12.728320121765137,3.8287599086761475,13580.0,21.782800674438477,3.5692999362945557,265.7900085449219
2017-12-20,12.724069595336914,3.8315999507904053,13575.0,21.662599563598633,3.5495998859405518,264.3299865722656
2017-12-21,12.730259895324707,3.8216500282287598,13573.0,21.619600296020508,3.5399999618530273,263.239990234375
2017-12-22,12.746000289916992,3.8176000118255615,13562.0,21.65999984741211,3.5389599800109863,262.92498779296875
2017-12-25,12.592100143432617,3.8097000122070312,13551.0,21.64940071105957,3.5313498973846436,262.4700012207031
2017-12-26,12.59160041809082,3.8064000606536865,13532.0,21.65719985961914,3.531749963760376,262.07000732421875
2017-12-27,12.487500190734863,3.8070199489593506,13552.0,21.720399856567383,3.5393099784851074,262.62799072265625
2017-12-28,12.252400398254395,3.8148999214172363,13558.0,21.56130027770996,3.519740104675293,260.28900146484375
2017-12-29,12.395500183105469,3.776859998703003,13558.0,21.393999099731445,3.499000072479248,259.44000244140625
2018-01-01,12.319990158081055,3.7948999404907227,13542.0,21.254600524902344,3.4835000038146973,258.6700134277344
2018-01-02,12.38700008392334,3.791100025177002,13550.0,21.260000228881836,3.474400043487549,258.27301025390625
2018-01-03,12.435620307922363,3.7655999660491943,13496.0,21.12700080871582,3.450200080871582,256.1080017089844
2018-01-04,12.361000061035156,3.780600070953369,13468.0,21.206199645996094,3.453900098800659,256.7300109863281
2018-01-05,12.287199974060059,3.750269889831543,13415.0,21.13089942932129,3.436150074005127,255.08099365234375
2018-01-08,12.295539855957031,3.7323501110076904,13427.0,21.17930030822754,3.4495599269866943,256.1669921875
2018-01-09,12.372400283813477,3.7439000606536865,13427.0,21.320999145507812,3.4837300777435303,257.9200134277344
2018-01-10,12.331500053405762,3.7684199810028076,13430.0,21.391199111938477,3.5132999420166016,259.30499267578125
2018-01-11,12.418999671936035,3.7987000942230225,13441.0,21.342500686645508,3.49180006980896,258.6650085449219
2018-01-12,12.378390312194824,3.773550033569336,13393.0,21.166200637817383,3.4595999717712402,256.25
2018-01-15,12.368619918823242,3.7515599727630615,13295.0,20.916799545288086,3.419559955596924,252.98300170898438
2018-01-16,12.287300109863281,3.7999699115753174,13305.0,20.800399780273438,3.3991000652313232,251.53599548339844
2018-01-17,12.254340171813965,3.7986700534820557,13306.0,20.695999145507812,3.399399995803833,251.23899841308594
2018-01-18,12.305780410766602,3.8151700496673584,13336.0,20.818199157714844,3.4188599586486816,252.97000122070312
2018-01-19,12.11400032043457,3.7654800415039062,13334.0,20.690799713134766,3.3996400833129883,251.77999877929688
2018-01-22,12.075499534606934,3.823230028152466,13325.0,20.716400146484375,3.4042301177978516,252.0
2018-01-23,12.042099952697754,3.7764999866485596,13342.0,20.703800201416016,3.3998000621795654,252.4199981689453
2018-01-24,12.025099754333496,3.768199920654297,13336.0,20.619400024414062,3.383660078048706,251.20700073242188
2018-01-25,11.873600006103516,3.7493999004364014,13298.0,20.48579978942871,3.350640058517456,249.4499969482422
2018-01-26,11.908499717712402,3.7596800327301025,13299.0,20.441999435424805,3.3422598838806152,249.24000549316406
2018-01-29,11.851900100708008,3.7499799728393555,13296.0,20.34000015258789,3.325360059738159,248.7530059814453
2018-01-30,11.93649959564209,3.786400079727173,13367.0,20.416400909423828,3.347559928894043,250.17999267578125
2018-01-31,11.961099624633789,3.7757198810577393,13421.0,20.38599967956543,3.3503599166870117,250.46099853515625
2018-02-01,11.838399887084961,3.7562999725341797,13383.0,20.33880043029785,3.342289924621582,249.2899932861328
2018-02-02,11.836199760437012,3.7337000370025635,13386.0,20.1299991607666,3.3202600479125977,246.82699584960938
2018-02-05,12.060770034790039,3.771899938583374,13411.0,20.247900009155273,3.348059892654419,248.7310028076172
2018-02-06,12.104900360107422,3.7867000102996826,13564.0,20.388399124145508,3.362420082092285,250.91700744628906
2018-02-07,11.928799629211426,3.764709949493408,13544.0,20.358299255371094,3.356800079345703,250.21299743652344
2018-02-08,12.060179710388184,3.802500009536743,13641.0,20.5664005279541,3.3991599082946777,252.8800048828125
2018-02-09,12.144969940185547,3.822619915008545,13598.0,20.688199996948242,3.4181599617004395,253.875
2018-02-12,12.020520210266113,3.8167500495910645,13610.0,20.69540023803711,3.413140058517456,254.7100067138672
2018-02-13,11.8927001953125,3.7976601123809814,13643.0,20.591100692749023,3.387399911880493,253.4709930419922
2018-02-14,11.959199905395508,3.804800033569336,13640.0,20.538999557495117,3.3729000091552734,252.51600646972656
2018-02-15,11.716500282287598,3.7797300815582275,13622.0,20.326799392700195,3.3310000896453857,250.35499572753906
2018-02-16,11.617600440979004,3.7646000385284424,13552.0,20.2450008392334,3.322999954223633,248.77000427246094
2018-02-19,11.615099906921387,3.74685001373291,13552.0,20.42300033569336,3.3498001098632812,250.75
2018-02-20,11.673179626464844,3.7581899166107178,13554.0,20.402700424194336,3.335200071334839,250.6699981689453
2018-02-21,11.717499732971191,3.797800064086914,13608.0,20.507299423217773,3.3628599643707275,252.8470001220703
2018-02-22,11.661700248718262,3.7918601036071777,13612.0,20.638200759887695,3.3977999687194824,254.22999572753906
2018-02-23,11.65060043334961,3.782399892807007,13676.0,20.54129981994629,3.392400026321411,253.60000610351562
2018-02-26,11.567290306091309,3.787839889526367,13652.0,20.625499725341797,3.394860029220581,254.5019989013672
2018-02-27,11.563799858093262,3.7850899696350098,13651.0,20.573400497436523,3.384660005569458,254.5399932861328
2018-02-28,11.699299812316895,3.815200090408325,13694.0,20.759300231933594,3.4118099212646484,256.69000244140625
2018-03-01,11.776000022888184,3.8029000759124756,13756.0,20.84830093383789,3.4254000186920166,257.3890075683594
2018-03-02,11.845999717712402,3.8076999187469482,13741.0,20.716699600219727,3.411679983139038,255.43099975585938
2018-03-05,11.917449951171875,3.8101000785827637,13751.0,20.565900802612305,3.403899908065796,254.5
2018-03-06,11.832220077514648,3.8106000423431396,13737.0,20.58799934387207,3.3942599296569824,254.68600463867188
2018-03-07,11.844799995422363,3.798799991607666,13759.0,20.444599151611328,3.3725600242614746,252.0189971923828
2018-03-08,11.838390350341797,3.8062899112701416,13745.0,20.478300094604492,3.3924400806427,251.39999389648438
2018-03-09,11.907649993896484,3.823499917984009,13786.0,20.64859962463379,3.4148600101470947,253.2100067138672
2018-03-12,11.810219764709473,3.812000036239624,13772.0,20.684999465942383,3.404360055923462,253.0570068359375
2018-03-13,11.809000015258789,3.8427000045776367,13755.0,20.6033992767334,3.40585994720459,252.6300048828125
2018-03-14,11.779199600219727,3.8698999881744385,13740.0,20.569700241088867,3.3970999717712402,251.38999938964844
2018-03-15,11.762700080871582,3.8803000450134277,13725.0,20.545700073242188,3.3938000202178955,251.46299743652344
2018-03-16,11.897100448608398,3.8935399055480957,13758.0,20.619300842285156,3.4235000610351562,252.6300048828125
2018-03-19,11.97677993774414,3.918299913406372,13748.0,20.66629981994629,3.4351999759674072,253.0500030517578
2018-03-20,12.008099555969238,3.9432899951934814,13771.0,20.586999893188477,3.422149896621704,252.2010040283203
2018-03-21,11.949600219726562,3.932149887084961,13743.0,20.74839973449707,3.4530999660491943,254.07000732421875
2018-03-22,11.822469711303711,3.9087700843811035,13705.0,20.564899444580078,3.4210500717163086,251.88400268554688
2018-03-23,11.877400398254395,3.9738800525665283,13754.0,20.61479949951172,3.4258999824523926,253.0399932861328
2018-03-26,11.695500373840332,3.9814000129699707,13762.0,20.565200805664062,3.423259973526001,252.89999389648438
2018-03-27,11.63659954071045,3.9655001163482666,13718.0,20.407800674438477,3.389400005340576,251.02000427246094
2018-03-28,11.64468002319336,3.979180097579956,13740.0,20.534900665283203,3.3938000202178955,252.1060028076172
2018-03-29,11.768199920654297,4.013299942016602,13756.0,20.66990089416504,3.4161500930786133,253.79400634765625
2018-03-30,11.831080436706543,3.9449000358581543,13757.0,20.60580062866211,3.4188599586486816,253.66000366210938
2018-04-02,11.834179878234863,3.9518399238586426,13768.0,20.615699768066406,3.421260118484497,253.677001953125
2018-04-03,11.851960182189941,3.977099895477295,13748.0,20.625699996948242,3.4240000247955322,253.9949951171875
2018-04-04,11.81659984588623,3.9893500804901123,13741.0,20.61829948425293,3.4143199920654297,253.72999572753906
2018-04-05,11.862199783325195,3.999109983444214,13751.0,20.609399795532227,3.419600009918213,252.89500427246094
2018-04-06,11.988479614257812,4.03941011428833,13760.0,20.677099227905273,3.4235000610351562,253.9199981689453
2018-04-09,12.02455997467041,4.047100067138672,13763.0,20.680599212646484,3.4196600914001465,254.21200561523438
2018-04-10,12.08782958984375,4.075500011444092,13768.0,20.56599998474121,3.402859926223755,252.6999969482422
2018-04-11,12.02649974822998,4.1095499992370605,13742.099609375,20.46780014038086,3.3870599269866943,251.63999938964844
2018-04-12,11.94320011138916,4.1407999992370605,13753.5,20.46579933166504,3.3824000358581543,251.57000732421875
2018-04-13,12.04170036315918,4.114019870758057,13767.0,20.5049991607666,3.3890199661254883,252.375
2018-04-16,12.078510284423828,4.090789794921875,13733.0,20.510499954223633,3.3776400089263916,251.86900329589844
2018-04-17,12.032999992370605,4.0929999351501465,13766.0,20.375699996948242,3.352260112762451,250.38999938964844
2018-04-18,11.981200218200684,4.093090057373047,13757.0,20.4281005859375,3.3635900020599365,250.77000427246094
2018-04-19,11.924180030822754,4.017000198364258,13769.0,20.409500122070312,3.361459970474243,250.70199584960938
2018-04-20,11.966899871826172,4.045820236206055,13800.0,20.513599395751953,3.372529983520508,250.98500061035156
2018-04-23,12.091699600219727,4.078499794006348,13899.0,20.656400680541992,3.4022998809814453,252.93899536132812
2018-04-24,12.337200164794922,4.107699871063232,13961.0,20.828100204467773,3.442049980163574,255.71600341796875
2018-04-25,12.313400268554688,4.086480140686035,13872.0,20.78260040283203,3.4382998943328857,255.1510009765625
2018-04-26,12.431099891662598,4.081099987030029,13919.0,20.913700103759766,3.4721999168395996,257.0679931640625
2018-04-27,12.37660026550293,4.0658698081970215,13879.0,21.01219940185547,3.4916000366210938,258.26800537109375
2018-04-30,12.318699836730957,4.051660060882568,13870.0,21.001699447631836,3.470639944076538,258.0360107421875
2018-05-01,12.442970275878906,4.056650161743164,13901.0,21.158899307250977,3.5081000328063965,259.3949890136719
2018-05-02,12.660499572753906,4.109000205993652,13982.2998046875,21.390499114990234,3.5632901191711426,261.55999755859375
2018-05-03,12.689800262451172,4.182720184326172,14002.2998046875,21.395000457763672,3.573199987411499,263.1499938964844
2018-05-04,12.587599754333496,4.223189830780029,13931.0,21.249500274658203,3.557800054550171,261.5899963378906
2018-05-07,12.497099876403809,4.241680145263672,13933.0,21.29159927368164,3.5496599674224854,262.3599853515625
2018-05-08,12.529970169067383,4.26639986038208,14268.5,21.364900588989258,3.569700002670288,263.44000244140625
2018-05-09,12.577420234680176,4.349599838256836,14264.099609375,21.535600662231445,3.6068999767303467,265.2200012207031
2018-05-10,12.553560256958008,4.28439998626709,14073.0,21.58289909362793,3.598900079727173,266.0950012207031
2018-05-11,12.30681037902832,4.238140106201172,14073.0,21.368600845336914,3.5667500495910645,263.7040100097656
2018-05-14,12.245499610900879,4.314199924468994,13943.0,21.32379913330078,3.5664000511169434,263.56298828125
2018-05-15,12.315299987792969,4.350800037384033,13963.0,21.369300842285156,3.5801000595092773,264.1700134277344
2018-05-16,12.570489883422852,4.453800201416016,14030.0,21.597200393676758,3.6366000175476074,267.5140075683594
2018-05-17,12.428750038146973,4.428899765014648,14149.2001953125,21.57159996032715,3.6161999702453613,267.19000244140625
2018-05-18,12.606120109558105,4.461299896240234,14153.5,21.66790008544922,3.642899990081787,268.7860107421875
2018-05-21,12.750699996948242,4.493239879608154,14163.0,21.791000366210938,3.654860019683838,270.4739990234375
2018-05-22,12.66901969909668,4.577970027923584,14220.0,21.763399124145508,3.6382598876953125,269.4339904785156
2018-05-23,12.556900024414062,4.734499931335449,14200.7998046875,21.761899948120117,3.6330599784851074,269.6709899902344
2018-05-24,12.454400062561035,4.572199821472168,14169.0,22.001300811767578,3.6730599403381348,271.635986328125
2018-05-25,12.415399551391602,4.756100177764893,14124.0,21.990999221801758,3.6757500171661377,272.1700134277344
2018-05-28,12.474499702453613,4.703100204467773,14078.0,21.995800018310547,3.686300039291382,272.79998779296875
2018-05-29,12.451760292053223,4.582300186157227,14010.0,22.141399383544922,3.6982600688934326,273.99700927734375
2018-05-30,12.68988037109375,4.5601701736450195,14029.0,22.457700729370117,3.755959987640381,278.0660095214844
2018-05-31,12.517900466918945,4.468599796295166,13977.0,22.1481990814209,3.6909000873565674,273.8599853515625
2018-06-01,12.700719833374023,4.527910232543945,13880.0,22.078699111938477,3.6894500255584717,273.4259948730469
2018-06-04,12.668100357055664,4.646500110626221,13938.0,22.09980010986328,3.683650016784668,274.1499938964844
2018-06-05,12.567350387573242,4.585000038146973,13860.0,21.946800231933594,3.6510000228881836,272.4599914550781
2018-06-06,12.747320175170898,4.594900131225586,13870.0,21.825000762939453,3.6489999294281006,271.6400146484375
2018-06-07,12.700599670410156,4.559999942779541,13822.0,21.78569984436035,3.6221001148223877,269.81298828125
2018-06-08,12.965499877929688,4.480299949645996,13863.0,21.832000732421875,3.626300096511841,270.04998779296875
2018-06-11,13.056400299072266,4.472499847412109,13866.0,21.827699661254883,3.6303999423980713,271.2699890136719
2018-06-12,13.146100044250488,4.520999908447266,13923.0,21.75,3.6218600273132324,272.5
2018-06-13,13.292900085449219,4.586900234222412,13923.0,21.841800689697266,3.6433498859405518,271.98199462890625
2018-06-14,13.307330131530762,4.662799835205078,13923.0,21.7549991607666,3.622299909591675,271.5429992675781
2018-06-15,13.437100410461426,4.739590167999268,14121.400390625,22.231599807739258,3.703969955444336,279.16400146484375
2018-06-18,13.413599967956543,4.740499973297119,13923.0,22.16550064086914,3.690459966659546,278.2330017089844
2018-06-19,13.648799896240234,4.706999778747559,13923.0,22.167200088500977,3.6999599933624268,278.14300537109375
2018-06-20,13.734310150146484,4.743599891662598,13923.0,22.292499542236328,3.7195498943328857,277.9599914550781
2018-06-21,13.656339645385742,4.743100166320801,13923.0,22.304500579833984,3.726759910583496,279.42999267578125
2018-06-22,13.581979751586914,4.735099792480469,14088.0,22.271099090576172,3.7304999828338623,280.9200134277344
2018-06-25,13.404580116271973,4.606969833374023,14073.0,22.132999420166016,3.706899881362915,278.0799865722656
2018-06-26,13.511199951171875,4.686999797821045,14148.0,22.107099533081055,3.713900089263916,278.364013671875
2018-06-27,13.515700340270996,4.613999843597412,14188.0,22.248300552368164,3.7224600315093994,279.9679870605469
2018-06-28,13.849200248718262,4.621300220489502,14235.0,22.42569923400879,3.7622599601745605,283.20001220703125
2018-06-29,13.76710033416748,4.5904998779296875,14350.0,22.416000366210938,3.771660089492798,283.94000244140625
2018-07-02,13.709099769592285,4.589890003204346,14317.0,22.216999053955078,3.736459970474243,281.6000061035156
2018-07-03,13.827500343322754,4.616099834442139,14347.0,22.395999908447266,3.776750087738037,283.3269958496094
2018-07-04,13.677379608154297,4.675099849700928,14353.0,22.377099990844727,3.7704999446868896,280.6000061035156
2018-07-05,13.668899536132812,4.669589996337891,14400.0,22.292699813842773,3.7573599815368652,278.8269958496094
2018-07-06,13.531100273132324,4.604269981384277,14378.7998046875,22.14620018005371,3.7211499214172363,276.5299987792969
2018-07-09,13.446200370788574,4.578800201416016,14307.0,22.016000747680664,3.7044999599456787,275.10699462890625
2018-07-10,13.39780044555664,4.712470054626465,14311.0,21.96470069885254,3.6658599376678467,275.1499938964844
2018-07-11,13.36970043182373,4.714700222015381,14375.0,22.027299880981445,3.6821999549865723,276.0400085449219
2018-07-12,13.547100067138672,4.889969825744629,14378.0,22.20319938659668,3.7171599864959717,278.5299987792969
2018-07-13,13.304100036621094,4.867599964141846,14385.0,22.20639991760254,3.7040998935699463,278.1700134277344
2018-07-16,13.250699996948242,4.854949951171875,14373.0,22.1643009185791,3.6913599967956543,276.7799987792969
2018-07-17,13.211580276489258,4.852910041809082,14365.5,22.093900680541992,3.6733999252319336,275.7799987792969
2018-07-18,13.269800186157227,4.800300121307373,14377.0,22.169300079345703,3.685760021209717,277.3900146484375
2018-07-19,13.267849922180176,4.796090126037598,14441.0,22.176799774169922,3.7007501125335693,278.3299865722656
2018-07-20,13.53617000579834,4.801030158996582,14468.0,22.23550033569336,3.72406005859375,280.0870056152344
2018-07-23,13.382800102233887,4.777910232543945,14473.0,22.00200080871582,3.6786999702453613,277.04998779296875
2018-07-24,13.448399543762207,4.7368998527526855,14567.5,22.065099716186523,3.700500011444092,279.0299987792969
2018-07-25,13.268500328063965,4.881100177764893,14543.2998046875,21.952600479125977,3.6815600395202637,278.7699890136719
2018-07-26,13.09749984741211,4.796599864959717,14465.0,21.809999465942383,3.660399913787842,277.0799865722656
2018-07-27,13.23270034790039,4.869939804077148,14525.0,22.01140022277832,3.683799982070923,278.0710144042969
2018-07-30,13.175000190734863,4.851329803466797,14411.0,21.9689998626709,3.673759937286377,276.4100036621094
2018-07-31,13.155269622802734,4.882780075073242,14403.0,21.851600646972656,3.646549940109253,274.6409912109375
2018-08-01,13.23289966583252,4.917900085449219,14409.2001953125,21.857999801635742,3.6565001010894775,273.875
2018-08-02,13.214380264282227,4.981249809265137,14489.0,21.928600311279297,3.654400110244751,274.7860107421875
2018-08-03,13.432499885559082,5.091599941253662,14521.0,22.120100021362305,3.6910998821258545,277.05999755859375
2018-08-06,13.339079856872559,5.10099983215332,14486.0,22.180599212646484,3.6785600185394287,276.6300048828125
2018-08-07,13.430399894714355,5.261499881744385,14543.2998046875,22.155000686645508,3.6823599338531494,276.7959899902344
2018-08-08,13.315799713134766,5.2591400146484375,14422.0,22.056699752807617,3.668440103530884,275.7139892578125
2018-08-09,13.393500328063965,5.308899879455566,14398.0,22.019800186157227,3.672300100326538,275.1000061035156
2018-08-10,13.684800148010254,5.552000045776367,14472.0,22.19770050048828,3.7119600772857666,278.2850036621094
2018-08-13,14.237649917602539,6.817800045013428,14473.0,22.511499404907227,3.767400026321411,283.4100036621094
2018-08-14,14.3774995803833,6.9532999992370605,14594.0,22.58880043029785,3.77266001701355,283.0710144042969
2018-08-15,14.268199920654297,6.374899864196777,14642.0,22.640199661254883,3.7932000160217285,284.3599853515625
2018-08-16,14.591560363769531,5.956989765167236,14555.7998046875,22.7052001953125,3.8092100620269775,286.01300048828125
2018-08-17,14.710800170898438,5.85099983215332,14598.599609375,22.609100341796875,3.786099910736084,284.6600036621094
2018-08-20,14.742799758911133,6.007999897003174,14572.0,22.43899917602539,3.76203989982605,282.32000732421875
2018-08-21,14.500800132751465,6.098499774932861,14562.0,22.401199340820312,3.7480599880218506,281.7669982910156
2018-08-22,14.384300231933594,6.079699993133545,14570.0,22.225299835205078,3.7083499431610107,279.2820129394531
2018-08-23,14.159199714660645,6.0279998779296875,14572.0,22.202999114990234,3.6850500106811523,278.489990234375
2018-08-24,14.383500099182129,6.093800067901611,14664.0,22.270000457763672,3.715970039367676,280.8699951171875
2018-08-27,14.241800308227539,5.980720043182373,14559.0,22.088300704956055,3.6701300144195557,277.7969970703125
2018-08-28,14.159299850463867,6.1552300453186035,14551.0,21.994400024414062,3.654129981994629,277.1730041503906
2018-08-29,14.19279956817627,6.26609992980957,14653.0,21.97480010986328,3.6510000228881836,276.8080139160156
2018-08-30,14.337730407714844,6.473400115966797,14618.0,21.951799392700195,3.6603100299835205,278.0559997558594
2018-08-31,14.698380470275879,6.734099864959717,14751.0,22.08970069885254,3.6853599548339844,280.3160095214844
2018-09-03,14.715250015258789,6.583799839019775,14723.0,22.187599182128906,3.709199905395508,281.20001220703125
2018-09-04,14.850000381469727,6.633699893951416,14832.0,22.13170051574707,3.694499969482422,281.0299987792969
2018-09-05,15.318699836730957,6.666200160980225,14930.0,22.212099075317383,3.719599962234497,282.67999267578125
2018-09-06,15.401100158691406,6.5808000564575195,14979.900390625,22.11590003967285,3.7171499729156494,281.4410095214844
2018-09-07,15.311599731445312,6.583700180053711,14893.0,22.114599227905273,3.7198500633239746,280.4200134277344
2018-09-10,15.25,6.4217000007629395,14813.0,22.2185001373291,3.7293999195098877,281.0669860839844
2018-09-11,15.188199996948242,6.468299865722656,14844.5,22.09950065612793,3.719399929046631,280.05999755859375
2018-09-12,15.058699607849121,6.434360027313232,14837.0,22.119199752807617,3.7109498977661133,279.760009765625
2018-09-13,14.94260025024414,6.348199844360352,14807.0,22.004899978637695,3.7042500972747803,279.427001953125
2018-09-14,14.76550006866455,6.128699779510498,14740.0,21.801599502563477,3.6808600425720215,277.20001220703125
2018-09-17,14.934700012207031,6.161399841308594,14807.0,21.87689971923828,3.701620101928711,279.17999267578125
2018-09-18,14.967940330505371,6.323299884796143,14907.099609375,21.798799514770508,3.683069944381714,278.1409912109375
2018-09-19,14.858799934387207,6.39870023727417,14867.0,21.74850082397461,3.6699600219726562,277.1910095214844
2018-09-20,14.637499809265137,6.247379779815674,14880.0,21.82710075378418,3.671250104904175,276.6000061035156
2018-09-21,14.297900199890137,6.221399784088135,14832.0,21.701900482177734,3.642400026321411,274.489990234375
2018-09-24,14.340100288391113,6.300930023193359,14812.0,21.757699966430664,3.667099952697754,275.6499938964844
2018-09-25,14.355500221252441,6.153299808502197,14861.0,21.768999099731445,3.656899929046631,275.1969909667969
2018-09-26,14.330699920654297,6.191999912261963,15021.5,21.743000030517578,3.6427700519561768,275.50201416015625
2018-09-27,14.132630348205566,6.107500076293945,14985.0,21.798799514770508,3.63565993309021,275.1099853515625
2018-09-28,14.104299545288086,6.00570011138916,14918.7998046875,22.058500289916992,3.668440103530884,277.82000732421875
2018-10-01,14.10159969329834,6.044000148773193,14902.0,22.191999435424805,3.6883599758148193,278.5360107421875
2018-10-02,14.20740032196045,5.937600135803223,15053.2998046875,22.25659942626953,3.702199935913086,278.7900085449219
2018-10-03,14.34846019744873,5.987820148468018,15038.0,22.325599670410156,3.7193000316619873,279.3500061035156
2018-10-04,14.629500389099121,6.0517802238464355,15139.2001953125,22.395999908447266,3.746000051498413,281.1700134277344
2018-10-05,14.8302001953125,6.185500144958496,15408.900390625,22.362699508666992,3.7410600185394287,281.4100036621094
2018-10-08,14.811400413513184,6.163899898529053,15173.0,22.343900680541992,3.7356600761413574,281.6199951171875
2018-10-09,14.844799995422363,6.1178998947143555,15400.0,22.40239906311035,3.755510091781616,282.7300109863281
2018-10-10,14.5649995803833,6.105199813842773,15223.0,22.43280029296875,3.7393999099731445,282.0480041503906
2018-10-11,14.754599571228027,6.0802998542785645,15196.0,22.403799057006836,3.7467000484466553,282.3500061035156
2018-10-12,14.57960033416748,5.917479991912842,15299.2001953125,22.2731990814209,3.7144100666046143,280.4540100097656
2018-10-15,14.527199745178223,5.879899978637695,15198.0,22.321699142456055,3.718830108642578,280.6679992675781
2018-10-16,14.33240032196045,5.780200004577637,15193.7998046875,22.26729965209961,3.7024199962615967,278.4100036621094
2018-10-17,14.17477035522461,5.6915998458862305,15193.0,22.305999755859375,3.7000999450683594,277.7640075683594
2018-10-18,14.240699768066406,5.587490081787109,15264.2998046875,22.447999954223633,3.72979998588562,279.8599853515625
2018-10-19,14.427599906921387,5.6356000900268555,15328.5,22.577999114990234,3.7578999996185303,281.87200927734375
2018-10-22,14.413800239562988,5.650700092315674,15181.0,22.456600189208984,3.732340097427368,280.3550109863281
2018-10-23,14.321849822998047,5.665900230407715,15264.7001953125,22.495100021362305,3.742959976196289,281.32501220703125
2018-10-24,14.218700408935547,5.747220039367676,15183.0,22.461599349975586,3.7442100048065186,281.1180114746094
2018-10-25,14.548399925231934,5.700769901275635,15269.5,22.67289924621582,3.7809998989105225,283.79998779296875
2018-10-26,14.605859756469727,5.6356000900268555,15257.2998046875,22.71470069885254,3.788520097732544,284.70001220703125
2018-10-29,14.562999725341797,5.589399814605713,15210.0,22.635499954223633,3.7799999713897705,284.072998046875
2018-10-30,14.697400093078613,5.559619903564453,15297.7998046875,22.721200942993164,3.8041999340057373,285.1549987792969
2018-10-31,14.595000267028809,5.480899810791016,15273.099609375,22.798500061035156,3.8169000148773193,285.79400634765625
2018-11-01,14.755000114440918,5.584000110626221,15196.0,22.897300720214844,3.8361599445343018,286.62799072265625
2018-11-02,14.398300170898438,5.524799823760986,15068.7001953125,22.62579917907715,3.7892000675201416,282.9700012207031
2018-11-05,14.261300086975098,5.431000232696533,14946.0,22.625200271606445,3.7771100997924805,281.9700012207031
2018-11-06,14.138799667358398,5.320099830627441,14921.599609375,22.593799591064453,3.771199941635132,281.9230041503906
2018-11-07,14.097399711608887,5.361199855804443,14830.0,22.58839988708496,3.7611000537872314,281.11700439453125
2018-11-08,13.910599708557129,5.36359977722168,14598.900390625,22.616500854492188,3.7486300468444824,280.7969970703125
2018-11-09,14.115839958190918,5.457039833068848,14720.0,22.73900032043457,3.763279914855957,282.0530090332031
2018-11-12,14.33489990234375,5.460820198059082,14678.0,22.882999420166016,3.786400079727173,283.67498779296875
2018-11-13,14.452699661254883,5.471799850463867,14808.0,23.089000701904297,3.8344500064849854,287.07000732421875
2018-11-14,14.422200202941895,5.478000164031982,14794.2998046875,22.923999786376953,3.795599937438965,285.29998779296875
2018-11-15,14.357789993286133,5.45697021484375,14813.2998046875,22.975200653076172,3.794990062713623,284.9599914550781
2018-11-16,14.189900398254395,5.393899917602539,14562.2001953125,22.94580078125,3.7846999168395996,284.1499938964844
2018-11-19,13.971799850463867,5.337699890136719,14605.0,22.756000518798828,3.781820058822632,281.5660095214844
2018-11-20,14.014679908752441,5.311999797821045,14652.7001953125,22.707300186157227,3.77839994430542,280.2869873046875
2018-11-21,14.091400146484375,5.382500171661377,14664.2998046875,22.871000289916992,3.7906999588012695,282.4700012207031
2018-11-22,13.924400329589844,5.3130202293396,14630.0,22.80620002746582,3.7781999111175537,282.27398681640625
2018-11-23,13.731200218200684,5.298500061035156,14600.0,22.77280044555664,3.765199899673462,281.5299987792969
2018-11-26,13.845319747924805,5.291460037231445,14533.0,22.834199905395508,3.785290002822876,284.1600036621094
2018-11-27,13.905500411987305,5.244840145111084,14526.900390625,22.858400344848633,3.7911999225616455,285.54998779296875
2018-11-28,13.90880012512207,5.26200008392334,14575.5,22.92009925842285,3.799999952316284,286.6300048828125
2018-11-29,13.766200065612793,5.218999862670898,14459.7998046875,22.79400062561035,3.7690200805664062,284.4590148925781
2018-11-30,13.65310001373291,5.170199871063232,14356.0,22.762300491333008,3.762120008468628,283.8009948730469
2018-12-03,13.71720027923584,5.190209865570068,14296.0,22.879499435424805,3.7811999320983887,285.1260070800781
2018-12-04,13.683799743652344,5.250800132751465,14339.0,22.81570053100586,3.765549898147583,283.95001220703125
2018-12-05,13.824600219726562,5.382629871368408,14448.599609375,22.839000701904297,3.7743000984191895,285.05999755859375
2018-12-06,13.831199645996094,5.326700210571289,14431.599609375,22.80929946899414,3.7731499671936035,284.760009765625
2018-12-07,14.038900375366211,5.3379998207092285,14528.0,22.73579978942871,3.7622499465942383,283.7799987792969
2018-12-10,14.176300048828125,5.322400093078613,14463.0,22.66860008239746,3.7646000385284424,283.2099914550781
2018-12-11,14.35159969329834,5.3282999992370605,14548.0,22.752099990844727,3.7816998958587646,284.739990234375
2018-12-12,14.317500114440918,5.360199928283691,14637.400390625,22.8174991607666,3.796950101852417,285.69000244140625
2018-12-13,14.095999717712402,5.34689998626709,14579.7998046875,22.70840072631836,3.7723400592803955,283.69500732421875
2018-12-14,14.172900199890137,5.341670036315918,14550.0,22.698299407958984,3.7786800861358643,284.3299865722656
2018-12-17,14.375100135803223,5.367700099945068,14578.0,22.791000366210938,3.795799970626831,285.9800109863281
2018-12-18,14.380000114440918,5.373000144958496,14588.7001953125,22.688199996948242,3.7732999324798584,284.8800048828125
2018-12-19,14.333049774169922,5.336080074310303,14490.0,22.60540008544922,3.7666499614715576,283.0799865722656
2018-12-20,14.361900329589844,5.297699928283691,14493.0,22.592899322509766,3.7664999961853027,283.2200012207031
2018-12-21,14.37975025177002,5.264200210571289,14534.7998046875,22.483999252319336,3.738600015640259,280.3599853515625
2018-12-24,14.6318998336792,5.310989856719971,14548.0,22.710800170898438,3.7658300399780273,282.8909912109375
2018-12-25,14.509499549865723,5.289400100708008,14548.0,22.67140007019043,3.7604000568389893,281.80999755859375
2018-12-26,14.581000328063965,5.284299850463867,14710.0,22.63759994506836,3.760499954223633,281.69000244140625
2018-12-27,14.499799728393555,5.2741498947143555,14609.400390625,22.790800094604492,3.7681000232696533,282.69000244140625
2018-12-28,14.493200302124023,5.293379783630371,14561.599609375,22.572399139404297,3.754879951477051,280.58599853515625
2018-12-31,14.415300369262695,5.274280071258545,14553.0,22.4862003326416,3.756850004196167,280.947998046875
2019-01-01,14.125800132751465,5.269999980926514,14460.0,22.401399612426758,3.740299940109253,279.7900085449219
2019-01-02,14.387649536132812,5.288700103759766,14460.0,22.430400848388672,3.7400999069213867,280.07000732421875
2019-01-03,14.558300018310547,5.5152997970581055,14409.7001953125,22.73069953918457,3.7976999282836914,284.70001220703125
2019-01-04,14.309000015258789,5.4721999168396,14375.400390625,22.4960994720459,3.7655999660491943,281.52801513671875
2019-01-07,13.98069953918457,5.327000141143799,14267.0,22.39430046081543,3.7603800296783447,281.1700134277344
2019-01-08,13.860699653625488,5.383800029754639,14083.0,22.265199661254883,3.74111008644104,279.63299560546875
2019-01-09,13.94629955291748,5.482500076293945,14138.0,22.359800338745117,3.75,280.739990234375
2019-01-10,13.843899726867676,5.475599765777588,14130.0,22.162399291992188,3.722899913787842,277.79998779296875
2019-01-11,13.854559898376465,5.42441987991333,14048.0,22.2012996673584,3.7322299480438232,278.875
2019-01-14,13.85669994354248,5.480800151824951,14038.0,22.299100875854492,3.743259906768799,280.0270080566406
2019-01-15,13.762700080871582,5.460700035095215,14117.0,22.242900848388672,3.738529920578003,280.239990234375
2019-01-16,13.720199584960938,5.446599960327148,14111.0,22.351699829101562,3.759429931640625,282.9200134277344
2019-01-17,13.678999900817871,5.335669994354248,14140.0,22.388999938964844,3.7555201053619385,281.6679992675781
2019-01-18,13.710399627685547,5.352700233459473,14173.0,22.399999618530273,3.762589931488037,280.2179870605469
2019-01-21,13.819000244140625,5.327400207519531,14168.0,22.477800369262695,3.7737998962402344,279.55999755859375
2019-01-22,13.809800148010254,5.325799942016602,14307.0,22.495899200439453,3.767199993133545,279.2699890136719
2019-01-23,13.954400062561035,5.3394999504089355,14208.0,22.526199340820312,3.7715001106262207,279.8299865722656
2019-01-24,13.807700157165527,5.2881999015808105,14130.900390625,22.54520034790039,3.7669999599456787,279.1300048828125
2019-01-25,13.708100318908691,5.268899917602539,14189.0,22.71929931640625,3.7901999950408936,281.5450134277344
2019-01-28,13.603639602661133,5.268899917602539,14078.0,22.461599349975586,3.7549500465393066,278.0350036621094
2019-01-29,13.65725040435791,5.32289981842041,14063.0,22.515100479125977,3.7546401023864746,277.52899169921875
2019-01-30,13.607999801635742,5.3084001541137695,14074.0,22.5093994140625,3.7546401023864746,277.1629943847656
2019-01-31,13.327899932861328,5.227409839630127,14033.0,22.421100616455078,3.72979998588562,274.6199951171875
2019-02-01,13.248800277709961,5.180200099945068,13966.0,22.474700927734375,3.723400115966797,275.75
2019-02-04,13.315299987792969,5.211939811706543,13933.0,22.408300399780273,3.7391300201416016,276.8699951171875
2019-02-05,13.410200119018555,5.210840225219727,13957.5,22.444400787353516,3.745990037918091,277.34600830078125
2019-02-06,13.364999771118164,5.196979999542236,13950.5,22.513999938964844,3.757200002670288,278.2250061035156
2019-02-07,13.528030395507812,5.218989849090576,13915.0,22.684200286865234,3.778670072555542,280.18499755859375
2019-02-08,13.608599662780762,5.271190166473389,13966.0,22.717899322509766,3.7972099781036377,280.86199951171875
2019-02-11,13.607799530029297,5.250800132751465,13958.0,22.770599365234375,3.8059499263763428,281.6499938964844
2019-02-12,13.781700134277344,5.272799968719482,14033.0,22.93199920654297,3.83270001411438,283.4200134277344
2019-02-13,13.750300407409668,5.251609802246094,14012.7001953125,22.797000885009766,3.8174800872802734,280.57501220703125
2019-02-14,14.039520263671875,5.287499904632568,14151.0,22.87689971923828,3.850800037384033,282.92999267578125
2019-02-15,14.114899635314941,5.275899887084961,14083.0,22.80430030822754,3.832900047302246,281.7799987792969
2019-02-18,14.080100059509277,5.286600112915039,14136.0,22.704200744628906,3.8336000442504883,281.3500061035156
2019-02-19,14.074000358581543,5.298999786376953,14192.5,22.7189998626709,3.8276000022888184,280.9100036621094
2019-02-20,14.03030014038086,5.282529830932617,14096.5,22.629600524902344,3.8174500465393066,279.5899963378906
2019-02-21,14.008700370788574,5.323050022125244,14033.0,22.602500915527344,3.816999912261963,279.29998779296875
2019-02-22,14.010700225830078,5.31879997253418,14120.0,22.585500717163086,3.820319890975952,279.6650085449219
2019-02-25,13.953969955444336,5.319399833679199,14051.0,22.591999053955078,3.8262999057769775,280.0400085449219
2019-02-26,13.816399574279785,5.302800178527832,14011.0,22.540700912475586,3.815840005874634,279.47100830078125
2019-02-27,13.828049659729004,5.303800106048584,13960.0,22.483600616455078,3.7939000129699707,277.7510070800781
2019-02-28,13.916600227355957,5.309370040893555,14015.0,22.51129913330078,3.790800094604492,277.6499938964844
2019-03-01,14.059200286865234,5.341780185699463,14194.0,22.50950050354004,3.783099889755249,277.6499938964844
2019-03-04,14.173500061035156,5.371600151062012,14108.0,22.5044002532959,3.7841999530792236,277.6099853515625
2019-03-05,14.1875,5.389009952545166,14205.0,22.579099655151367,3.7892000675201416,278.1669921875
2019-03-06,14.166099548339844,5.386600017547607,14150.5,22.65180015563965,3.802649974822998,278.97900390625
2019-03-07,14.256099700927734,5.431300163269043,14214.5,22.601699829101562,3.7985599040985107,278.70001220703125
2019-03-08,14.500980377197266,5.459799766540527,14240.7998046875,22.85919952392578,3.8522000312805176,282.2300109863281
2019-03-11,14.411600112915039,5.432240009307861,14303.0,22.798500061035156,3.829400062561035,280.65301513671875
2019-03-12,14.29740047454834,5.4355998039245605,14283.0,22.760900497436523,3.819200038909912,280.1499938964844
2019-03-13,14.348799705505371,5.456200122833252,14258.0,22.71030044555664,3.808150053024292,279.0799865722656
2019-03-14,14.407899856567383,5.46028995513916,14258.0,22.62190055847168,3.793600082397461,277.4800109863281
2019-03-15,14.512399673461914,5.470300197601318,14287.0,22.673599243164062,3.804349899291992,277.75
2019-03-18,14.421299934387207,5.447279930114746,14251.0,22.632600784301758,3.7976999282836914,277.4859924316406
2019-03-19,14.428500175476074,5.468100070953369,14251.0,22.5674991607666,3.7860000133514404,276.67999267578125
2019-03-20,14.500619888305664,5.474999904632568,14223.0,22.537200927734375,3.77524995803833,275.5299987792969
2019-03-21,14.221699714660645,5.4278998374938965,14055.0,22.413799285888672,3.743259906768799,274.0899963378906
2019-03-22,14.199399948120117,5.464280128479004,14133.0,22.549999237060547,3.766550064086914,276.6000061035156
2019-03-25,14.47130012512207,5.676819801330566,14158.0,22.778200149536133,3.8055999279022217,279.80999755859375
2019-03-26,14.300399780273438,5.5596699714660645,14173.0,22.7450008392334,3.7915101051330566,279.2300109863281
2019-03-27,14.407099723815918,5.3653998374938965,14163.0,22.812299728393555,3.8044700622558594,282.5400085449219
2019-03-28,14.599100112915039,5.394700050354004,14346.0,22.874399185180664,3.814300060272217,284.1199951171875
2019-03-29,14.584600448608398,5.571700096130371,14235.0,22.964399337768555,3.8245999813079834,285.1600036621094
2019-04-01,14.327099800109863,5.591710090637207,14233.0,22.976200103759766,3.832200050354004,285.9200134277344
2019-04-02,14.176799774169922,5.515399932861328,14240.0,22.972400665283203,3.834399938583374,286.6659851074219
2019-04-03,14.20259952545166,5.615600109100342,14213.0,22.94809913635254,3.834700107574463,286.5920104980469
2019-04-04,14.125699996948242,5.622700214385986,14210.0,22.831300735473633,3.8162999153137207,284.25
2019-04-05,14.104399681091309,5.605400085449219,14151.0,22.844600677490234,3.822499990463257,285.0299987792969
2019-04-08,14.096199989318848,5.6381001472473145,14112.0,22.834199905395508,3.824399948120117,286.125
2019-04-09,14.117799758911133,5.691400051116943,14191.0,22.741899490356445,3.808000087738037,285.1300048828125
2019-04-10,14.075300216674805,5.681950092315674,14136.0,22.736299514770508,3.8032000064849854,285.8999938964844
2019-04-11,13.893799781799316,5.682700157165527,14177.0,22.67340087890625,3.794800043106079,284.9100036621094
2019-04-12,14.007800102233887,5.732089996337891,14138.0,22.717199325561523,3.8027100563049316,285.7659912109375
2019-04-15,13.952500343322754,5.78410005569458,14086.0,22.630199432373047,3.784899950027466,284.2099914550781
2019-04-16,14.035400390625,5.804200172424316,14155.5,22.65850067138672,3.781100034713745,283.0799865722656
2019-04-17,14.018899917602539,5.787909984588623,14079.0,22.746700286865234,3.7860000133514404,283.1300048828125
2019-04-18,13.962400436401367,5.758800029754639,14078.0,22.693300247192383,3.7796499729156494,282.6400146484375
2019-04-19,14.038900375366211,5.819900035858154,14036.0,22.844999313354492,3.8076000213623047,284.6099853515625
2019-04-22,14.074700355529785,5.825399875640869,14036.0,22.847000122070312,3.804800033569336,284.593994140625
2019-04-23,14.150099754333496,5.827199935913086,14061.5,22.809799194335938,3.804450035095215,284.42999267578125
2019-04-24,14.253199577331543,5.834000110626221,14061.0,22.915199279785156,3.8170900344848633,285.614990234375
2019-04-25,14.437999725341797,5.885499954223633,14154.0,23.060199737548828,3.851799964904785,288.3399963378906
2019-04-26,14.407500267028809,5.958499908447266,14306.5,23.069599151611328,3.8526999950408936,289.010009765625
2019-04-29,14.35260009765625,5.944699764251709,14165.0,23.034000396728516,3.852260112762451,288.9549865722656
2019-04-30,14.307499885559082,5.94890022277832,14191.0,22.920000076293945,3.837599992752075,288.6600036621094
2019-05-01,14.28909969329834,5.965000152587891,14243.0,22.833200454711914,3.8203999996185303,288.7349853515625
2019-05-02,14.435099601745605,5.962100028991699,14244.2998046875,22.855300903320312,3.824399948120117,289.4570007324219
2019-05-03,14.515800476074219,5.964799880981445,14244.0,22.975900650024414,3.836899995803833,290.0799865722656
2019-05-06,14.45149040222168,5.981729984283447,14230.0,22.95199966430664,3.8287999629974365,288.760009765625
2019-05-07,14.452500343322754,6.085549831390381,14286.0,22.93199920654297,3.8232500553131104,288.8399963378906
2019-05-08,14.427499771118164,6.1570000648498535,14346.2998046875,22.96579933166504,3.832050085067749,289.44000244140625
2019-05-09,14.368300437927246,6.160900115966797,14288.0,22.948400497436523,3.833199977874756,289.4599914550781
2019-05-10,14.331399917602539,6.1596999168396,14343.0,22.91710090637207,3.8308000564575195,288.739990234375
2019-05-13,14.19480037689209,5.992499828338623,14318.0,22.88330078125,3.8257501125335693,287.44500732421875
2019-05-14,14.322999954223633,6.095099925994873,14497.400390625,22.916099548339844,3.8338000774383545,288.260009765625
2019-05-15,14.238800048828125,6.035900115966797,14423.0,22.956899642944336,3.8447999954223633,289.3599853515625
2019-05-16,14.20460033416748,6.0142998695373535,14540.0,22.94059944152832,3.8358500003814697,289.67498779296875
2019-05-17,14.280019760131836,6.054800033569336,14569.5,22.98940086364746,3.850399971008301,290.25
2019-05-20,14.419899940490723,6.060800075531006,14443.0,23.077699661254883,3.8564000129699707,291.94000244140625
2019-05-21,14.373169898986816,6.0254998207092285,14448.0,23.05780029296875,3.848099946975708,292.1600036621094
2019-05-23,14.359700202941895,6.121200084686279,14518.0,23.115100860595703,3.858299970626831,292.3399963378906
2019-05-24,14.486040115356445,6.117300033569336,14453.0,23.101299285888672,3.848400115966797,291.7300109863281
2019-05-27,14.418299674987793,6.078100204467773,14386.0,23.02549934387207,3.830199956893921,289.9840087890625
2019-05-28,14.427499771118164,6.065700054168701,14445.0,23.059799194335938,3.8315999507904053,290.8299865722656
2019-05-29,14.698800086975098,6.029620170593262,14468.0,23.1382999420166,3.846950054168701,292.739990234375
2019-05-30,14.62909984588623,6.016600131988525,14393.0,23.194299697875977,3.85509991645813,292.5199890136719
2019-05-31,14.769000053405762,5.912499904632568,14401.0,23.185100555419922,3.8525099754333496,291.5299987792969
2019-06-03,14.599699974060059,5.864099979400635,14268.0,23.09600067138672,3.831549882888794,290.41900634765625
2019-06-04,14.446100234985352,5.83489990234375,14237.0,22.918800354003906,3.8053998947143555,287.0899963378906
2019-06-05,14.627300262451172,5.774720191955566,14260.0,22.838600158691406,3.80049991607666,285.9309997558594
2019-06-06,14.835200309753418,5.717870235443115,14280.0,22.82900047302246,3.8089001178741455,286.0199890136719
2019-06-07,15.003700256347656,5.791399955749512,14256.0,22.708200454711914,3.788019895553589,284.3800048828125
2019-06-10,14.918499946594238,5.841800212860107,14268.0,22.608600616455078,3.761699914932251,282.6700134277344
2019-06-11,14.807900428771973,5.791299819946289,14276.0,22.624099731445312,3.764899969100952,282.5320129394531
2019-06-12,14.653200149536133,5.804500102996826,14294.5,22.581899642944336,3.7620999813079834,283.3039855957031
2019-06-13,14.86139965057373,5.81279993057251,14262.0,22.631999969482422,3.7679998874664307,285.05999755859375
2019-06-14,14.856109619140625,5.875899791717529,14273.0,22.633100509643555,3.7725000381469727,285.2900085449219
2019-06-17,14.791000366210938,5.915999889373779,14318.0,22.743999481201172,3.7946999073028564,287.2200012207031
2019-06-18,14.795999526977539,5.869900226593018,14413.5,22.755599975585938,3.7957000732421875,286.8999938964844
2019-06-19,14.510499954223633,5.826159954071045,14289.5,22.84440040588379,3.802799940109253,288.4599914550781
2019-06-20,14.322199821472168,5.791269779205322,14280.0,22.796300888061523,3.7923998832702637,287.75
2019-06-21,14.333900451660156,5.764200210571289,14142.0,22.63089942932129,3.7642500400543213,285.8699951171875
2019-06-24,14.314279556274414,5.764400005340576,14148.0,22.466299057006836,3.7353498935699463,284.6000061035156
2019-06-25,14.353400230407715,5.799139976501465,14183.0,22.39940071105957,3.729099988937378,283.6700134277344
2019-06-26,14.325200080871582,5.793499946594238,14118.0,22.353900909423828,3.7425999641418457,284.1839904785156
2019-06-27,14.220100402832031,5.770899772644043,14215.5,22.33340072631836,3.744649887084961,284.1600036621094
2019-06-28,14.157899856567383,5.7718000411987305,14184.5,22.351699829101562,3.737879991531372,284.4200134277344
2019-07-01,14.07040023803711,5.733590126037598,14121.0,22.35810089111328,3.734100103378296,284.1549987792969
2019-07-02,14.129300117492676,5.651800155639648,14150.0,22.530000686645508,3.755500078201294,286.18701171875
2019-07-03,14.074299812316895,5.65310001373291,14196.0,22.51289939880371,3.757699966430664,285.739990234375
2019-07-04,14.052900314331055,5.622300148010254,14178.5,22.51580047607422,3.755199909210205,285.42999267578125
2019-07-05,14.038470268249512,5.595369815826416,14150.0,22.55590057373047,3.757659912109375,285.9700012207031
2019-07-08,14.195199966430664,5.742370128631592,14076.0,22.69260025024414,3.786900043487549,288.4599914550781
2019-07-09,14.179499626159668,5.730440139770508,14187.0,22.740800857543945,3.7950000762939453,289.4800109863281
2019-07-10,14.180800437927246,5.725820064544678,14236.0,22.783300399780273,3.8097000122070312,290.3399963378906
2019-07-11,13.974599838256836,5.6850199699401855,14161.5,22.698400497436523,3.787600040435791,289.1199951171875
2019-07-12,13.95259952545166,5.687849998474121,14124.0,22.731300354003906,3.7918999195098877,289.5799865722656
2019-07-15,13.957799911499023,5.724730014801025,14000.0,22.684999465942383,3.7871999740600586,288.59600830078125
2019-07-16,13.900639533996582,5.70704984664917,13913.0,22.70009994506836,3.78410005569458,288.75
2019-07-17,13.941300392150879,5.714200019836426,14008.5,22.798099517822266,3.7962000370025635,290.6400146484375
2019-07-18,13.996700286865234,5.683000087738037,14023.0,22.79129981994629,3.7962000370025635,290.6700134277344
2019-07-19,13.862700462341309,5.622600078582764,13970.0,22.664199829101562,3.777250051498413,289.1600036621094
2019-07-22,13.912400245666504,5.653800010681152,13941.0,22.744699478149414,3.788990020751953,289.7669982910156
2019-07-23,13.853099822998047,5.66949987411499,13997.0,22.767499923706055,3.7888500690460205,290.1000061035156
2019-07-24,13.923700332641602,5.717629909515381,14039.0,22.893699645996094,3.8180999755859375,292.0
2019-07-25,13.866900444030762,5.709020137786865,14027.5,22.872499465942383,3.8150999546051025,291.8800048828125
2019-07-26,14.078499794006348,5.698209762573242,14052.7001953125,22.88089942932129,3.8197999000549316,292.6000061035156
2019-07-29,14.242300033569336,5.656300067901611,13997.0,22.943700790405273,3.8366100788116455,293.4800109863281
2019-07-30,14.162839889526367,5.617099761962891,14066.0,22.997699737548828,3.8478500843048096,293.9700012207031
2019-07-31,14.178790092468262,5.557700157165527,14066.400390625,22.976299285888672,3.8513998985290527,293.2539978027344
2019-08-01,14.330599784851074,5.575409889221191,14165.0,23.20400047302246,3.871500015258789,294.3299865722656
2019-08-02,14.6048002243042,5.604100227355957,14329.0,23.270000457763672,3.8882999420166016,295.260009765625
2019-08-05,14.727700233459473,5.548130035400391,14173.0,23.160999298095703,3.8780200481414795,294.3489990234375
2019-08-06,14.945899963378906,5.590199947357178,14248.0,22.931800842285156,3.8424999713897705,290.7099914550781
2019-08-07,14.927200317382812,5.526760101318359,14258.0,22.963300704956055,3.852299928665161,289.7720031738281
2019-08-08,15.048500061035156,5.492400169372559,14274.5,22.97610092163086,3.856300115585327,290.7749938964844
2019-08-09,15.038700103759766,5.484600067138672,14236.5,23.02989959716797,3.862139940261841,289.52801513671875
2019-08-12,15.274999618530273,5.48744010925293,14183.0,23.011499404907227,3.8592000007629395,289.4309997558594
2019-08-13,15.287199974060059,5.563399791717529,14241.0,23.03619956970215,3.859060049057007,288.98699951171875
2019-08-14,15.132699966430664,5.562449932098389,14232.7998046875,23.08839988708496,3.876800060272217,289.3059997558594
2019-08-15,15.405200004577637,5.6118998527526855,14238.0,23.19860076904297,3.92399001121521,292.0
2019-08-16,15.24590015411377,5.5690999031066895,14333.0,23.237300872802734,3.934000015258789,292.79998779296875
2019-08-19,15.285300254821777,5.58620023727417,14228.0,23.19099998474121,3.913300037384033,292.4599914550781
2019-08-20,15.447199821472168,5.649099826812744,14337.2998046875,23.256799697875977,3.9421000480651855,294.4599914550781
2019-08-21,15.348699569702148,5.731900215148926,14326.099609375,23.211599349975586,3.928999900817871,294.82000732421875
2019-08-22,15.183899879455566,5.724999904632568,14275.0,23.230199813842773,3.9192099571228027,294.9800109863281
2019-08-23,15.214300155639648,5.768099784851074,14228.0,23.236600875854492,3.9312000274658203,295.8599853515625
2019-08-26,15.34611988067627,5.828199863433838,14206.0,23.211999893188477,3.9289801120758057,295.1919860839844
2019-08-27,15.268099784851074,5.828499794006348,14253.7998046875,23.215299606323242,3.927999973297119,296.3900146484375
2019-08-28,15.319700241088867,5.830699920654297,14343.7998046875,23.27519989013672,3.9482998847961426,296.9700012207031
2019-08-29,15.396599769592285,5.822500228881836,14311.2998046875,23.336000442504883,3.9602200984954834,297.5369873046875
2019-08-30,15.311699867248535,5.832699775695801,14231.0,23.38949966430664,3.966399908065796,299.45001220703125
2019-09-02,15.22029972076416,5.834690093994141,14178.0,23.58009910583496,3.9795000553131104,301.2699890136719
2019-09-03,15.234199523925781,5.80709981918335,14265.0,23.588499069213867,3.976710081100464,302.00299072265625
2019-09-04,15.101499557495117,5.7225799560546875,14260.7001953125,23.53059959411621,3.9609999656677246,300.489990234375
2019-09-05,14.794300079345703,5.671720027923584,14146.0,23.409799575805664,3.935499906539917,298.3800048828125
2019-09-06,14.863800048828125,5.691199779510498,14172.2998046875,23.387399673461914,3.9339001178741455,298.7200012207031
2019-09-09,14.789600372314453,5.704949855804443,14088.0,23.435699462890625,3.937299966812134,299.2099914550781
2019-09-10,14.758000373840332,5.74399995803833,14024.0,23.369800567626953,3.921380043029785,298.593994140625
2019-09-11,14.655099868774414,5.766970157623291,14095.7998046875,23.379499435424805,3.9207000732421875,300.0
2019-09-12,14.67609977722168,5.747099876403809,14106.400390625,23.484600067138672,3.940340042114258,301.4200134277344
2019-09-13,14.587699890136719,5.660399913787842,13983.0,23.347400665283203,3.9211199283599854,300.6499938964844
2019-09-16,14.622099876403809,5.727799892425537,13958.0,23.305200576782227,3.902669906616211,298.8500061035156
2019-09-17,14.654199600219727,5.728700160980225,14170.2998046875,23.476699829101562,3.9361000061035156,301.6300048828125
2019-09-18,14.692500114440918,5.7017998695373535,14126.7998046875,23.369400024414062,3.911720037460327,301.1400146484375
2019-09-19,14.67650032043457,5.6803998947143555,14126.0,23.446699142456055,3.933500051498413,301.6239929199219
2019-09-20,14.802399635314941,5.717299938201904,14158.0,23.424400329589844,3.9296000003814697,300.6700134277344
2019-09-23,14.906399726867676,5.740699768066406,14048.0,23.458999633789062,3.9674899578094482,302.8599853515625
2019-09-24,14.881799697875977,5.719200134277344,14078.0,23.513700485229492,3.9927000999450684,304.6199951171875
2019-09-25,14.851699829101562,5.6956000328063965,14177.2998046875,23.46820068359375,3.976599931716919,302.70001220703125
2019-09-26,14.9822998046875,5.672399997711182,14211.2998046875,23.490800857543945,3.9999001026153564,305.03900146484375
2019-09-27,15.018099784851074,5.66519021987915,14236.7998046875,23.641000747680664,4.014289855957031,306.9460144042969
2019-09-30,15.121700286865234,5.667699813842773,14158.0,23.59980010986328,4.005099773406982,306.41900634765625
2019-10-01,15.136980056762695,5.6483001708984375,14219.400390625,23.660999298095703,4.009900093078613,307.1000061035156
2019-10-02,15.32229995727539,5.717619895935059,14206.0,23.552200317382812,4.002900123596191,306.7799987792969
2019-10-03,15.266900062561035,5.702700138092041,14188.0,23.497100830078125,3.9786999225616455,304.4670104980469
2019-10-04,15.120400428771973,5.694399833679199,14166.0,23.41900062561035,3.9477200508117676,302.4219970703125
2019-10-07,15.067000389099121,5.71150016784668,14128.0,23.401599884033203,3.931999921798706,302.4800109863281
2019-10-08,15.1673002243042,5.840000152587891,14239.5,23.462299346923828,3.9451000690460205,303.5559997558594
2019-10-09,15.273650169372559,5.833809852600098,14210.0,23.50589942932129,3.9428699016571045,304.510009765625
2019-10-10,15.201299667358398,5.876399993896484,14217.5,23.46380043029785,3.9358999729156494,303.8999938964844
2019-10-11,15.016400337219238,5.842700004577637,14145.0,23.432899475097656,3.9128799438476562,301.42999267578125
2019-10-14,14.772899627685547,5.8942999839782715,14121.0,23.39299964904785,3.8999199867248535,300.95001220703125
2019-10-15,14.804100036621094,5.9274001121521,14168.5,23.412200927734375,3.8946800231933594,300.5169982910156
2019-10-16,14.868900299072266,5.921800136566162,14216.0,23.351999282836914,3.88919997215271,300.7799987792969
2019-10-17,14.928899765014648,5.884099960327148,14224.0,23.23780059814453,3.867300033569336,300.2300109863281
2019-10-18,14.818900108337402,5.817200183868408,14184.5,23.076799392700195,3.8502299785614014,297.57000732421875
2019-10-21,14.752300262451172,5.797999858856201,14138.0,22.95870018005371,3.839099884033203,296.1860046386719
2019-10-22,14.754500389099121,5.858520030975342,14102.5,22.92889976501465,3.8336000442504883,295.7439880371094
2019-10-23,14.577799797058105,5.799620151519775,14042.5,22.949199676513672,3.837860107421875,295.4209899902344
2019-10-24,14.639189720153809,5.735770225524902,13987.0,22.97319984436035,3.838099956512451,294.5400085449219
2019-10-25,14.67650032043457,5.76609992980957,14089.5,23.037099838256836,3.853300094604492,296.3599853515625
2019-10-28,14.619799613952637,5.771999835968018,14028.0,23.02750015258789,3.859100103378296,296.20001220703125
2019-10-29,14.565099716186523,5.728799819946289,14018.0,22.99049949645996,3.8501999378204346,295.48699951171875
2019-10-30,14.619999885559082,5.750899791717529,14018.0,22.96030044555664,3.8378000259399414,296.57000732421875
2019-10-31,14.970999717712402,5.701000213623047,14060.0,22.875999450683594,3.8173201084136963,295.19000244140625
2019-11-01,15.093400001525879,5.7108001708984375,14123.5,22.864700317382812,3.820310115814209,294.3280029296875
2019-11-04,14.840399742126465,5.7027997970581055,14014.0,22.823400497436523,3.8078999519348145,293.531005859375
2019-11-05,14.768799781799316,5.73330020904541,14058.0,22.930700302124023,3.836199998855591,295.68499755859375
2019-11-06,14.746800422668457,5.752999782562256,14028.5,23.008800506591797,3.8515000343322754,298.8299865722656
2019-11-07,14.804900169372559,5.75029993057251,14008.0,23.0403995513916,3.8521499633789062,299.6600036621094
2019-11-08,14.71500015258789,5.7657999992370605,14013.0,23.08329963684082,3.8526999950408936,300.739990234375
2019-11-11,14.853460311889648,5.7657599449157715,14014.0390625,23.10700035095215,3.8700900077819824,302.54998779296875
2019-11-12,14.882499694824219,5.7687602043151855,13997.2001953125,23.102399826049805,3.8738999366760254,302.57000732421875
2019-11-13,14.926300048828125,5.7716898918151855,13852.7470703125,23.19099998474121,3.888040065765381,303.8399963378906
2019-11-14,14.898500442504883,5.753429889678955,13871.640625,23.200300216674805,3.898099899291992,303.1300048828125
2019-11-15,14.820050239562988,5.7494001388549805,14078.0,23.208999633789062,3.886699914932251,303.00799560546875
2019-11-18,14.707209587097168,5.744420051574707,13840.302734375,23.14299964904785,3.8653600215911865,302.6180114746094
2019-11-19,14.80739974975586,5.725830078125,14139.0,23.080699920654297,3.874799966812134,302.7869873046875
2019-11-20,14.755999565124512,5.702300071716309,14083.0,23.041799545288086,3.8672800064086914,300.19000244140625
2019-11-21,14.782999992370605,5.699100017547607,14035.2783203125,23.015199661254883,3.8766000270843506,300.8699951171875
2019-11-22,14.673100471496582,5.6971001625061035,14070.0,23.044599533081055,3.8828999996185303,302.1600036621094
2019-11-25,14.699399948120117,5.71504020690918,14083.01171875,23.113000869750977,3.8982999324798584,302.989990234375
2019-11-26,14.75730037689209,5.741700172424316,14063.748046875,23.133499145507812,3.903700113296509,304.7959899902344
2019-11-27,14.779199600219727,5.759300231933594,14078.0,23.109399795532227,3.905900001525879,304.6499938964844
2019-11-28,14.759400367736816,5.778600215911865,14087.1298828125,23.172800064086914,3.915299892425537,305.3039855957031
2019-11-29,14.700699806213379,5.757999897003174,13868.66015625,23.198299407958984,3.923099994659424,305.0299987792969
2019-12-02,14.648770332336426,5.747600078582764,13868.345703125,23.17639923095703,3.911439895629883,303.49798583984375
2019-12-03,14.546090126037598,5.740230083465576,14123.2763671875,23.05470085144043,3.8692901134490967,299.70001220703125
2019-12-04,14.632599830627441,5.742499828338623,14098.0,23.00749969482422,3.86299991607666,298.99200439453125
2019-12-05,14.580300331115723,5.74567985534668,13994.884765625,23.03350067138672,3.8589799404144287,298.5400085449219
2019-12-06,14.624899864196777,5.745329856872559,14058.0,22.981300354003906,3.8493099212646484,297.7040100097656
2019-12-09,14.611289978027344,5.778709888458252,14022.3798828125,23.06800079345703,3.8673698902130127,298.9309997558594
2019-12-10,14.66670036315918,5.810400009155273,14004.6005859375,23.05470085144043,3.8745501041412354,299.6000061035156
2019-12-11,14.774069786071777,5.804900169372559,14021.0,22.990999221801758,3.8669300079345703,298.1400146484375
2019-12-12,14.676199913024902,5.803899765014648,13976.61328125,22.890499114990234,3.8469998836517334,296.42999267578125
2019-12-13,14.412699699401855,5.771999835968018,13933.3564453125,22.795799255371094,3.83240008354187,294.3900146484375
2019-12-16,14.523099899291992,5.8070502281188965,13968.525390625,22.898399353027344,3.839740037918091,295.8190002441406
2019-12-17,14.378339767456055,5.848030090332031,14022.5,22.81679916381836,3.8209800720214844,294.989990234375
2019-12-18,14.387330055236816,5.8850998878479,14024.0,22.78689956665039,3.821199893951416,295.92999267578125
2019-12-19,14.294989585876465,5.926499843597412,13966.919921875,22.89940071105957,3.836400032043457,297.3900146484375
2019-12-20,14.213899612426758,5.940100193023682,13978.15625,22.819700241088867,3.832200050354004,296.8599853515625
2019-12-23,14.261500358581543,5.935850143432617,13957.5810546875,22.968399047851562,3.8411200046539307,298.0840148925781
2019-12-24,14.19909954071045,5.947199821472168,13955.626953125,22.954599380493164,3.852799892425537,298.6000061035156
2019-12-25,14.149510383605957,5.947700023651123,13961.0,22.980300903320312,3.8578999042510986,299.20001220703125
2019-12-26,14.150850296020508,5.934619903564453,13991.0,22.972000122070312,3.8387999534606934,299.1600036621094
2019-12-27,14.131170272827148,5.932300090789795,13977.5,22.908599853515625,3.8371999263763428,298.489990234375
2019-12-30,14.05088996887207,5.948790073394775,13953.841796875,22.73900032043457,3.809689998626709,295.7139892578125
2019-12-31,14.098589897155762,5.9472198486328125,13919.0,22.667999267578125,3.7973999977111816,295.3500061035156
2020-01-01,13.99590015411377,5.947800159454346,13690.3720703125,22.642900466918945,3.805500030517578,295.0400085449219
2020-01-02,14.002920150756836,5.946300029754639,13689.2314453125,22.63319969177246,3.7929999828338623,294.79998779296875
2020-01-03,14.07800006866455,5.955699920654297,13884.7861328125,22.657800674438477,3.7939999103546143,294.3399963378906
2020-01-06,14.318249702453613,5.967959880828857,13934.31640625,22.704700469970703,3.801039934158325,295.1199951171875
2020-01-07,14.202699661254883,5.968999862670898,13926.5,22.531200408935547,3.7795000076293945,294.5299987792969
2020-01-08,14.355199813842773,5.974370002746582,13867.236328125,22.61400032043457,3.806849956512451,297.0799865722656
2020-01-09,14.156490325927734,5.908899784088135,13886.939453125,22.682899475097656,3.8097000122070312,297.6700134277344
2020-01-10,14.212900161743164,5.877299785614014,13827.560546875,22.696800231933594,3.8217999935150146,299.260009765625
2020-01-13,14.33014965057373,5.875329971313477,13522.4345703125,22.722000122070312,3.810770034790039,300.1090087890625
2020-01-14,14.378399848937988,5.865499973297119,13665.3046875,22.611900329589844,3.80049991607666,299.4700012207031
2020-01-15,14.3996000289917,5.8871002197265625,13668.0400390625,22.588899612426758,3.794800043106079,298.7200012207031
2020-01-16,14.378700256347656,5.875349998474121,13665.0966796875,22.465499877929688,3.793299913406372,298.44000244140625
2020-01-17,14.401769638061523,5.855100154876709,13623.0,22.57040023803711,3.800100088119507,300.3900146484375
2020-01-20,14.477490425109863,5.890769958496094,13456.98828125,22.652000427246094,3.8210198879241943,302.8139953613281
2020-01-21,14.491800308227539,5.91077995300293,13615.0,22.590599060058594,3.825200080871582,301.44000244140625
2020-01-22,14.481900215148926,5.93310022354126,13651.0,22.62030029296875,3.8171000480651855,301.29998779296875
2020-01-23,14.329000473022461,5.9196600914001465,13626.38671875,22.638900756835938,3.819499969482422,302.68499755859375
2020-01-24,14.36769962310791,5.929200172424316,13609.1884765625,22.741199493408203,3.8410000801086426,304.5299987792969
2020-01-27,14.449359893798828,5.944779872894287,13711.9736328125,22.800199508666992,3.8598599433898926,304.91400146484375
2020-01-28,14.580300331115723,5.942800045013428,13213.240234375,22.89550018310547,3.881160020828247,305.9100036621094
2020-01-29,14.542799949645996,5.940999984741211,13634.0,22.85700035095215,3.875699996948242,306.5450134277344
2020-01-30,14.591699600219727,5.95665979385376,13614.0146484375,22.90180015563965,3.890899896621704,306.44000244140625
2020-01-31,14.74020004272461,5.97415018081665,13643.1806640625,22.882999420166016,3.892899990081787,305.3900146484375
2020-02-03,14.99740982055664,5.975039958953857,13633.126953125,22.74519920349121,3.873800039291382,303.7380065917969
2020-02-04,14.866399765014648,5.98360013961792,13735.5,22.76180076599121,3.8845601081848145,304.7200012207031
2020-02-05,14.76749038696289,5.977719783782959,13702.4072265625,22.702899932861328,3.869999885559082,303.7460021972656
2020-02-06,14.741999626159668,5.980899810791016,13668.267578125,22.779600143432617,3.858299970626831,306.20001220703125
2020-02-07,14.903329849243164,5.98769998550415,13698.0,22.726600646972656,3.878499984741211,307.5400085449219
2020-02-10,15.071000099182129,5.986939907073975,13675.853515625,22.85650062561035,3.900789976119995,308.7760009765625
2020-02-11,14.953499794006348,6.00570011138916,13691.58984375,22.916099548339844,3.9066500663757324,309.79998779296875
2020-02-12,14.791600227355957,6.015999794006348,13657.5537109375,22.80820083618164,3.898099899291992,310.0799865722656
2020-02-13,14.865500450134277,6.0441999435424805,13500.7373046875,22.820600509643555,3.909600019454956,312.32598876953125
2020-02-14,14.904959678649902,6.039700031280518,13695.400390625,22.913999557495117,3.914900064468384,311.0050048828125
2020-02-17,14.881400108337402,6.054200172424316,13681.2900390625,22.937000274658203,3.916059970855713,309.54400634765625
2020-02-18,14.975700378417969,6.0467000007629395,13649.2412109375,22.89259910583496,3.930999994277954,309.5199890136719
2020-02-19,15.00160026550293,6.064000129699707,13768.0,23.096900939941406,3.952359914779663,310.8139953613281
2020-02-20,14.9822998046875,6.083000183105469,13762.0,23.06679916381836,3.9504001140594482,311.57000732421875
2020-02-21,15.113900184631348,6.102399826049805,13703.482421875,23.20870018005371,3.9647998809814453,313.3299865722656
2020-02-24,15.059989929199219,6.109189987182617,13771.486328125,23.117599487304688,3.95986008644104,310.88299560546875
2020-02-25,15.11340045928955,6.115200042724609,13879.9296875,23.253599166870117,3.969899892807007,311.6400146484375
2020-02-26,15.214980125427246,6.147299766540527,14056.5,23.18829917907715,3.9572999477386475,311.2099914550781
2020-02-27,15.270000457763672,6.160099983215332,13931.0,23.263500213623047,3.9646999835968018,311.4700012207031
2020-02-28,15.470000267028809,6.206769943237305,14316.0,23.002399444580078,3.930079936981201,308.2699890136719
2020-03-02,15.758399963378906,6.249269962310791,13971.9619140625,23.031999588012695,3.9219000339508057,305.6340026855469
2020-03-03,15.39490032196045,6.171299934387207,14220.0,22.867000579833984,3.8742001056671143,302.4020080566406
2020-03-04,15.399399757385254,6.112199783325195,14199.5,22.719999313354492,3.8550000190734863,300.3349914550781
2020-03-05,15.254500389099121,6.079800128936768,14256.0,22.68000030517578,3.856139898300171,301.2590026855469
2020-03-06,15.586000442504883,6.102530002593994,14309.599609375,22.589000701904297,3.837100028991699,299.5360107421875
2020-03-09,16.064929962158203,6.121079921722412,14251.5390625,22.324499130249023,3.7893099784851074,294.7090148925781
2020-03-10,16.051010131835938,6.157400131225586,14094.818359375,22.436500549316406,3.7972099781036377,294.7099914550781
2020-03-11,15.945699691772461,6.170619964599609,14272.900390625,22.624500274658203,3.80292010307312,295.6700134277344
2020-03-12,16.24839973449707,6.211100101470947,14526.0,22.868499755859375,3.8415000438690186,298.7959899902344
2020-03-13,16.561800003051758,6.316199779510498,14850.0,23.426000595092773,3.9161999225616455,301.9739990234375
2020-03-16,16.247159957885742,6.282869815826416,14635.0224609375,23.514999389648438,3.917759895324707,303.1960144042969
2020-03-17,16.598499298095703,6.429299831390381,15192.0,24.438800811767578,3.9745700359344482,308.0450134277344
2020-03-18,16.52429962158203,6.399700164794922,14955.7880859375,24.593000411987305,4.05679988861084,314.875
2020-03-19,17.092529296875,6.47189998626709,15474.5,25.204999923706055,4.097799777984619,322.3800048828125
2020-03-20,17.341989517211914,6.541319847106934,15908.0,26.026500701904297,4.273819923400879,334.6099853515625
2020-03-23,17.672449111938477,6.5572099685668945,15766.2470703125,25.450000762939453,4.209350109100342,327.0350036621094
2020-03-24,17.755199432373047,6.5467000007629395,16504.80078125,25.8257999420166,4.2820000648498535,325.656005859375
2020-03-25,17.495100021362305,6.436299800872803,16216.5,25.641700744628906,4.26092004776001,327.9339904785156
2020-03-26,17.276399612426758,6.418600082397461,16447.720703125,25.147499084472656,4.1869797706604,323.2080078125
2020-03-27,17.299400329589844,6.399799823760986,16218.63671875,24.573999404907227,4.083559989929199,321.21099853515625
2020-03-30,17.901840209960938,6.459799766540527,16005.3349609375,24.564699172973633,4.073299884796143,320.4800109863281
2020-03-31,17.920900344848633,6.565040111541748,16346.9619140625,24.736600875854492,4.117400169372559,325.05999755859375
2020-04-01,17.742300033569336,6.612989902496338,16277.943359375,24.811399459838867,4.1356000900268555,327.04901123046875
2020-04-02,18.1294002532959,6.707300186157227,16412.80859375,25.095600128173828,4.196800231933594,331.760009765625
2020-04-03,18.471900939941406,6.632299900054932,16441.263671875,25.379600524902344,4.202899932861328,335.0799865722656
2020-04-06,19.248600006103516,6.739999771118164,16418.0,25.627399444580078,4.246399879455566,338.260009765625
2020-04-07,18.58686065673828,6.765699863433838,16364.6484375,25.493499755859375,4.223299980163574,336.7799987792969
2020-04-08,18.23189926147461,6.757689952850342,16225.0,24.90570068359375,4.1539998054504395,328.95001220703125
2020-04-09,18.20050048828125,6.772900104522705,16159.376953125,24.97319984436035,4.170499801635742,330.04998779296875
2020-04-10,18.031099319458008,6.686100006103516,15811.9677734375,24.70319938659668,4.160749912261963,323.2200012207031
2020-04-13,18.027040481567383,6.722799777984619,15800.0,24.627399444580078,4.16379976272583,322.5480041503906
2020-04-14,18.096799850463867,6.767330169677734,15751.0,24.589799880981445,4.158699989318848,323.510009765625
2020-04-15,18.290300369262695,6.816530227661133,15578.3466796875,24.4060001373291,4.114299774169922,320.0299987792969
2020-04-16,18.656200408935547,6.897029876708984,15887.5,24.768199920654297,4.161499977111816,322.34698486328125
2020-04-17,18.662059783935547,6.922100067138672,15568.3388671875,24.9862003326416,4.171299934387207,323.4599914550781
2020-04-20,18.798799514770508,6.904399871826172,15423.0,25.047000885009766,4.15910005569458,324.7200012207031
2020-04-21,18.77429962158203,6.9405999183654785,15377.080078125,25.166500091552734,4.162899971008301,324.07598876953125
2020-04-22,18.956199645996094,6.974699974060059,15394.6787109375,25.32309913635254,4.177299976348877,326.0199890136719
2020-04-23,18.984609603881836,6.980400085449219,15408.6220703125,25.47450065612793,4.2093000411987305,330.2300109863281
2020-04-24,19.1018009185791,6.955999851226807,15665.0,25.509000778198242,4.214700222015381,331.6199951171875
2020-04-27,19.020299911499023,6.965799808502197,15348.744140625,25.089500427246094,4.192599773406982,328.9599914550781
2020-04-28,18.801469802856445,6.985300064086914,15312.3857421875,25.18630027770996,4.190800189971924,327.95001220703125
2020-04-29,18.58839988708496,6.987100124359131,15364.5947265625,25.08449935913086,4.198400020599365,329.6600036621094
2020-04-30,18.144899368286133,6.951000213623047,15234.63671875,24.898500442504883,4.1803998947143555,325.7699890136719
2020-05-01,18.534469604492188,6.989299774169922,15249.0,24.73590087890625,4.150899887084961,321.95001220703125
2020-05-04,18.914209365844727,7.0167999267578125,14671.0,24.850500106811523,4.166819095611572,322.55999755859375
2020-05-05,18.454500198364258,7.0446600914001465,15044.0,24.797199249267578,4.16855001449585,324.3599853515625
2020-05-06,18.472200393676758,7.083700180053711,15335.0,24.937999725341797,4.185800075531006,323.03399658203125
2020-05-07,18.811880111694336,7.197080135345459,14998.33203125,25.090700149536133,4.211520195007324,324.6000061035156
2020-05-08,18.521900177001953,7.0883002281188965,15227.0,25.113800048828125,4.198160171508789,323.35198974609375
2020-05-11,18.320199966430664,7.093999862670898,14721.3984375,25.12529945373535,4.196899890899658,322.04998779296875
2020-05-12,18.40180015563965,7.063399791717529,14848.7001953125,25.43950080871582,4.215099811553955,323.62701416015625
2020-05-13,18.406700134277344,6.9920501708984375,14994.0,25.27050018310547,4.203609943389893,323.8299865722656
2020-05-14,18.467500686645508,6.969860076904297,14846.873046875,25.360000610351562,4.219200134277344,326.9800109863281
2020-05-15,18.42300033569336,6.925300121307373,14810.1201171875,25.524499893188477,4.216040134429932,327.6000061035156
2020-05-18,18.567100524902344,6.883339881896973,14853.0,25.57509994506836,4.219699859619141,327.7099914550781
2020-05-19,18.336000442504883,6.876999855041504,14878.0,25.319000244140625,4.176720142364502,323.0610046386719
2020-05-20,18.32270050048828,6.779789924621582,14748.447265625,25.147300720214844,4.159200191497803,320.0849914550781
2020-05-21,17.917390823364258,6.78410005569458,14771.0,24.86750030517578,4.13070011138916,318.489990234375
2020-05-22,17.571300506591797,6.789999961853027,14826.0,24.740100860595703,4.121699810028076,317.9200134277344
2020-05-25,17.557899475097656,6.809100151062012,14703.0,25.07670021057129,4.137400150299072,320.739990234375
2020-05-26,17.63520050048828,6.814000129699707,14501.7578125,24.96190071105957,4.128600120544434,321.8699951171875
2020-05-27,17.380800247192383,6.72553014755249,14850.0,24.599599838256836,4.040979862213135,316.8900146484375
2020-05-28,17.34111976623535,6.7754998207092285,14888.5,24.608999252319336,4.019480228424072,316.135986328125
2020-05-29,17.4773006439209,6.811049938201904,14825.0,24.344100952148438,4.021500110626221,315.5199890136719
2020-06-01,17.563499450683594,6.804100036621094,14603.0,24.23889923095703,3.9874000549316406,312.3299865722656
2020-06-02,17.38256072998047,6.804599761962891,14573.5,24.008699417114258,3.9564099311828613,309.7900085449219
2020-06-03,17.1514892578125,6.696300029754639,14343.8232421875,23.755199432373047,3.9179000854492188,309.0199890136719
2020-06-04,16.89539909362793,6.724100112915039,14130.0,23.67300033569336,3.920599937438965,306.9599914550781
2020-06-05,16.875200271606445,6.748899936676025,14085.447265625,23.498699188232422,3.908099889755249,303.8999938964844
2020-06-08,16.750999450683594,6.76140022277832,13863.0,23.503000259399414,3.9159998893737793,303.385009765625
2020-06-09,16.65060043334961,6.775400161743164,14070.7998046875,23.48069953918457,3.90910005569458,303.8269958496094
2020-06-10,16.583599090576172,6.787499904632568,13852.103515625,23.408100128173828,3.9189999103546143,303.5400085449219
2020-06-11,16.491500854492188,6.769899845123291,13947.443359375,23.344100952148438,3.919189929962158,302.10699462890625
2020-06-12,17.1998291015625,6.835100173950195,14475.0,23.667999267578125,3.9616000652313232,306.3699951171875
2020-06-15,17.173349380493164,6.813399791717529,14118.0,23.780399322509766,3.949399948120117,308.0
2020-06-16,17.089750289916992,6.822169780731201,13988.119140625,23.501100540161133,3.8929998874664307,304.9289855957031
2020-06-17,17.166000366210938,6.830959796905518,14275.0,23.58970069885254,3.944700002670288,306.3500061035156
2020-06-18,17.181020736694336,6.8317999839782715,14102.7353515625,23.63249969482422,3.9691998958587646,306.35101318359375
2020-06-19,17.370399475097656,6.853109836578369,13997.6923828125,23.783100128173828,3.970170021057129,308.552001953125
2020-06-22,17.38610076904297,6.84689998626709,14093.0,23.84000015258789,3.9967100620269775,309.3590087890625
2020-06-23,17.255800247192383,6.842299938201904,14080.134765625,23.636999130249023,3.9328300952911377,307.4169921875
2020-06-24,17.18670082092285,6.844600200653076,14113.177734375,23.502399444580078,3.9287400245666504,308.510009765625
2020-06-25,17.392499923706055,6.850480079650879,14289.2998046875,23.74799919128418,3.9606399536132812,312.3810119628906
2020-06-26,17.127300262451172,6.8527398109436035,14376.2001953125,23.777299880981445,3.966749906539917,315.2650146484375
2020-06-29,17.298900604248047,6.8505401611328125,14213.0,23.86400032043457,3.980149984359741,316.25
2020-06-30,17.219200134277344,6.8495001792907715,14470.2001953125,23.795400619506836,3.959700107574463,316.5989990234375
2020-07-01,17.341920852661133,6.847300052642822,14194.05078125,23.726299285888672,3.9540998935699463,315.4410095214844
2020-07-02,17.0393009185791,6.845600128173828,14187.8583984375,23.621000289916992,3.977099895477295,313.2200012207031
2020-07-03,16.955299377441406,6.848100185394287,14298.779296875,23.641000747680664,3.9709999561309814,312.4100036621094
2020-07-06,17.041669845581055,6.858500003814697,14503.0,23.699800491333008,3.9667000770568848,313.885009765625
2020-07-07,16.979650497436523,6.856200218200684,14206.5087890625,23.55660057067871,3.945549964904785,311.260009765625
2020-07-08,17.16214942932129,6.853360176086426,14483.5,23.677200317382812,3.967679977416992,314.0849914550781
2020-07-09,16.90169906616211,6.85791015625,14349.5654296875,23.479700088500977,3.9459099769592285,312.8900146484375
2020-07-10,16.824970245361328,6.857729911804199,14545.7001953125,23.577199935913086,3.954900026321411,312.8800048828125
2020-07-13,16.807449340820312,6.8597002029418945,14428.0,23.555200576782227,3.949049949645996,312.260009765625
2020-07-14,16.78580093383789,6.855400085449219,14584.0,23.488100051879883,3.957170009613037,313.0
2020-07-15,16.683500289916992,6.863490104675293,14715.400390625,23.333099365234375,3.919300079345703,311.0350036621094
2020-07-16,16.572799682617188,6.85290002822876,14561.171875,23.33839988708496,3.9201900959014893,309.5419921875
2020-07-17,16.72599983215332,6.855629920959473,14552.2099609375,23.407800674438477,3.9344000816345215,310.57000732421875
2020-07-20,16.66029930114746,6.851900100708008,14688.0,23.279300689697266,3.911250114440918,308.3599853515625
2020-07-21,16.61693000793457,6.853650093078613,14949.2998046875,23.212299346923828,3.888230085372925,307.17999267578125
2020-07-22,16.383899688720703,6.826879978179932,14626.8623046875,22.81599998474121,3.842479944229126,303.6700134277344
2020-07-23,16.47974967956543,6.840199947357178,14630.0,22.780899047851562,3.8220999240875244,300.6549987792969
2020-07-24,16.634199142456055,6.83558988571167,14578.904296875,22.66390037536621,3.8007700443267822,298.7099914550781
2020-07-27,16.66230010986328,6.840700149536133,14603.0,22.505599975585938,3.7772998809814453,296.79998779296875
2020-07-28,16.388399124145508,6.8790998458862305,14614.5,22.215900421142578,3.7304000854492188,293.9540100097656
2020-07-29,16.47089958190918,6.938799858093262,14633.5,22.40369987487793,3.7639899253845215,295.92999267578125
2020-07-30,16.548179626464844,6.970699787139893,14458.3447265625,22.233999252319336,3.736649990081787,292.92999267578125
2020-07-31,16.725099563598633,6.969399929046631,14486.6689453125,22.066600799560547,3.710099935531616,290.5199890136719
2020-08-03,17.022380828857422,6.9692301750183105,14593.0,22.256999969482422,3.7530899047851562,292.0050048828125
2020-08-04,17.18600082397461,6.960400104522705,14540.9208984375,22.319799423217773,3.750880002975464,292.79998779296875
2020-08-05,17.35236930847168,6.92609977722168,14720.0,22.094999313354492,3.7207999229431152,292.94000244140625
2020-08-06,17.324199676513672,7.0495500564575195,14307.642578125,21.949600219726562,3.7049999237060547,290.27899169921875
2020-08-07,17.417200088500977,7.223239898681641,14568.45703125,22.148000717163086,3.7165000438690186,291.1199951171875
2020-08-10,17.668550491333008,7.29964017868042,14618.0,22.304800033569336,3.745919942855835,293.7099914550781
2020-08-11,17.65690040588379,7.328100204467773,14823.7998046875,22.29400062561035,3.7469000816345215,293.40301513671875
2020-08-12,17.491300582885742,7.224120140075684,14858.5,22.273700714111328,3.7511000633239746,293.6400146484375
2020-08-13,17.451099395751953,7.319019794464111,14670.8095703125,22.136699676513672,3.7311999797821045,292.5050048828125
2020-08-14,17.408199310302734,7.332099914550781,14673.4970703125,22.094900131225586,3.721299886703491,291.9599914550781
2020-08-17,17.362699508666992,7.366000175476074,14788.0,22.024799346923828,3.7083001136779785,292.05999755859375
2020-08-18,17.499500274658203,7.373429775238037,14969.400390625,21.999799728393555,3.7018001079559326,293.7200012207031
2020-08-19,17.307470321655273,7.3649001121521,14598.072265625,21.83049964904785,3.6626999378204346,291.7099914550781
2020-08-20,17.250099182128906,7.277900218963623,14694.197265625,22.015100479125977,3.714169979095459,294.364990234375
2020-08-21,17.243749618530273,7.296199798583984,14543.412109375,21.922000885009766,3.6886000633239746,293.34600830078125
2020-08-24,17.140199661254883,7.284570217132568,14764.0,22.0762996673584,3.7367000579833984,296.5
2020-08-25,16.9593505859375,7.372900009155273,14629.400390625,22.103700637817383,3.723249912261963,298.08599853515625
2020-08-26,16.81631088256836,7.393199920654297,14607.7001953125,22.088499069213867,3.7146599292755127,297.7489929199219
2020-08-27,16.853300094604492,7.348750114440918,14447.3828125,22.15719985961914,3.725559949874878,300.18499755859375
2020-08-28,17.033599853515625,7.35260009765625,14446.00390625,22.214799880981445,3.728100061416626,301.0950012207031
2020-08-31,16.570859909057617,7.324900150299072,14618.0,21.87649917602539,3.6793999671936035,296.6629943847656
2020-09-01,16.947219848632812,7.35260009765625,14599.7001953125,21.97760009765625,3.6814699172973633,297.34600830078125
2020-09-02,16.628170013427734,7.359399795532227,14818.599609375,21.992399215698242,3.677299976348877,298.3800048828125
2020-09-03,16.805200576782227,7.363239765167236,14565.1474609375,22.202600479125977,3.721400022506714,302.239990234375
2020-09-04,16.75079917907715,7.4220099449157715,14545.9873046875,22.278799057006836,3.745500087738037,302.94000244140625
2020-09-07,16.620929718017578,7.431399822235107,14741.0,22.34980010986328,3.7651000022888184,304.2300109863281
2020-09-08,16.70159912109375,7.449699878692627,14795.0,22.38409996032715,3.749500036239624,304.19000244140625
2020-09-09,16.95669937133789,7.479100227355957,14915.2001953125,22.518999099731445,3.7792000770568848,303.4630126953125
2020-09-10,16.58370018005371,7.4688801765441895,14874.2001953125,22.424100875854492,3.7578001022338867,302.29998779296875
2020-09-11,16.838300704956055,7.442500114440918,14857.470703125,22.457500457763672,3.764050006866455,302.1369934082031
2020-09-14,16.702550888061523,7.467289924621582,14883.0,22.42099952697754,3.75600004196167,301.5840148925781
2020-09-15,16.64699935913086,7.483500003814697,14983.5,22.429399490356445,3.7428998947143555,300.95001220703125
2020-09-16,16.411699295043945,7.485400199890137,14869.599609375,22.573999404907227,3.7590699195861816,301.94500732421875
2020-09-17,16.264699935913086,7.492700099945068,14812.5869140625,22.615299224853516,3.7688000202178955,304.0899963378906
2020-09-18,16.13010025024414,7.544600009918213,14788.0,22.52720069885254,3.755620002746582,304.1099853515625
2020-09-21,16.285490036010742,7.557600021362305,14728.0,22.55579948425293,3.75819993019104,304.04998779296875
2020-09-22,16.759899139404297,7.616640090942383,14839.2001953125,23.032899856567383,3.816499948501587,307.6499938964844
2020-09-23,16.765430450439453,7.667699813842773,14742.5859375,22.96809959411621,3.826200008392334,309.79998779296875
2020-09-24,17.064699172973633,7.698599815368652,14803.9853515625,23.11949920654297,3.869800090789795,313.20001220703125
2020-09-25,16.900299072265625,7.615699768066406,14839.578125,23.201000213623047,3.8958699703216553,310.5429992675781
2020-09-28,17.11050033569336,7.658180236816406,14863.0,23.301599502563477,3.9137001037597656,312.0199890136719
2020-09-29,16.996700286865234,7.780360221862793,14893.599609375,23.288999557495117,3.926500082015991,313.093994140625
2020-09-30,16.926979064941406,7.8113298416137695,14910.0,23.129899978637695,3.854099988937378,310.7850036621094
2020-10-01,16.73080062866211,7.705870151519775,14879.0,23.05970001220703,3.861799955368042,309.7250061035156
2020-10-02,16.448999404907227,7.751399993896484,14817.55859375,22.840499877929688,3.813800096511841,305.20001220703125
2020-10-05,16.458999633789062,7.736629962921143,14853.0,23.115999221801758,3.8317999839782715,305.79998779296875
2020-10-06,16.54829978942871,7.760000228881836,14780.1826171875,22.98889923095703,3.81030011177063,305.9800109863281
2020-10-07,16.68829917907715,7.788269996643066,14773.0,23.016700744628906,3.822200059890747,307.0050048828125
2020-10-08,16.614810943603516,7.872690200805664,14715.5,22.99880027770996,3.80649995803833,304.9100036621094
2020-10-09,16.575590133666992,7.940299987792969,14676.99609375,23.083599090576172,3.8099000453948975,303.5199890136719
2020-10-12,16.49049949645996,7.845250129699707,14693.0,22.871999740600586,3.7769999504089355,301.29998779296875
2020-10-13,16.49250030517578,7.88539981842041,14484.9921875,22.982500076293945,3.770970106124878,302.57000732421875
2020-10-14,16.462200164794922,7.9207000732421875,14793.0,23.286800384521484,3.8250999450683594,307.79998779296875
2020-10-15,16.529090881347656,7.906199932098389,14681.462890625,23.211999893188477,3.8420400619506836,309.3500061035156
2020-10-16,16.5625,7.9309000968933105,14652.5,23.33880043029785,3.873379945755005,311.239990234375
2020-10-19,16.50659942626953,7.912300109863281,14693.0,23.251800537109375,3.87719988822937,310.7349853515625
2020-10-20,16.51219940185547,7.872640132904053,14708.0,23.138999938964844,3.8833000659942627,309.8999938964844
2020-10-21,16.448610305786133,7.857999801635742,14688.0,22.91950035095215,3.853800058364868,306.7099914550781
2020-10-22,16.33757972717285,7.808040142059326,14639.775390625,22.949600219726562,3.855070114135742,306.5899963378906
2020-10-23,16.178499221801758,7.941199779510498,14639.8525390625,23.00189971923828,3.8666999340057373,308.239990234375
2020-10-26,16.218610763549805,7.97353982925415,14642.7822265625,22.940799713134766,3.8529999256134033,307.8599853515625
2020-10-27,16.17959976196289,8.09022045135498,14724.2001953125,23.09480094909668,3.875499963760376,308.8240051269531
2020-10-28,16.18600082397461,8.192700386047363,14653.2744140625,23.165700912475586,3.8891000747680664,309.7650146484375
2020-10-29,16.349199295043945,8.264920234680176,14777.2001953125,23.34079933166504,3.938699960708618,313.4800109863281
2020-10-30,16.358600616455078,8.297940254211426,14818.0,23.41900062561035,3.957819938659668,314.5249938964844
2020-11-02,16.272850036621094,8.363490104675293,14586.169921875,23.402000427246094,3.957289934158325,314.6199951171875
2020-11-03,16.175600051879883,8.433609962463379,14603.9580078125,23.265499114990234,3.9516000747680664,314.57000732421875
2020-11-04,16.009199142456055,8.432000160217285,14540.892578125,22.82110023498535,3.8596999645233154,308.52301025390625
2020-11-05,15.864049911499023,8.440500259399414,14360.0,22.858999252319336,3.8645999431610107,309.0480041503906
2020-11-06,15.67389965057373,8.42039966583252,14256.0,22.527299880981445,3.8271000385284424,303.2950134277344
2020-11-09,15.592000007629395,8.437789916992188,14198.671875,22.343000411987305,3.786099910736084,301.2300109863281
2020-11-10,15.367199897766113,8.107600212097168,14256.3603515625,22.39310073852539,3.7874999046325684,303.3949890136719
2020-11-11,15.589329719543457,8.149149894714355,14041.544921875,22.337099075317383,3.8044300079345703,301.0899963378906
2020-11-12,15.625650405883789,7.7829999923706055,13878.9892578125,22.413999557495117,3.8020200729370117,301.510009765625
2020-11-13,15.640299797058105,7.68179988861084,14133.4912109375,22.42460060119629,3.800299882888794,300.4800109863281
2020-11-16,15.501449584960938,7.619949817657471,14135.5595703125,22.30389976501465,3.783400058746338,302.1199951171875
2020-11-17,15.287090301513672,7.688379764556885,14089.2001953125,22.242799758911133,3.765899896621704,302.7900085449219
2020-11-18,15.33180046081543,7.674650192260742,14026.451171875,22.30229949951172,3.782010078430176,304.5799865722656
2020-11-19,15.451740264892578,7.6910600662231445,14110.2001953125,22.229799270629883,3.7690799236297607,303.8800048828125
2020-11-20,15.429499626159668,7.539599895477295,14189.900390625,22.178600311279297,3.761899948120117,302.3450012207031
2020-11-23,15.425979614257812,7.617249965667725,14150.9912109375,22.187999725341797,3.7623000144958496,302.6700134277344
2020-11-24,15.357999801635742,7.873899936676025,14164.60546875,22.194900512695312,3.7736101150512695,304.29901123046875
2020-11-25,15.177399635314941,7.993899822235107,14121.7998046875,21.957399368286133,3.748699903488159,303.0299987792969
2020-11-26,15.118579864501953,7.939499855041504,14127.470703125,21.8981990814209,3.743000030517578,302.8550109863281
2020-11-27,15.208999633789062,7.8709001541137695,13897.6689453125,21.929100036621094,3.7571699619293213,302.6510009765625
2020-11-30,15.235549926757812,7.817319869995117,14061.64453125,21.875999450683594,3.7474000453948975,301.8500061035156
2020-12-01,15.436300277709961,7.8225998878479,14094.935546875,21.986499786376953,3.751300096511841,300.6199951171875
2020-12-02,15.243249893188477,7.817500114440918,14175.0,21.744800567626953,3.6821999549865723,295.0660095214844
2020-12-03,15.276000022888184,7.850490093231201,14076.419921875,21.772199630737305,3.691499948501587,296.67999267578125
2020-12-04,15.167440414428711,7.781199932098389,14092.798828125,21.72800064086914,3.678149938583374,293.84698486328125
2020-12-07,15.206649780273438,7.801380157470703,14076.490234375,21.829500198364258,3.684999942779541,295.69500732421875
2020-12-08,15.144920349121094,7.796760082244873,14143.0,21.84869956970215,3.6929500102996826,297.29901123046875
2020-12-09,14.970199584960938,7.8096699714660645,14083.0107421875,21.724899291992188,3.6740500926971436,296.0929870605469
2020-12-10,14.962340354919434,7.817659854888916,14150.0,21.73430061340332,3.6630001068115234,294.6830139160156
2020-12-11,14.956999778747559,7.886300086975098,14082.5927734375,21.665000915527344,3.644969940185547,291.4100036621094
2020-12-14,15.042400360107422,7.854340076446533,14069.1572265625,21.654499053955078,3.660759925842285,292.0050048828125
2020-12-15,15.001999855041504,7.847099781036377,14221.900390625,21.66119956970215,3.6488399505615234,291.3999938964844
2020-12-16,14.882499694824219,7.83050012588501,14190.0,21.632299423217773,3.649199962615967,292.8900146484375
2020-12-17,14.816900253295898,7.794710159301758,14070.537109375,21.46500015258789,3.635059118270874,291.17999267578125
2020-12-18,14.629599571228027,7.697700023651123,14083.8505859375,21.28820037841797,3.6153299808502197,289.67999267578125
2020-12-21,14.716429710388184,7.658549785614014,14068.9375,21.39299964904785,3.6651649475097656,292.6050109863281
2020-12-22,14.600000381469727,7.643249988555908,14100.7314453125,21.37969970703125,3.671812057495117,294.3500061035156
2020-12-23,14.678070068359375,7.65749979019165,14324.2001953125,21.582399368286133,3.6937201023101807,296.95001220703125
2020-12-24,14.592720031738281,7.633299827575684,14146.9013671875,21.51959991455078,3.6903998851776123,296.7550048828125
2020-12-25,14.535200119018555,7.574100017547607,14148.6435546875,21.492599487304688,3.690999984741211,297.55999755859375
2020-12-28,14.60990047454834,7.569499969482422,13911.1435546875,21.49690055847168,3.6868999004364014,296.6659851074219
2020-12-29,14.622909545898438,7.4394001960754395,14126.1201171875,21.526399612426758,3.675041913986206,297.49700927734375
2020-12-30,14.715900421142578,7.388800144195557,14069.9091796875,21.351200103759766,3.704958915710449,297.3949890136719
2020-12-31,14.641300201416016,7.373730182647705,13832.5595703125,21.324199676513672,3.722759962081909,296.0950012207031
2021-01-01,14.481200218200684,7.433800220489502,13932.3740234375,21.445100784301758,3.7235000133514404,296.760009765625
2021-01-04,14.649849891662598,7.433420181274414,14022.5009765625,21.420900344848633,3.719630002975464,295.6000061035156
2021-01-05,14.675399780273438,7.421500205993652,13931.400390625,21.35110092163086,3.7162489891052246,294.69000244140625
2021-01-06,14.950300216674805,7.383790016174316,13930.0,21.23069953918457,3.682260036468506,291.65399169921875
2021-01-07,15.030790328979492,7.29971981048584,13951.5,21.208999633789062,3.665550947189331,290.5090026855469
2021-01-08,15.418999671936035,7.326600074768066,13892.9775390625,21.358999252319336,3.6791000366210938,292.760009765625
2021-01-11,15.304450035095215,7.357649803161621,13861.392578125,21.45400047302246,3.7012150287628174,294.8680114746094
2021-01-12,15.509220123291016,7.471950054168701,14088.7353515625,21.569799423217773,3.719007968902588,296.92498779296875
2021-01-13,15.192299842834473,7.446959972381592,14031.078125,21.411500930786133,3.7000999450683594,293.77899169921875
2021-01-14,15.245220184326172,7.394269943237305,14166.0,21.493000030517578,3.7299680709838867,296.260009765625
2021-01-15,15.082900047302246,7.366099834442139,14063.1474609375,21.491100311279297,3.7334001064300537,295.6300048828125
2021-01-18,15.22504997253418,7.449079990386963,13880.779296875,21.681299209594727,3.7572999000549316,298.3900146484375
2021-01-19,15.13640022277832,7.475180149078369,14100.7998046875,21.62030029296875,3.7504799365997314,297.5199890136719
2021-01-20,14.988349914550781,7.466300010681152,14122.0,21.526899337768555,3.733370065689087,294.6700134277344
2021-01-21,14.882539749145508,7.410600185394287,14037.2001953125,21.515300750732422,3.742079973220825,294.6400146484375
2021-01-22,14.945269584655762,7.365699768066406,13960.76171875,21.42259979248047,3.722899913787842,293.0799865722656
2021-01-25,15.13325023651123,7.41772985458374,14012.8955078125,21.461000442504883,3.7291998863220215,293.5199890136719
2021-01-26,15.214400291442871,7.40749979019165,14148.5,21.511499404907227,3.735300064086914,294.3399963378906
2021-01-27,15.042360305786133,7.347300052642822,14142.0,21.398700714111328,3.7327001094818115,295.5
2021-01-28,15.262200355529785,7.392240047454834,14195.0,21.51810073852539,3.754300117492676,297.7030029296875
2021-01-29,15.18850040435791,7.345779895782471,13854.8642578125,21.479000091552734,3.7465999126434326,295.8299865722656
2021-02-01,15.17300033569336,7.277699947357178,13828.13671875,21.429100036621094,3.726900100708008,294.42999267578125
2021-02-02,15.05739974975586,7.185070037841797,14118.5,21.482999801635742,3.736680030822754,294.8699951171875
2021-02-03,14.910400390625,7.192599773406982,13995.53515625,21.489599227905273,3.721369981765747,295.3349914550781
2021-02-04,14.89109992980957,7.156599998474121,13983.9521484375,21.47279930114746,3.7227001190185547,295.010009765625
2021-02-05,14.99413013458252,7.132900238037109,14010.4736328125,21.56800079345703,3.759399890899658,297.2099914550781
2021-02-08,14.91765022277832,7.0569000244140625,14001.103515625,21.392000198364258,3.7207000255584717,295.79998779296875
2021-02-09,14.863960266113281,7.074900150299072,13990.4599609375,21.29159927368164,3.711199998855591,297.3999938964844
2021-02-10,14.69849967956543,7.0639801025390625,13989.1884765625,21.21769905090332,3.6893999576568604,295.6400146484375
2021-02-11,14.750900268554688,7.055480003356934,14027.0,21.254499435424805,3.703399896621704,294.2099914550781
2021-02-12,14.611100196838379,7.023900032043457,13976.240234375,21.235000610351562,3.70770001411438,294.8500061035156
2021-02-15,14.543450355529785,7.028900146484375,13966.0,21.214000701904297,3.7082600593566895,295.6300048828125
2021-02-16,14.434599876403809,6.956900119781494,13907.0,21.14389991760254,3.6940999031066895,294.6940002441406
2021-02-17,14.66759967803955,6.982399940490723,14039.2001953125,21.337099075317383,3.7171599864959717,296.5469970703125
2021-02-18,14.560600280761719,6.963210105895996,14007.474609375,21.424699783325195,3.726490020751953,297.29400634765625
2021-02-19,14.586999893188477,6.965590000152588,13998.1982421875,21.40049934387207,3.711869955062866,296.4200134277344
2021-02-22,14.657050132751465,6.981400012969971,13898.4169921875,21.347000122070312,3.697200059890747,295.4100036621094
2021-02-23,14.662199974060059,7.010000228881836,14107.6962890625,21.258699417114258,3.6944398880004883,294.8299865722656
2021-02-24,14.552740097045898,7.100299835205078,14081.6171875,21.255300521850586,3.7090699672698975,294.86700439453125
2021-02-25,14.481599807739258,7.16379976272583,14097.7998046875,21.358299255371094,3.700659990310669,295.2099914550781
2021-02-26,14.998100280761719,7.3231000900268555,13968.185546875,21.559600830078125,3.7109999656677246,297.125
2021-03-01,15.039480209350586,7.413090229034424,14110.5849609375,21.652599334716797,3.737499952316284,299.4800109863281
2021-03-02,14.961700439453125,7.269370079040527,14245.6201171875,21.68779945373535,3.7583999633789062,301.7850036621094
2021-03-03,14.922800064086914,7.34499979019165,14239.181640625,21.64419937133789,3.7511000633239746,301.17999267578125
2021-03-04,15.06190013885498,7.456699848175049,14349.0,21.715999603271484,3.770669937133789,302.0299987792969
2021-03-05,15.279399871826172,7.508900165557861,14268.8798828125,21.92099952697754,3.810349941253662,304.7699890136719
2021-03-08,15.311450004577637,7.507740020751953,14287.392578125,22.086999893188477,3.843600034713745,307.3999938964844
2021-03-09,15.5246000289917,7.755760192871094,14344.4755859375,22.27199935913086,3.8759000301361084,309.989990234375
2021-03-10,15.281990051269531,7.606659889221191,14393.0,22.0039005279541,3.8379199504852295,308.010009765625
2021-03-11,15.065899848937988,7.489699840545654,14398.0,21.968000411987305,3.835740089416504,307.3819885253906
2021-03-12,14.803099632263184,7.475100040435791,14283.900390625,21.83180046081543,3.82177996635437,304.6000061035156
2021-03-15,14.93529987335205,7.556000232696533,14385.208984375,21.89699935913086,3.8313798904418945,306.8500061035156
2021-03-16,14.8548002243042,7.530720233917236,14464.0,21.93429946899414,3.8469998836517334,307.7300109863281
2021-03-17,14.860300064086914,7.4882001876831055,14427.5,21.937400817871094,3.857599973678589,308.5979919433594
2021-03-18,14.605600357055664,7.49429988861084,14403.0,21.77560043334961,3.8358800411224365,305.7699890136719
2021-03-19,14.728309631347656,7.320219993591309,14431.0,21.905000686645508,3.873699903488159,309.05999755859375
2021-03-22,14.811630249023438,8.095390319824219,14372.2001953125,21.944900512695312,3.8882699012756348,309.5469970703125
2021-03-23,14.702500343322754,7.825399875640869,14375.7998046875,21.830799102783203,3.8477001190185547,306.70001220703125
2021-03-24,14.881199836730957,7.939599990844727,14505.5,22.12299919128418,3.900599956512451,308.8450012207031
2021-03-25,14.950360298156738,7.911399841308594,14460.0,22.208999633789062,3.914599895477295,308.5899963378906
2021-03-26,14.995719909667969,7.947999954223633,14456.400390625,22.22170066833496,3.933000087738037,309.20001220703125
2021-03-29,14.971949577331543,8.118200302124023,14411.0,22.097999572753906,3.9298999309539795,307.29998779296875
2021-03-30,14.910730361938477,8.243490219116211,14511.7001953125,22.14889907836914,3.9639101028442383,307.875
2021-03-31,14.901180267333984,8.324700355529785,14605.0,22.29050064086914,3.9693000316619873,309.75
2021-04-01,14.779199600219727,8.241889953613281,14606.0,22.253999710083008,3.9456000328063965,308.4739990234375
2021-04-02,14.613900184631348,8.106969833374023,14553.0,22.14080047607422,3.8942699432373047,306.5400085449219
2021-04-05,14.617690086364746,8.184000015258789,14518.0,22.143999099731445,3.9110798835754395,307.0450134277344
2021-04-06,14.546079635620117,8.11340045928955,14529.2001953125,21.981000900268555,3.882859945297241,304.79998779296875
2021-04-07,14.512399673461914,8.14490032196045,14460.2998046875,21.913999557495117,3.8629000186920166,303.4800109863281
2021-04-08,14.53909969329834,8.14387035369873,14641.0,21.76409912109375,3.8494300842285156,302.2200012207031
2021-04-09,14.516819953918457,8.12952995300293,14660.7001953125,21.659799575805664,3.8106000423431396,300.6400146484375
2021-04-12,14.576310157775879,8.170999526977539,14558.0,21.845600128173828,3.805500030517578,300.1700134277344
2021-04-13,14.559100151062012,8.154500007629395,14611.900390625,21.823999404907227,3.8018999099731445,299.57000732421875
2021-04-14,14.493000030517578,8.107099533081055,14621.099609375,21.66200065612793,3.8173000812530518,300.4119873046875
2021-04-15,14.386899948120117,8.080300331115723,14673.7998046875,21.623699188232422,3.7985000610351562,298.92999267578125
2021-04-16,14.143400192260742,8.028800010681152,14616.0,21.645999908447266,3.8003900051116943,299.8550109863281
2021-04-19,14.302220344543457,8.076199531555176,14558.0,21.65839958190918,3.7916998863220215,301.2900085449219
2021-04-20,14.208200454711914,8.090399742126465,14570.0,21.509000778198242,3.775700092315674,299.6099853515625
2021-04-21,14.285499572753906,8.10342025756836,14543.2001953125,21.529800415039062,3.779400110244751,299.885009765625
2021-04-22,14.217499732971191,8.190099716186523,14564.2001953125,21.468000411987305,3.78371000289917,300.7120056152344
2021-04-23,14.309280395507812,8.301719665527344,14606.599609375,21.507299423217773,3.7980000972747803,302.5559997558594
2021-04-26,14.272890090942383,8.406160354614258,14518.0,21.36050033569336,3.7643001079559326,300.57000732421875
2021-04-27,14.271679878234863,8.290300369262695,14459.599609375,21.378999710083008,3.7702999114990234,300.70001220703125
2021-04-28,14.36868953704834,8.205940246582031,14516.400390625,21.423799514770508,3.776700019836426,299.5610046386719
2021-04-29,14.204099655151367,8.184889793395996,14519.0,21.315500259399414,3.768480062484741,298.1099853515625
2021-04-30,14.281800270080566,8.184880256652832,14439.7001953125,21.299699783325195,3.7655301094055176,296.8450012207031
2021-05-03,14.458600044250488,8.274550437927246,14438.0,21.476900100708008,3.7876999378204346,299.0400085449219
2021-05-04,14.397700309753418,8.258999824523926,14399.099609375,21.362699508666992,3.7632999420166016,297.864990234375
2021-05-05,14.462200164794922,8.319299697875977,14482.5,21.48940086364746,3.7891900539398193,299.5350036621094
2021-05-06,14.344590187072754,8.329000473022461,14399.5,21.468000411987305,3.8088600635528564,298.5899963378906
2021-05-07,14.186490058898926,8.276749610900879,14283.7998046875,21.28820037841797,3.786600112915039,296.7179870605469
2021-05-10,14.055299758911133,8.23799991607666,14278.0,21.04170036315918,3.739300012588501,293.8800048828125
2021-05-11,14.038029670715332,8.271400451660156,14189.599609375,21.032899856567383,3.754309892654419,294.385009765625
2021-05-12,13.973600387573242,8.28950023651123,14220.0,20.986499786376953,3.734999895095825,295.0400085449219
2021-05-13,14.115599632263184,8.432900428771973,14347.0,21.173900604248047,3.7669999599456787,295.9200134277344
2021-05-14,14.12930965423584,8.49940013885498,14300.2998046875,21.121400833129883,3.7453999519348145,295.3420104980469
2021-05-17,14.125439643859863,8.445099830627441,14191.0,20.9419002532959,3.7242000102996826,292.260009765625
2021-05-18,14.092610359191895,8.302020072937012,14344.5,20.88089942932129,3.723759889602661,288.9010009765625
2021-05-19,14.007519721984863,8.35513973236084,14362.2998046875,20.77549934387207,3.6984000205993652,286.71600341796875
2021-05-20,14.101300239562988,8.410599708557129,14389.7001953125,20.91010093688965,3.7169198989868164,288.0050048828125
2021-05-21,13.977970123291016,8.36931037902832,14397.2998046875,20.83449935913086,3.6767001152038574,285.5140075683594
2021-05-24,13.956450462341309,8.416299819946289,14348.0,20.893199920654297,3.687299966812134,286.2900085449219
2021-05-25,13.914199829101562,8.377969741821289,14365.0,20.77280044555664,3.668529987335205,283.989990234375
2021-05-26,13.839099884033203,8.452300071716309,14371.400390625,20.726900100708008,3.657979965209961,284.5899963378906
2021-05-27,13.76078987121582,8.451199531555176,14310.0,20.841999053955078,3.6898000240325928,286.5299987792969
2021-05-28,13.756460189819336,8.48235034942627,14318.0,20.841899871826172,3.6791000366210938,285.3399963378906
2021-05-31,13.768500328063965,8.573399543762207,14278.0,20.867900848388672,3.676500082015991,285.1199951171875
2021-06-01,13.707300186157227,8.487799644470215,14247.5,20.765300750732422,3.660559892654419,283.69000244140625
2021-06-02,13.757229804992676,8.601699829101562,14251.5,20.77680015563965,3.649250030517578,283.06500244140625
2021-06-03,13.514869689941406,8.580490112304688,14290.7001953125,20.824800491333008,3.6489200592041016,283.68499755859375
2021-06-04,13.62108039855957,8.70680046081543,14360.0,20.972999572753906,3.6744000911712646,286.20001220703125
2021-06-07,13.417940139770508,8.67300033569336,14288.0,20.885000228881836,3.6602699756622314,284.1199951171875
2021-06-08,13.52865982055664,8.597149848937988,14246.5,20.821300506591797,3.660599946975708,284.22100830078125
2021-06-09,13.569510459899902,8.599699974060059,14281.0,20.86989974975586,3.6651999950408936,286.2650146484375
2021-06-10,13.732290267944336,8.582300186157227,14300.0,20.82659912109375,3.6728999614715576,284.1199951171875
2021-06-11,13.593299865722656,8.425200462341309,14248.5,20.80430030822754,3.66729998588562,283.55499267578125
2021-06-14,13.706999778747559,8.378479957580566,14182.0,20.962099075317383,3.71343994140625,287.32501220703125
2021-06-15,13.765080451965332,8.45576000213623,14267.5,20.95050048828125,3.724400043487549,288.4800109863281
2021-06-16,13.760100364685059,8.555899620056152,14280.2998046875,20.971399307250977,3.730299949645996,289.4590148925781
2021-06-17,13.98270034790039,8.619999885559082,14466.5,21.236799240112305,3.771480083465576,293.3299865722656
2021-06-18,14.097999572753906,8.71345043182373,14554.7001953125,21.425600051879883,3.8248000144958496,298.3349914550781
2021-06-21,14.335399627685547,8.754280090332031,14368.0,21.517799377441406,3.833199977874756,299.3299865722656
2021-06-22,14.214500427246094,8.779199600219727,14388.7998046875,21.392000198364258,3.799449920654297,296.42999267578125
2021-06-23,14.25802993774414,8.63895034790039,14495.0,21.347000122070312,3.780129909515381,293.2049865722656
2021-06-24,14.209600448608398,8.634499549865723,14413.2998046875,21.26110076904297,3.7946200370788574,293.3299865722656
2021-06-25,14.189339637756348,8.69729995727539,14511.2001953125,21.319000244140625,3.7869699001312256,294.39599609375
2021-06-28,14.152139663696289,8.747309684753418,14418.0,21.33139991760254,3.7774500846862793,293.94000244140625
2021-06-29,14.247400283813477,8.683099746704102,14525.0,21.31100082397461,3.7728800773620605,293.6780090332031
2021-06-30,14.342399597167969,8.72599983215332,14629.099609375,21.304000854492188,3.796099901199341,295.1050109863281
2021-07-01,14.231499671936035,8.704700469970703,14601.599609375,21.48550033569336,3.813230037689209,296.1449890136719
2021-07-02,14.4241304397583,8.664609909057617,14581.400390625,21.430999755859375,3.8107099533081055,296.19500732421875
2021-07-05,14.200530052185059,8.688400268554688,14526.0,21.54560089111328,3.8027000427246094,296.3999938964844
2021-07-06,14.240699768066406,8.65999984741211,14495.0,21.529699325561523,3.79325008392334,296.3599853515625
2021-07-07,14.337030410766602,8.680299758911133,14568.7001953125,21.56100082397461,3.817199945449829,299.0899963378906
2021-07-08,14.280179977416992,8.678500175476074,14569.2001953125,21.84280014038086,3.843600034713745,302.3819885253906
2021-07-09,14.262539863586426,8.681900024414062,14618.7001953125,21.799999237060547,3.8294999599456787,301.2349853515625
2021-07-12,14.22677993774414,8.65429973602295,14521.0,21.661699295043945,3.8259999752044678,298.69500732421875
2021-07-13,14.365519523620605,8.632100105285645,14558.5,21.602500915527344,3.835779905319214,299.2229919433594
2021-07-14,14.705220222473145,8.619199752807617,14542.099609375,21.758899688720703,3.8856000900268555,303.0799865722656
2021-07-15,14.441499710083008,8.584050178527832,14473.0,21.592100143432617,3.8571999073028564,302.5459899902344
2021-07-16,14.535639762878418,8.560689926147461,14563.0,21.52400016784668,3.874840021133423,303.2760009765625
2021-07-19,14.38949966430664,8.532099723815918,14491.0,21.589599609375,3.878200054168701,303.989990234375
2021-07-20,14.530679702758789,8.580100059509277,14664.5,21.769699096679688,3.8945999145507812,305.0299987792969
2021-07-21,14.591569900512695,8.57040023803711,14620.0,21.749399185180664,3.897160053253174,304.8349914550781
2021-07-22,14.57448959350586,8.554160118103027,14536.0,21.778400421142578,3.8795900344848633,304.75201416015625
2021-07-23,14.697600364685059,8.556500434875488,14548.7001953125,21.74839973449707,3.8751299381256104,303.6109924316406
2021-07-26,14.79343032836914,8.54757022857666,14486.0,21.741100311279297,3.8866000175476074,305.8900146484375
2021-07-27,14.746520042419434,8.554499626159668,14523.5,21.719100952148438,3.8873000144958496,305.8999938964844
2021-07-28,14.758099555969238,8.556099891662598,14554.0,21.716899871826172,3.888200044631958,303.6400146484375
2021-07-29,14.719400405883789,8.551259994506836,14462.599609375,21.45199966430664,3.876300096511841,304.0
2021-07-30,14.516799926757812,8.45226001739502,14450.0,21.4060001373291,3.8406100273132324,300.4100036621094
2021-08-02,14.598600387573242,8.43667984008789,14456.0,21.38599967956543,3.8452999591827393,301.6000061035156
2021-08-03,14.455599784851074,8.349800109863281,14397.400390625,21.43280029296875,3.837869882583618,300.2300109863281
2021-08-04,14.303600311279297,8.401200294494629,14349.5,21.4237003326416,3.8338799476623535,299.37701416015625
2021-08-05,14.327730178833008,8.475500106811523,14338.599609375,21.473899841308594,3.8359999656677246,299.42999267578125
2021-08-06,14.476420402526855,8.52560043334961,14385.5,21.34000015258789,3.8409600257873535,298.34698486328125
2021-08-09,14.640910148620605,8.627900123596191,14346.0,21.59040069580078,3.8907999992370605,300.8299865722656
2021-08-10,14.769000053405762,8.6489896774292,14402.099609375,21.599599838256836,3.8876800537109375,300.7900085449219
2021-08-11,14.767849922180176,8.598799705505371,14393.099609375,21.63559913635254,3.9019999504089355,301.364990234375
2021-08-12,14.609199523925781,8.625439643859863,14395.0,21.59980010986328,3.8984599113464355,301.07000732421875
2021-08-13,14.75979995727539,8.561189651489258,14341.0,21.613300323486328,3.8954501152038574,300.44000244140625
2021-08-16,14.67140007019043,8.512200355529785,14381.0,21.415000915527344,3.8699400424957275,298.6650085449219
2021-08-17,14.808600425720215,8.454700469970703,14363.0,21.562400817871094,3.867799997329712,298.2699890136719
2021-08-18,14.87304973602295,8.42667007446289,14425.099609375,21.716100692749023,3.8940999507904053,300.0
2021-08-19,14.933850288391113,8.453519821166992,14454.2001953125,21.720199584960938,3.8901000022888184,299.114990234375
2021-08-20,15.195699691772461,8.530799865722656,14493.400390625,21.81879997253418,3.921299934387207,300.2099914550781
2021-08-23,15.288350105285645,8.490799903869629,14446.0,21.822799682617188,3.911099910736084,299.239990234375
2021-08-24,15.117899894714355,8.42650032043457,14430.0,21.72760009765625,3.901060104370117,297.7720031738281
2021-08-25,14.979399681091309,8.411800384521484,14448.7001953125,21.604999542236328,3.888700008392334,296.0
2021-08-26,14.921250343322754,8.373379707336426,14465.7001953125,21.68400001525879,3.8826000690460205,295.7300109863281
2021-08-27,14.892900466918945,8.376409530639648,14449.2998046875,21.696399688720703,3.8886001110076904,296.4849853515625
2021-08-30,14.705699920654297,8.34862995147705,14411.0,21.58690071105957,3.874300003051758,295.718994140625
2021-08-31,14.623749732971191,8.367300033569336,14362.0,21.65730094909668,3.862600088119507,294.6960144042969
2021-09-01,14.48843002319336,8.304499626159668,14246.5,21.39699935913086,3.8282999992370605,295.32000732421875
2021-09-02,14.367349624633789,8.283780097961426,14269.2001953125,21.38719940185547,3.8058900833129883,293.54998779296875
2021-09-03,14.430800437927246,8.279580116271973,14245.5,21.365999221801758,3.79721999168396,293.42999267578125
2021-09-06,14.296299934387207,8.312649726867676,14256.0,21.333499908447266,3.7920000553131104,292.2850036621094
2021-09-07,14.219400405883789,8.276780128479004,14231.400390625,21.268999099731445,3.8080599308013916,292.7330017089844
2021-09-08,14.265399932861328,8.344799995422363,14279.2001953125,21.417200088500977,3.8090999126434326,293.9100036621094
2021-09-09,14.155850410461426,8.472200393676758,14326.400390625,21.474000930786133,3.8189001083374023,295.82000732421875
2021-09-10,14.189900398254395,8.440400123596191,14258.7998046875,21.504499435424805,3.8408000469207764,296.1730041503906
2021-09-13,14.164999961853027,8.46660041809082,14196.0,21.326000213623047,3.84525990486145,296.2650146484375
2021-09-14,14.10949993133545,8.422100067138672,14291.599609375,21.343000411987305,3.848299980163574,296.17999267578125
2021-09-15,14.323399543762207,8.430669784545898,14249.7001953125,21.455799102783203,3.8538498878479004,296.1300048828125
2021-09-16,14.363300323486328,8.425800323486328,14264.5,21.38960075378418,3.859100103378296,294.9649963378906
2021-09-17,14.574549674987793,8.529009819030762,14283.900390625,21.50819969177246,3.8859400749206543,297.82000732421875
2021-09-20,14.740050315856934,8.635199546813965,14221.0,21.61039924621582,3.9110000133514404,300.42999267578125
2021-09-21,14.755200386047363,8.668299674987793,14320.5,21.691699981689453,3.926100015640259,301.6700134277344
2021-09-22,14.845499992370605,8.620400428771973,14237.5,21.66010093688965,3.938800096511841,300.4700012207031
2021-09-23,14.771499633789062,8.656299591064453,14279.2001953125,21.704299926757812,3.951280117034912,303.69000244140625
2021-09-24,14.73390007019043,8.756429672241211,14286.5,21.596399307250977,3.926100015640259,303.1050109863281
2021-09-27,14.917810440063477,8.858619689941406,14251.0,21.667800903320312,3.927730083465576,303.9849853515625
2021-09-28,14.92158031463623,8.814200401306152,14242.5,21.71030044555664,3.9286999702453613,305.7799987792969
2021-09-29,15.090800285339355,8.866900444030762,14318.599609375,21.7947998046875,3.9657700061798096,307.5199890136719
2021-09-30,15.14330005645752,8.916139602661133,14385.0,21.864999771118164,3.9910600185394287,310.32501220703125
2021-10-01,15.071700096130371,8.885000228881836,14328.599609375,21.868000030517578,3.9779000282287598,310.06500244140625
2021-10-04,14.844799995422363,8.85260009765625,14301.0,21.787599563598633,3.9423000812530518,307.42498779296875
2021-10-05,15.028200149536133,8.847100257873535,14300.5,21.785900115966797,3.9507999420166016,306.781005859375
2021-10-06,14.985819816589355,8.861960411071777,14246.0,21.716999053955078,3.96914005279541,308.3500061035156
2021-10-07,14.945099830627441,8.866040229797363,14232.400390625,21.959299087524414,3.933500051498413,310.489990234375
2021-10-08,14.937399864196777,8.87090015411377,14170.7998046875,21.979400634765625,3.9663898944854736,310.0150146484375
2021-10-11,14.902600288391113,8.955010414123535,14216.0,21.97640037536621,3.979099988937378,311.80999755859375
2021-10-12,15.052399635314941,8.99487018585205,14194.0,21.957300186157227,3.966140031814575,310.7850036621094
2021-10-13,14.956100463867188,9.037989616394043,14221.2001953125,21.905000686645508,3.9730000495910645,312.3299865722656
2021-10-14,14.768899917602539,9.146920204162598,14219.7001953125,21.76799964904785,3.9428598880767822,310.3269958496094
2021-10-15,14.760299682617188,9.190099716186523,14078.5,21.88450050354004,3.945240020751953,309.45001220703125
2021-10-18,14.57919979095459,9.236949920654297,14067.0,21.85300064086914,3.933300018310547,309.82501220703125
2021-10-19,14.66450023651123,9.339099884033203,14157.2001953125,21.908700942993164,3.9470200538635254,311.2349853515625
2021-10-20,14.485210418701172,9.305399894714355,14116.7998046875,21.90530014038086,3.938770055770874,311.2699890136719
2021-10-21,14.377120018005371,9.214960098266602,14119.7998046875,21.885099411010742,3.93149995803833,310.65301513671875
2021-10-22,14.647299766540527,9.531149864196777,14175.0,21.94099998474121,3.9612200260162354,313.05999755859375
2021-10-25,14.8125,9.674400329589844,14116.0,22.027599334716797,3.9477999210357666,312.4700012207031
2021-10-26,14.695099830627441,9.586700439453125,14193.5,22.140399932861328,3.973639965057373,314.7900085449219
2021-10-27,14.810680389404297,9.529069900512695,14175.7001953125,22.147499084472656,3.972399950027466,314.44500732421875
2021-10-28,15.05620002746582,9.50570011138916,14217.099609375,22.15180015563965,3.9804000854492188,312.9599914550781
2021-10-29,15.108960151672363,9.52511978149414,14229.0,22.01289939880371,3.95403790473938,309.1400146484375
2021-11-01,15.19124984741211,9.582900047302246,14228.5,22.18429946899414,3.986910104751587,311.3900146484375
2021-11-02,15.396109580993652,9.539910316467285,14276.599609375,22.02829933166504,3.9784131050109863,310.510986328125
2021-11-03,15.413200378417969,9.600799560546875,14289.900390625,22.05150032043457,3.9746999740600586,310.20001220703125
2021-11-04,15.21310043334961,9.639599800109863,14366.0,21.91900062561035,3.941725969314575,308.7099914550781
2021-11-05,15.199600219726562,9.694029808044434,14414.0,21.922700881958008,3.9781510829925537,311.32000732421875
2021-11-08,15.022760391235352,9.687740325927734,14319.7998046875,21.677000045776367,3.974292039871216,310.0899963378906
2021-11-09,14.906499862670898,9.683159828186035,14252.0,21.77359962463379,3.960599899291992,311.42999267578125
2021-11-10,15.00529956817627,9.72719955444336,14290.0,21.749099731445312,3.956789970397949,310.82000732421875
2021-11-11,15.417699813842773,9.843099594116211,14302.400390625,21.84000015258789,4.010469913482666,316.29998779296875
2021-11-12,15.294300079345703,9.920900344848633,14261.7001953125,22.009300231933594,4.046760082244873,318.7699890136719
2021-11-15,15.299099922180176,10.029609680175781,14186.7001953125,22.044700622558594,4.053874969482422,320.3599853515625
2021-11-16,15.20259952545166,10.057499885559082,14185.400390625,22.166400909423828,4.088520050048828,321.614013671875
2021-11-17,15.477499961853027,10.34220027923584,14274.2001953125,22.184999465942383,4.1092848777771,322.42999267578125
2021-11-18,15.475700378417969,10.730779647827148,14223.7998046875,22.250600814819336,4.116633892059326,321.82000732421875
2021-11-19,15.630800247192383,11.03711986541748,14204.7001953125,22.21500015258789,4.104927062988281,320.30999755859375
2021-11-22,15.694600105285645,11.105500221252441,14265.099609375,22.415000915527344,4.153800010681152,325.3139953613281
2021-11-23,15.842900276184082,11.406100273132324,14259.599609375,22.61520004272461,4.184500217437744,329.05999755859375
2021-11-24,15.821040153503418,12.818900108337402,14272.5,22.66349983215332,4.181443214416504,328.94000244140625
2021-11-25,15.847800254821777,11.913999557495117,14303.400390625,22.74959945678711,4.174630165100098,328.8800048828125
2021-11-26,16.118999481201172,11.984299659729004,14320.0,22.77560043334961,4.172379970550537,326.3599853515625
2021-11-29,16.09939956665039,12.329099655151367,14408.2001953125,22.732200622558594,4.1645331382751465,326.7950134277344
2021-11-30,16.103120803833008,12.699000358581543,14377.0,22.540000915527344,4.144899845123291,325.1050109863281
2021-12-01,15.860010147094727,13.50160026550293,14333.0,22.49180030822754,4.106813907623291,321.7799987792969
2021-12-02,16.0137996673584,13.44320011138916,14376.0,22.47450065612793,4.08459997177124,320.4200134277344
2021-12-03,15.914899826049805,13.717100143432617,14443.7998046875,22.487499237060547,4.065000057220459,321.8999938964844
2021-12-06,16.024999618530273,13.632049560546875,14514.0,22.46430015563965,4.065797805786133,322.70001220703125
2021-12-07,15.897100448608398,13.783149719238281,14490.0,22.51490020751953,4.067200183868408,323.8699951171875
2021-12-08,15.836299896240234,13.520500183105469,14393.2998046875,22.445999145507812,4.064199924468994,325.3800048828125
2021-12-09,15.665749549865723,13.682700157165527,14335.0,22.43320083618164,4.0608601570129395,321.4100036621094
2021-12-10,15.936300277709961,13.773300170898438,14297.400390625,22.481300354003906,4.07505989074707,323.3299865722656
2021-12-13,15.949959754943848,13.854889869689941,14351.900390625,22.29599952697754,4.078804969787598,323.05499267578125
2021-12-14,15.997099876403809,13.803290367126465,14324.7001953125,22.480600357055664,4.1092000007629395,325.7699890136719
2021-12-15,16.076499938964844,14.377799987792969,14342.5,22.350000381469727,4.110040187835693,326.2449951171875
2021-12-16,15.962499618530273,14.81410026550293,14297.5,22.249000549316406,4.091475963592529,326.97100830078125
2021-12-17,15.924500465393066,15.660750389099121,14380.0,22.335399627685547,4.0837578773498535,324.5799865722656
2021-12-20,15.904500007629395,16.608980178833008,14385.7001953125,22.327999114990234,4.116899013519287,326.0899963378906
2021-12-21,15.74370002746582,13.475899696350098,14388.7001953125,22.24799919128418,4.102059841156006,326.09100341796875
2021-12-22,15.828700065612793,12.270709991455078,14263.900390625,22.33060073852539,4.092939853668213,325.57501220703125
2021-12-23,15.704700469970703,12.032299995422363,14193.7998046875,22.127399444580078,4.087299823760986,324.82501220703125
2021-12-24,15.621870040893555,11.413299560546875,14167.7998046875,22.11400032043457,4.085040092468262,326.3399963378906
2021-12-27,15.519700050354004,10.807069778442383,14189.2998046875,22.124500274658203,4.07938289642334,326.3500061035156
2021-12-28,15.525400161743164,11.521050453186035,14220.0,21.996000289916992,4.059340000152588,326.0830078125
2021-12-29,15.731579780578613,11.803119659423828,14238.2001953125,22.001699447631836,4.061343193054199,326.30999755859375
2021-12-30,15.909749984741211,12.640299797058105,14237.0,21.832000732421875,4.044839859008789,325.70001220703125
2021-12-31,15.889100074768066,13.290499687194824,14285.2001953125,21.83099937438965,4.05443000793457,325.6310119628906
2022-01-03,15.929900169372559,13.356599807739258,14215.0,21.85300064086914,4.034389019012451,324.30999755859375
2022-01-04,15.861499786376953,13.061699867248535,14283.599609375,21.93000030517578,4.046319007873535,324.67999267578125
2022-01-05,15.999119758605957,13.411499977111816,14385.5,21.853599548339844,4.043610095977783,321.3900146484375
2022-01-06,15.850629806518555,13.687999725341797,14446.5,21.64699935913086,4.0398712158203125,320.19000244140625
2022-01-07,15.69729995727539,13.782099723815918,14408.0,21.681900024414062,4.0305891036987305,318.8399963378906
2022-01-10,15.547329902648926,13.749349594116211,14318.5,21.38599967956543,4.001242160797119,315.864990234375
2022-01-11,15.659299850463867,13.809000015258789,14313.0,21.460399627685547,4.0057902336120605,316.44000244140625
2022-01-12,15.488479614257812,13.760499954223633,14277.0,21.457399368286133,3.990999937057495,313.94000244140625
2022-01-13,15.279669761657715,13.243399620056152,14298.900390625,21.23819923400879,3.951678991317749,308.3999938964844
2022-01-14,15.394599914550781,13.5826997756958,14276.0,21.38719940185547,3.9588000774383545,309.37298583984375
2022-01-17,15.318750381469727,13.43317985534668,14314.5,21.351999282836914,3.9766430854797363,312.1000061035156
2022-01-18,15.32960033416748,13.450599670410156,14349.7001953125,21.399799346923828,3.9649999141693115,311.6860046386719
2022-01-19,15.487099647521973,13.527700424194336,14382.2998046875,21.506099700927734,3.999300003051758,315.57000732421875
2022-01-20,15.29738998413086,13.423600196838379,14362.7998046875,21.38170051574707,3.9848649501800537,313.2900085449219
2022-01-21,15.215700149536133,13.354999542236328,14343.0,21.332000732421875,3.997889995574951,314.739990234375
2022-01-24,15.062060356140137,13.434650421142578,14329.7001953125,21.381999969482422,3.9917728900909424,315.7820129394531
2022-01-25,15.229999542236328,13.434760093688965,14365.0,21.655899047851562,4.0278000831604,318.8500061035156
2022-01-26,15.237500190734863,13.476900100708008,14330.5,21.64940071105957,4.050099849700928,317.20001220703125
2022-01-27,15.292719841003418,13.577099800109863,14366.400390625,21.797500610351562,4.074997901916504,320.25
2022-01-28,15.430660247802734,13.617600440979004,14389.2001953125,21.904399871826172,4.088399887084961,319.7900085449219
2022-01-31,15.582269668579102,13.482049942016602,14381.599609375,21.801000595092773,4.107819080352783,321.114990234375
2022-02-01,15.342020034790039,13.29580020904541,14350.0,21.645599365234375,4.078499794006348,316.125
2022-02-02,15.234999656677246,13.350179672241211,14322.2998046875,21.40999984741211,4.051830768585205,315.0450134277344
2022-02-03,15.306610107421875,13.46560001373291,14363.7998046875,21.38279914855957,4.015575885772705,313.30999755859375
2022-02-04,15.231550216674805,13.566200256347656,14377.0,21.152000427246094,3.968600034713745,309.5
2022-02-07,15.415300369262695,13.556659698486328,14400.400390625,21.223800659179688,3.977109909057617,308.489990234375
2022-02-08,15.485899925231934,13.570369720458984,14405.599609375,21.160200119018555,3.9623301029205322,308.8609924316406
2022-02-09,15.321149826049805,13.577210426330566,14379.5,21.231599807739258,3.9622960090637207,309.3210144042969
2022-02-10,15.205599784851074,13.539199829101562,14334.2001953125,21.17799949645996,3.9333269596099854,308.7099914550781
2022-02-11,15.154999732971191,13.496100425720215,14328.0,21.207000732421875,3.9439010620117188,309.8380126953125
2022-02-14,15.202779769897461,13.505419731140137,14344.7001953125,21.46929931640625,4.017889022827148,312.9849853515625
2022-02-15,15.077569961547852,13.590800285339355,14303.0,21.707199096679688,4.02524995803833,315.7799987792969
2022-02-16,15.092399597167969,13.60319995880127,14260.599609375,21.425899505615234,3.956737995147705,311.0199890136719
2022-02-17,15.001199722290039,13.59570026397705,14274.400390625,21.38920021057129,3.956037998199463,311.8699951171875
2022-02-18,14.996399879455566,13.522600173950195,14348.0,21.42770004272461,3.9776079654693604,313.5
2022-02-21,15.110179901123047,13.60807991027832,14365.900390625,21.477800369262695,3.998579978942871,315.5799865722656
2022-02-22,15.137499809265137,13.67549991607666,14355.0,21.554100036621094,4.0177001953125,315.2149963378906
2022-02-23,15.05780029296875,13.762280464172363,14395.0,21.650800704956055,4.012430191040039,313.6940002441406
2022-02-24,15.093500137329102,13.820500373840332,14365.0,21.72719955444336,4.056009769439697,319.5199890136719
2022-02-25,15.334150314331055,14.053000450134277,14452.5,22.09589958190918,4.13670015335083,328.94000244140625
2022-02-28,15.35280990600586,14.028840065002441,14334.2001953125,22.239999771118164,4.203519821166992,328.7699890136719
2022-03-01,15.326199531555176,13.791000366210938,14360.0,22.423999786376953,4.183300018310547,330.489990234375
2022-03-02,15.395999908447266,13.835200309753418,14425.0,22.780799865722656,4.242589950561523,337.364013671875
2022-03-03,15.290200233459473,13.982999801635742,14387.5,22.961999893188477,4.261149883270264,339.635009765625
2022-03-04,15.168230056762695,14.113499641418457,14358.400390625,23.268800735473633,4.346839904785156,343.6099853515625
2022-03-07,15.297900199890137,14.239629745483398,14381.7001953125,23.262100219726562,4.533959865570068,356.0899963378906
2022-03-08,15.336600303649902,14.378999710083008,14406.400390625,23.6919002532959,4.583199977874756,360.760986328125
2022-03-09,15.272100448608398,14.491299629211426,14362.7001953125,23.341899871826172,4.460787773132324,357.2799987792969
2022-03-10,15.009699821472168,14.659099578857422,14251.0,22.73979949951172,4.29915714263916,340.7200012207031
2022-03-11,15.02258014678955,14.838000297546387,14275.0,22.84469985961914,4.333399772644043,345.6050109863281
2022-03-14,15.0,14.75,14325.5,22.867000579833984,4.3639397621154785,347.6929931640625
2022-03-15,15.092949867248535,14.774860382080078,14347.5,22.675500869750977,4.3157501220703125,341.4460144042969
2022-03-16,15.087400436401367,14.700799942016602,14305.2998046875,22.613500595092773,4.285152912139893,338.9599914550781
2022-03-17,14.906200408935547,14.557979583740234,14263.5,22.259000778198242,4.2245001792907715,335.4849853515625
2022-03-18,14.904399871826172,14.703310012817383,14326.0,22.275100708007812,4.210559844970703,334.84100341796875
2022-03-21,14.922430038452148,14.806859970092773,14342.2998046875,22.4197998046875,4.26484489440918,339.4070129394531
2022-03-22,14.898750305175781,14.82174015045166,14345.0,22.393400192260742,4.2573699951171875,338.7850036621094
2022-03-23,14.803999900817871,14.818300247192383,14345.5,22.246999740600586,4.237460136413574,335.5639953613281
2022-03-24,14.730600357055664,14.826700210571289,14389.0,22.437700271606445,4.283203125,338.89300537109375
2022-03-25,14.485679626464844,14.836000442504883,14337.099609375,22.42770004272461,4.3272199630737305,340.5660095214844
2022-03-28,14.553589820861816,14.82759952545166,14334.0,22.381900787353516,4.267804145812988,339.1700134277344
2022-03-29,14.650400161743164,14.821399688720703,14373.0,22.348400115966797,4.26709508895874,340.8059997558594
2022-03-30,14.502900123596191,14.569250106811523,14334.0,21.95400047302246,4.190390110015869,330.9739990234375
2022-03-31,14.482199668884277,14.651009559631348,14327.5,21.766000747680664,4.157017230987549,328.7449951171875
2022-04-01,14.595399856567383,14.666199684143066,14351.0,22.01460075378418,4.187564849853516,331.7929992675781
2022-04-04,14.650199890136719,14.674039840698242,14361.0,22.027099609375,4.200200080871582,332.42999267578125
2022-04-05,14.574199676513672,14.691499710083008,14322.2998046875,22.158000946044922,4.205530166625977,335.94000244140625
2022-04-06,14.671600341796875,14.717900276184082,14365.5,22.318500518798828,4.243900775909424,344.8299865722656
2022-04-07,14.677200317382812,14.699589729309082,14382.0,22.433300018310547,4.264520168304443,347.6369934082031
2022-04-08,14.722200393676758,14.753700256347656,14385.0,22.451000213623047,4.263887882232666,348.2179870605469
2022-04-11,14.63539981842041,14.74020004272461,14355.0,22.4375,4.258930206298828,346.4880065917969
2022-04-12,14.551859855651855,14.664600372314453,14360.7001953125,22.444000244140625,4.282576084136963,347.58099365234375
2022-04-13,14.514389991760254,14.581500053405762,14364.2001953125,22.563400268554688,4.279018878936768,348.6199951171875
2022-04-14,14.531299591064453,14.59060001373291,14360.2001953125,22.297000885009766,4.254000186920166,345.760009765625
2022-04-15,14.638699531555176,14.622699737548828,14383.900390625,22.472000122070312,4.285260200500488,347.5400085449219
2022-04-18,14.622200012207031,14.621800422668457,14337.0,22.583200454711914,4.277719020843506,347.510009765625
2022-04-19,14.654000282287598,14.640899658203125,14353.7998046875,22.65239906311035,4.284824848175049,346.42999267578125
2022-04-20,14.960200309753418,14.652000427246094,14364.900390625,22.520999908447266,4.299596786499023,344.364013671875
2022-04-21,15.0246000289917,14.666799545288086,14351.0,22.44700050354004,4.273399829864502,341.6199951171875
2022-04-22,15.35912036895752,14.70398998260498,14382.0,22.462200164794922,4.2784810066223145,341.9800109863281
2022-04-25,15.569540023803711,14.747099876403809,14350.0,22.488800048828125,4.292764186859131,342.60699462890625
2022-04-26,15.673100471496582,14.771900177001953,14478.0,22.625,4.3299360275268555,347.4599914550781
2022-04-27,15.824649810791016,14.799699783325195,14466.0,22.961000442504883,4.431049823760986,354.19000244140625
2022-04-28,15.863659858703613,14.809800148010254,14447.5,23.20989990234375,4.458144187927246,358.0899963378906
2022-04-29,15.982500076293945,14.78888988494873,14502.0,23.35919952392578,4.462512016296387,360.2699890136719
2022-05-02,15.794099807739258,14.854900360107422,14490.0,23.31559944152832,4.4375,358.5830078125
2022-05-03,16.10759925842285,14.886699676513672,14522.599609375,23.476999282836914,4.459529876708984,363.05999755859375
2022-05-04,15.733240127563477,14.80679988861084,14491.0,23.40019989013672,4.454850196838379,361.60101318359375
2022-05-05,15.468799591064453,14.739700317382812,14425.0,23.13010025024414,4.373149871826172,353.5350036621094
2022-05-06,15.979599952697754,14.865079879760742,14458.7001953125,23.286399841308594,4.448699951171875,360.989990234375
2022-05-09,16.061500549316406,14.940130233764648,14490.0,23.729400634765625,4.459000110626221,362.3500061035156
2022-05-10,16.222200393676758,15.098400115966797,14552.2001953125,23.662399291992188,4.439499855041504,359.5039978027344
2022-05-11,16.11886978149414,15.32544994354248,14520.7998046875,23.718399047851562,4.4404401779174805,360.24700927734375
2022-05-12,16.078399658203125,15.285400390625,14543.400390625,24.145200729370117,4.443999767303467,360.9800109863281
2022-05-13,16.05620002746582,15.406800270080566,14632.099609375,24.00279998779297,4.493299961090088,368.7349853515625
2022-05-16,16.149919509887695,15.480199813842773,14606.0,23.66200065612793,4.49675989151001,370.4670104980469
2022-05-17,16.12211036682129,15.600299835205078,14645.0,23.559999465942383,4.459889888763428,373.30999755859375
2022-05-18,15.90233039855957,15.911999702453613,14630.599609375,23.398399353027344,4.4067301750183105,366.0799865722656
2022-05-19,16.0674991607666,15.956299781799316,14740.0,23.5216007232666,4.43120002746582,366.37799072265625
2022-05-20,15.832099914550781,15.902649879455566,14626.7998046875,23.316499710083008,4.389639854431152,363.2250061035156
2022-05-23,15.834059715270996,15.929900169372559,14645.0,23.284900665283203,4.378530025482178,362.94000244140625
2022-05-24,15.776300430297852,15.933099746704102,14619.2001953125,23.037700653076172,4.315159797668457,357.42401123046875
2022-05-25,15.622050285339355,16.09749984741211,14635.7998046875,22.9197998046875,4.279970169067383,356.5299987792969
2022-05-26,15.71660041809082,16.347999572753906,14597.0,23.076099395751953,4.301809787750244,367.1610107421875
2022-05-27,15.674969673156738,16.360700607299805,14584.2001953125,22.989999771118164,4.289889812469482,365.3599853515625
2022-05-30,15.5649995803833,16.334299087524414,14570.0,22.98819923400879,4.2566399574279785,366.94000244140625
2022-05-31,15.476799964904785,16.383499145507812,14538.400390625,22.81399917602539,4.254730224609375,364.17498779296875
2022-06-01,15.59550952911377,16.377729415893555,14543.900390625,22.9060001373291,4.2644500732421875,369.5
2022-06-02,15.593299865722656,16.443700790405273,14531.5,23.09600067138672,4.30502986907959,372.0710144042969
2022-06-03,15.448399543762207,16.48349952697754,14426.7998046875,22.943899154663086,4.2530999183654785,366.4599914550781
2022-06-06,15.536100387573242,16.508699417114258,14431.0,22.878999710083008,4.275869846343994,364.95599365234375
2022-06-07,15.421699523925781,16.594329833984375,14435.2001953125,23.097299575805664,4.285069942474365,362.0580139160156
2022-06-08,15.364279747009277,16.837099075317383,14458.7998046875,23.12849998474121,4.273600101470947,362.94500732421875
2022-06-09,15.277600288391113,17.176990509033203,14495.2998046875,23.01849937438965,4.2794599533081055,368.5639953613281
2022-06-10,15.474499702453613,17.239599227905273,14611.7998046875,23.23040008544922,4.335299968719482,372.1199951171875
2022-06-13,15.858280181884766,17.23390007019043,14546.0,23.496999740600586,4.394899845123291,378.8399963378906
2022-06-14,16.112899780273438,17.269100189208984,14795.0,23.695999145507812,4.466000080108643,384.05999755859375
2022-06-15,16.014999389648438,17.251279830932617,14740.7998046875,23.679399490356445,4.460020065307617,383.9750061035156
2022-06-16,15.739299774169922,17.236400604248047,14681.0,23.63010025024414,4.45989990234375,380.0899963378906
2022-06-17,15.996199607849121,17.296600341796875,14776.099609375,23.424800872802734,4.4791998863220215,377.92999267578125
2022-06-20,15.97665023803711,17.33650016784668,14816.0,23.516000747680664,4.459499835968018,379.489990234375
2022-06-21,16.02359962463379,17.31220054626465,14827.7001953125,23.444299697875977,4.4156999588012695,377.1300048828125
2022-06-22,15.914560317993164,17.34600067138672,14831.7001953125,23.42340087890625,4.401509761810303,374.3999938964844
2022-06-23,15.899609565734863,17.342599868774414,14843.0,23.364999771118164,4.444499969482422,374.5150146484375
2022-06-24,15.935409545898438,17.34589958190918,14841.7998046875,23.500499725341797,4.466300010681152,379.56500244140625
2022-06-27,15.764900207519531,16.668899536132812,14841.0,23.356000900268555,4.43310022354126,378.8999938964844
2022-06-28,15.827300071716309,16.563800811767578,14791.0,23.340999603271484,4.423699855804443,380.3999938964844
2022-06-29,16.063400268554688,16.624500274658203,14857.0,23.47260093688965,4.45989990234375,377.2200012207031
2022-06-30,16.20870018005371,16.62820053100586,14877.0,23.672800064086914,4.466989994049072,376.5799865722656
2022-07-01,16.255739212036133,16.6919002532959,14921.900390625,23.562999725341797,4.483099937438965,378.1600036621094
2022-07-04,16.39579963684082,16.733539581298828,14931.0,23.691699981689453,4.497200012207031,383.75
2022-07-05,16.331499099731445,16.778430938720703,15008.0,23.692699432373047,4.516300201416016,385.57000732421875
2022-07-06,16.533349990844727,17.001399993896484,15037.0,24.117700576782227,4.621650218963623,397.20001220703125
2022-07-07,16.764299392700195,17.212499618530273,15010.0,24.303600311279297,4.68149995803833,401.8500061035156
2022-07-08,16.68610954284668,17.258899688720703,14964.599609375,24.33180046081543,4.700200080871582,395.79998779296875
2022-07-11,16.812829971313477,17.2716007232666,14970.0,24.20439910888672,4.689499855041504,396.6189880371094
2022-07-12,17.07349967956543,17.34469985961914,14989.099609375,24.46030044555664,4.778600215911865,405.3699951171875
2022-07-13,17.017240524291992,17.280500411987305,15010.0,24.334199905395508,4.798299789428711,405.7799987792969
2022-07-14,16.94529914855957,17.41119956970215,15030.400390625,24.268400192260742,4.814300060272217,409.1650085449219
2022-07-15,17.12179946899414,17.464099884033203,15037.099609375,24.372900009155273,4.805449962615967,405.30999755859375
2022-07-18,17.045000076293945,17.339599609375,14986.0,24.260000228881836,4.736199855804443,396.8949890136719
2022-07-19,17.090749740600586,17.461000442504883,14977.0,24.157800674438477,4.693470001220703,395.2300109863281
2022-07-20,17.072500228881836,17.541200637817383,14960.7998046875,23.931499481201172,4.644199848175049,389.04998779296875
2022-07-21,17.123300552368164,17.594999313354492,15022.0,24.075199127197266,4.684999942779541,391.20001220703125
2022-07-22,17.035400390625,17.72047996520996,15004.2001953125,23.97170066833496,4.656799793243408,389.82000732421875
2022-07-25,16.78809928894043,17.757299423217773,15011.0,24.052799224853516,4.6423211097717285,389.0899963378906
2022-07-26,16.779300689697266,17.829200744628906,14978.0,24.01799964904785,4.618800163269043,390.19500732421875
2022-07-27,16.858400344848633,17.871999740600586,14982.7998046875,24.23200035095215,4.6931471824646,395.67999267578125
2022-07-28,16.66699981689453,17.867399215698242,14914.2001953125,24.03230094909668,4.685051918029785,395.75
2022-07-29,16.526199340820312,17.945199966430664,14849.099609375,24.082500457763672,4.667036056518555,396.9049987792969
2022-08-01,16.605039596557617,17.922500610351562,14826.0,24.06100082397461,4.6344451904296875,394.7799987792969
2022-08-02,16.476150512695312,17.89349937438965,14838.0,23.97410011291504,4.59499979019165,390.2200012207031
2022-08-03,16.806049346923828,17.943099975585938,14890.099609375,24.246599197387695,4.648799896240234,392.2200012207031
2022-08-04,16.739700317382812,17.930700302124023,14900.0,24.214000701904297,4.620693206787109,388.1050109863281
2022-08-05,16.575550079345703,17.941699981689453,14884.7001953125,23.967199325561523,4.591558933258057,385.2799987792969
2022-08-08,16.772600173950195,17.9237003326416,14886.0,24.08449935913086,4.628754138946533,387.19500732421875
2022-08-09,16.62540054321289,17.93779945373535,14831.2001953125,23.98940086364746,4.604053974151611,386.44000244140625
2022-08-10,16.566499710083008,17.923999786376953,14856.7001953125,23.995399475097656,4.602499961853027,388.7699890136719
2022-08-11,16.17176055908203,17.870100021362305,14756.900390625,23.615800857543945,4.537300109863281,384.5400085449219
2022-08-12,16.236799240112305,17.949100494384766,14724.2001953125,23.55940055847168,4.5381598472595215,382.44000244140625
2022-08-15,16.235200881958008,17.940000534057617,14661.0,23.731800079345703,4.539346218109131,382.2510070800781
2022-08-16,16.421110153198242,17.951860427856445,14776.400390625,24.040000915527344,4.605800151824951,392.6400146484375
2022-08-17,16.36520004272461,17.90625,14747.099609375,24.114500045776367,4.575629234313965,396.6000061035156
2022-08-18,16.645000457763672,17.944000244140625,14764.099609375,24.091899871826172,4.616200923919678,396.2900085449219
2022-08-19,16.8528995513916,18.07670021057129,14845.7001953125,24.369300842285156,4.685128211975098,402.510009765625
2022-08-22,17.007410049438477,18.087799072265625,14831.0,24.523799896240234,4.72941780090332,402.54400634765625
2022-08-23,16.989110946655273,18.090999603271484,14933.5,24.77829933166504,4.786693096160889,411.6000061035156
2022-08-24,16.959840774536133,18.120899200439453,14850.0,24.684999465942383,4.785639762878418,414.9800109863281
2022-08-25,16.910200119018555,18.148000717163086,14845.0,24.708599090576172,4.780157089233398,410.57000732421875
2022-08-26,16.70857048034668,18.165800094604492,14773.0,24.687000274658203,4.750360012054443,412.1400146484375
2022-08-29,16.9112491607666,18.167509078979492,14811.0,24.738800048828125,4.768196105957031,413.3399963378906
2022-08-30,16.809640884399414,18.18000030517578,14895.0,24.539100646972656,4.725154876708984,407.1499938964844
2022-08-31,16.957799911499023,18.15026092529297,14850.0,24.471200942993164,4.70959997177124,401.1470031738281
2022-09-01,17.105209350585938,18.189199447631836,14855.0,24.39349937438965,4.701691150665283,398.5369873046875
2022-09-02,17.25189971923828,18.20709991455078,14902.099609375,24.56100082397461,4.7348952293396,403.75
2022-09-05,17.300899505615234,18.211029052734375,14890.0,24.701000213623047,4.758430004119873,403.8429870605469
2022-09-06,17.162200927734375,18.214149475097656,14882.2998046875,24.693500518798828,4.749783039093018,405.8999938964844
2022-09-07,17.276620864868164,18.22620964050293,14904.0,24.83970069885254,4.779234886169434,407.5979919433594
2022-09-08,17.238019943237305,18.221200942993164,14865.2998046875,24.568899154663086,4.712384223937988,395.9599914550781
2022-09-09,17.49169921875,18.23870086669922,14892.2998046875,24.479000091552734,4.699794769287109,396.5799865722656
2022-09-12,17.243000030517578,18.221399307250977,14823.0,24.354900360107422,4.656233787536621,392.8800048828125
2022-09-13,17.079580307006836,18.22249984741211,14858.7001953125,24.184600830078125,4.630499839782715,392.5450134277344
2022-09-14,17.39189910888672,18.246400833129883,14954.900390625,24.57360076904297,4.725900173187256,399.8609924316406
2022-09-15,17.47330093383789,18.22907066345215,14915.0,24.506200790405273,4.722915172576904,406.0899963378906
2022-09-16,17.56399917602539,18.27322006225586,14933.599609375,24.4950008392334,4.730776786804199,409.4949951171875
2022-09-19,17.609529495239258,18.25429916381836,14946.0,24.420000076293945,4.7058000564575195,402.8999938964844
2022-09-20,17.625999450683594,18.29290008544922,14985.7998046875,24.389999389648438,4.689899921417236,397.15899658203125
2022-09-21,17.688100814819336,18.310720443725586,15008.599609375,24.67530059814453,4.738749980926514,402.26800537109375
2022-09-22,17.714799880981445,18.315000534057617,15019.0,25.05780029296875,4.858516216278076,413.92498779296875
2022-09-23,17.559490203857422,18.33799934387207,15026.599609375,25.04800033569336,4.826805114746094,411.67498779296875
2022-09-26,17.937000274658203,18.4325008392334,15031.0,25.377399444580078,4.894327163696289,418.42999267578125
2022-09-27,18.06209945678711,18.449499130249023,15204.0,25.54800033569336,4.941400051116943,423.7850036621094
2022-09-28,17.98270034790039,18.442899703979492,15167.2001953125,25.709999084472656,4.987045764923096,424.43499755859375
2022-09-29,17.85460090637207,18.523300170898438,15175.2998046875,25.369400024414062,4.95419979095459,425.2049865722656
2022-09-30,17.96558952331543,18.497499465942383,15175.2001953125,24.93239974975586,4.935809135437012,428.5
2022-10-03,18.052499771118164,18.516199111938477,15221.0,25.068199157714844,4.943299770355225,430.67999267578125
2022-10-04,17.63129997253418,18.523700714111328,15290.0,24.922000885009766,4.906400203704834,425.4750061035156
2022-10-05,17.627899169921875,18.569700241088867,15180.0,24.564800262451172,4.817180156707764,420.0
2022-10-06,17.789569854736328,18.54833984375,15206.7001953125,24.68199920654297,4.859000205993652,425.239990234375
2022-10-07,17.961200714111328,18.575300216674805,15215.7998046875,25.003599166870117,4.989500045776367,432.4649963378906
2022-10-10,18.094999313354492,18.577999114990234,15246.0,25.13279914855957,4.987100124359131,435.42999267578125
2022-10-11,18.081899642944336,18.583099365234375,15343.0,25.232900619506836,5.001399993896484,438.9700012207031
2022-10-12,18.139999389648438,18.5841007232666,15338.5,25.286800384521484,4.999899864196777,442.3999938964844
2022-10-13,18.275400161743164,18.509899139404297,15318.599609375,25.271099090576172,4.988674163818359,444.8299865722656
2022-10-14,18.226499557495117,18.552900314331055,15364.0,25.148300170898438,4.914599895477295,438.6700134277344
2022-10-17,18.234600067138672,18.58690071105957,15420.0,25.228900909423828,4.945799827575684,428.0
2022-10-18,18.056100845336914,18.54891014099121,15441.400390625,24.93670082092285,4.872320175170898,418.0249938964844
2022-10-19,18.06209945678711,18.57990074157715,15466.2001953125,24.891799926757812,4.85004997253418,419.1700134277344
2022-10-20,18.1968994140625,18.59309959411621,15620.0,25.09749984741211,4.916600227355957,423.57000732421875
2022-10-21,18.297100067138672,18.5856990814209,15562.0,25.056900024414062,4.880430221557617,417.90899658203125
2022-10-24,18.034700393676758,18.554330825805664,15626.0,24.813800811767578,4.837299823760986,415.7699890136719
2022-10-25,18.395299911499023,18.59079933166504,15586.5,24.728900909423828,4.839680194854736,418.989990234375
2022-10-26,18.184600830078125,18.606800079345703,15549.0,24.55820083618164,4.784200191497803,415.5060119628906
2022-10-27,17.909299850463867,18.59040069580078,15502.7001953125,24.27899932861328,4.696199893951416,405.16900634765625
2022-10-28,17.935699462890625,18.60890007019043,15554.2001953125,24.54450035095215,4.734799861907959,410.239990234375
2022-10-31,18.114999771118164,18.572969436645508,15549.2001953125,24.58799934387207,4.738500118255615,413.0400085449219
2022-11-01,18.30270004272461,18.616670608520508,15649.0,24.73889923095703,4.7670698165893555,413.7349853515625
2022-11-02,18.208799362182617,18.604299545288086,15690.0,24.711999893188477,4.758200168609619,411.32501220703125
2022-11-03,18.230899810791016,18.614999771118164,15696.0,24.93600082397461,4.789790153503418,415.0400085449219
2022-11-04,18.374849319458008,18.60919952392578,15780.0,25.05590057373047,4.815199851989746,416.2049865722656
2022-11-07,17.97035026550293,18.60007095336914,15609.5,24.55120086669922,4.72160005569458,405.364990234375
2022-11-08,17.710500717163086,18.444000244140625,15675.0,24.186599731445312,4.661099910736084,399.9800109863281
2022-11-09,17.700700759887695,18.54050064086914,15645.0,24.082000732421875,4.654699802398682,398.7699890136719
2022-11-10,17.75029945373535,18.585039138793945,15671.5,24.218000411987305,4.699900150299072,401.625
2022-11-11,17.340900421142578,18.482650756835938,15500.0,23.814199447631836,4.5947699546813965,393.8399963378906
2022-11-14,17.24489974975586,18.491619110107422,15473.900390625,23.461999893188477,4.524099826812744,391.18499755859375
2022-11-15,17.287099838256836,18.591100692749023,15530.099609375,23.50200080871582,4.564199924468994,396.4100036621094
2022-11-16,17.29050064086914,18.60770034790039,15557.0,23.48740005493164,4.574699878692627,397.82501220703125
2022-11-17,17.234699249267578,18.603679656982422,15655.0,23.422199249267578,4.518599987030029,393.57501220703125
2022-11-18,17.311899185180664,18.599199295043945,15720.0,23.50200080871582,4.540870189666748,396.67999267578125
2022-11-21,17.19515037536621,18.610429763793945,15629.400390625,23.56439971923828,4.550300121307373,393.8999938964844
2022-11-22,17.324100494384766,18.60059928894043,15755.0,23.694000244140625,4.584424018859863,399.05999755859375
2022-11-23,17.24650001525879,18.61210060119629,15671.0,23.59149932861328,4.5634307861328125,393.80499267578125
2022-11-24,16.968799591064453,18.608999252319336,15619.599609375,23.372699737548828,4.511899948120117,393.9200134277344
2022-11-25,17.00058937072754,18.626800537109375,15605.0,23.41900062561035,4.512599945068359,396.6700134277344
2022-11-28,17.0762996673584,18.59602928161621,15675.099609375,23.455900192260742,4.52235221862793,394.4750061035156
2022-11-29,17.12700080871582,18.618499755859375,15746.0,23.504100799560547,4.526350021362305,392.9649963378906
2022-11-30,16.968050003051758,18.63990020751953,15726.5,23.56100082397461,4.526183128356934,393.19000244140625
2022-12-01,17.109699249267578,18.6299991607666,15634.5,23.331100463867188,4.476761817932129,392.1199951171875
2022-12-02,17.524829864501953,18.632600784301758,15355.5,23.134899139404297,4.4511799812316895,391.3999938964844
2022-12-05,17.2898006439209,18.630699157714844,15421.0,23.09309959411621,4.428414821624756,387.8599853515625
2022-12-06,17.44329071044922,18.62459945678711,15520.2998046875,23.09600067138672,4.485599994659424,393.3550109863281
2022-12-07,17.31529998779297,18.62660026550293,15623.0,23.207799911499023,4.478761196136475,392.67999267578125
2022-12-08,17.152589797973633,18.62697982788086,15596.0,23.094900131225586,4.461092948913574,390.30999755859375
2022-12-09,17.157100677490234,18.638530731201172,15590.0,22.989599227905273,4.433899879455566,396.2200012207031
2022-12-12,17.320899963378906,18.635610580444336,15582.0,23.04199981689453,4.455712795257568,397.8699951171875
2022-12-13,17.565500259399414,18.617900848388672,15676.2998046875,23.045400619506836,4.446425914764404,393.1499938964844
2022-12-14,17.233699798583984,18.629499435424805,15554.7001953125,22.84160041809082,4.412892818450928,386.0400085449219
2022-12-15,17.159090042114258,18.607770919799805,15481.0,22.68199920654297,4.380910873413086,379.5450134277344
2022-12-16,17.499000549316406,18.64459991455078,15626.0,22.783899307250977,4.40931510925293,381.9649963378906
2022-12-19,17.572200775146484,18.622900009155273,15615.900390625,22.834999084472656,4.430290222167969,383.3699951171875
2022-12-20,17.332700729370117,18.645200729370117,15567.5,22.801000595092773,4.413762092590332,380.05999755859375
2022-12-21,17.30780029296875,18.636680603027344,15556.0,22.73979949951172,4.393599987030029,378.4049987792969
2022-12-22,17.17970085144043,18.654800415039062,15513.0,22.7731990814209,4.390402793884277,378.8800048828125
2022-12-23,17.1200008392334,18.66963005065918,15563.0,22.821199417114258,4.37375020980835,377.80999755859375
2022-12-26,16.95949935913086,18.623430252075195,15565.900390625,22.767900466918945,4.362880229949951,375.6210021972656
2022-12-27,17.020490646362305,18.65679931640625,15607.0,22.721099853515625,4.361908912658691,375.8399963378906
2022-12-28,17.193500518798828,18.656999588012695,15617.5,22.776599884033203,4.396038055419922,376.7200012207031
2022-12-29,17.04509925842285,18.69367027282715,15789.0,22.769399642944336,4.411478042602539,377.6700134277344
2022-12-30,16.92060089111328,18.70298957824707,15620.0,22.670299530029297,4.384699821472168,374.82000732421875
2023-01-02,16.899999618530273,18.644729614257812,15508.7998046875,22.39699935913086,4.361466884613037,371.07000732421875
2023-01-03,16.885189056396484,18.74329948425293,15550.0,22.605300903320312,4.370934963226318,375.95001220703125
2023-01-04,17.011999130249023,18.70686912536621,15571.7998046875,22.812999725341797,4.4285569190979,379.2200012207031
2023-01-05,16.8704891204834,18.735950469970703,15560.0,22.583799362182617,4.398900032043457,372.82501220703125
2023-01-06,17.15089988708496,18.766599655151367,15620.0,22.836700439453125,4.44673490524292,376.3699951171875
2023-01-09,17.09000015258789,18.768489837646484,15602.2998046875,22.472000122070312,4.402554035186768,370.03900146484375
2023-01-10,16.91699981689453,18.758499145507812,15580.0,22.313800811767578,4.368765830993652,369.5400085449219
2023-01-11,16.792299270629883,18.754459381103516,15528.900390625,22.30299949645996,4.362758159637451,371.0199890136719
2023-01-12,16.897279739379883,18.773399353027344,15414.0,22.302200317382812,4.350160121917725,369.7099914550781
2023-01-13,16.70977020263672,18.77869987487793,15172.0,22.11319923400879,4.322299957275391,365.7099914550781
2023-01-16,16.780000686645508,18.783069610595703,15114.7998046875,22.099000930786133,4.333363056182861,365.9700012207031
2023-01-17,17.043270111083984,18.779090881347656,15082.0,22.113000869750977,4.32810115814209,367.9800109863281
2023-01-18,17.052200317382812,18.75263023376465,15162.0,22.15399932861328,4.350863933563232,367.4800109863281
2023-01-19,17.1112003326416,18.763029098510742,15096.0,22.18600082397461,4.373863220214844,365.4519958496094
2023-01-20,17.28219985961914,18.792699813842773,15141.0,22.058000564575195,4.3541789054870605,363.7900085449219
2023-01-23,17.087499618530273,18.793350219726562,15055.900390625,21.99139976501465,4.3302998542785645,361.7099914550781
2023-01-24,17.148189544677734,18.719240188598633,15007.0,21.931400299072266,4.331520080566406,363.6199951171875
2023-01-25,17.005489349365234,18.795230865478516,14955.5,21.901899337768555,4.32734489440918,357.3900146484375
2023-01-26,17.110790252685547,18.804000854492188,14938.7001953125,21.724000930786133,4.313600063323975,354.25
2023-01-27,17.15850067138672,18.81049919128418,14942.5,21.83650016784668,4.324699878692627,355.8800048828125
2023-01-30,17.189599990844727,18.798599243164062,14970.400390625,21.841999053955078,4.331363201141357,358.9849853515625
2023-01-31,17.378700256347656,18.808000564575195,14995.0,21.95039939880371,4.3403000831604,359.2900085449219
2023-02-01,17.411399841308594,18.804000854492188,14990.7001953125,21.880599975585938,4.334403991699219,360.0299987792969
2023-02-02,16.997499465942383,18.807449340820312,14855.0,21.57939910888672,4.266112804412842,353.9100036621094
2023-02-03,17.069000244140625,18.80525016784668,14881.0,21.715999603271484,4.2914719581604,353.0150146484375
2023-02-06,17.432100296020508,18.825319290161133,15078.7998046875,21.97800064086914,4.36460018157959,359.05999755859375
2023-02-07,17.654499053955078,18.829099655151367,15200.0,22.22249984741211,4.419400215148926,367.635009765625
2023-02-08,17.513700485229492,18.831600189208984,15147.0,22.128999710083008,4.424900054931641,365.4599914550781
2023-02-09,17.71954917907715,18.832359313964844,15117.0,22.155399322509766,4.418799877166748,360.56500244140625
2023-02-10,17.7406005859375,18.829700469970703,15140.0,22.02400016784668,4.424200057983398,360.82000732421875
2023-02-13,17.921100616455078,18.82975959777832,15182.2001953125,22.16200065612793,4.461231231689453,362.2749938964844
2023-02-14,17.810400009155273,18.837459564208984,15211.0,22.104000091552734,4.459319114685059,356.5150146484375
2023-02-15,17.86033058166504,18.84394073486328,15179.0,22.056299209594727,4.446300029754639,351.55499267578125
2023-02-16,18.019739151000977,18.85038948059082,15210.0,22.065000534057617,4.455150127410889,354.75
2023-02-17,18.122299194335938,18.854820251464844,15142.0,22.160200119018555,4.471089839935303,359.80999755859375
2023-02-20,18.03849983215332,18.85346031188965,15159.0,22.174699783325195,4.454354763031006,358.9100036621094
2023-02-21,18.050579071044922,18.863500595092773,15162.5,22.180700302124023,4.43653678894043,358.010009765625
2023-02-22,18.240299224853516,18.862699508666992,15233.0,22.253000259399414,4.454800128936768,359.2749938964844
2023-02-23,18.204700469970703,18.875200271606445,15192.0,22.30190086364746,4.472449779510498,359.3900146484375
2023-02-24,18.202299118041992,18.86302947998047,15210.0,22.301799774169922,4.455652236938477,359.4100036621094
2023-02-27,18.387500762939453,18.882020950317383,15257.7001953125,22.399700164794922,4.470351219177246,359.6780090332031
2023-02-28,18.380229949951172,18.884199142456055,15209.0,22.262399673461914,4.4405999183654785,356.0400085449219
2023-03-01,18.313499450683594,18.882400512695312,15240.0,22.176000595092773,4.4480390548706055,357.2950134277344
2023-03-02,18.096500396728516,18.883399963378906,15243.0,21.868600845336914,4.374810218811035,349.5199890136719
2023-03-03,18.166400909423828,18.885700225830078,15322.0,22.091999053955078,4.431293964385986,354.67999267578125
2023-03-06,18.11750030517578,18.88681983947754,15255.099609375,22.024200439453125,4.4293317794799805,356.0799865722656
2023-03-07,18.17020034790039,18.869890213012695,15352.0,22.012399673461914,4.388176918029785,352.5150146484375
2023-03-08,18.3882999420166,18.918100357055664,15437.0,22.283100128173828,4.445240020751953,358.7149963378906
2023-03-09,18.52199935913086,18.940799713134766,15450.0,22.297700881958008,4.4344000816345215,357.95001220703125
2023-03-10,18.560800552368164,18.951900482177734,15489.0,22.32080078125,4.42519998550415,361.9800109863281
2023-03-13,18.197200775146484,18.961389541625977,15472.599609375,22.10930061340332,4.379499912261963,357.4100036621094
2023-03-14,18.183900833129883,18.97100067138672,15409.0,22.104900360107422,4.363150119781494,366.2200012207031
2023-03-15,18.10569953918457,18.974899291992188,15372.0,22.135499954223633,4.385252952575684,363.2300109863281
2023-03-16,18.36479949951172,18.98699951171875,15479.0,22.674999237060547,4.442119121551514,374.20001220703125
2023-03-17,18.338499069213867,19.00200080871582,15422.0,22.548999786376953,4.425000190734863,371.6600036621094
2023-03-20,18.467100143432617,19.00787925720215,15368.5,22.446699142456055,4.403213977813721,371.42999267578125
2023-03-21,18.496339797973633,19.00881004333496,15340.0,22.339000701904297,4.384562969207764,367.95001220703125
2023-03-22,18.512569427490234,19.033199310302734,15294.0,22.034000396728516,4.347521781921387,360.7850036621094
2023-03-23,18.211200714111328,19.043899536132812,15251.0,21.785600662231445,4.307888031005859,355.93499755859375
2023-03-24,18.066150665283203,19.057199478149414,15047.0,21.77869987487793,4.320700168609619,353.92498779296875
2023-03-27,18.146900177001953,19.0802001953125,15148.0,21.9414005279541,4.3466620445251465,357.1199951171875
2023-03-28,18.28619956970215,19.092580795288086,15107.5,21.991199493408203,4.336100101470947,356.95001220703125
2023-03-29,18.14349937438965,19.12070083618164,15061.0,21.789499282836914,4.313724994659424,351.4700012207031
2023-03-30,18.08591079711914,19.14689064025879,15031.5,21.728900909423828,4.32004976272583,350.81500244140625
2023-03-31,17.739900588989258,19.17569923400879,15020.0,21.5310001373291,4.285799980163574,348.2149963378906
2023-04-03,17.806249618530273,19.193479537963867,14988.0,21.694000244140625,4.325500011444092,352.1000061035156
2023-04-04,17.795799255371094,19.20479965209961,14915.0,21.503799438476562,4.282138824462891,346.0
2023-04-05,17.88385009765625,19.216999053955078,14958.0,21.398500442504883,4.266483783721924,344.2300109863281
2023-04-06,18.06290054321289,19.250099182128906,14956.0,21.471500396728516,4.295147895812988,345.385009765625
2023-04-07,18.08230972290039,19.250699996948242,14932.0,21.374000549316406,4.288400173187256,343.8699951171875
2023-04-10,18.19420051574707,19.245399475097656,14906.0,21.40089988708496,4.287619113922119,342.8599853515625
2023-04-11,18.482900619506836,19.265300750732422,14955.0,21.479400634765625,4.311699867248535,345.2900085449219
2023-04-12,18.33625030517578,19.291040420532227,14913.0,21.476999282836914,4.275094032287598,344.1619873046875
2023-04-13,18.424089431762695,19.308759689331055,14823.5,21.20009994506836,4.230030059814453,339.8169860839844
2023-04-14,18.034799575805664,19.335100173950195,14720.0,21.00950050354004,4.191740036010742,337.9280090332031
2023-04-17,18.095500946044922,19.378299713134766,14693.0,21.194799423217773,4.2225661277771,339.7699890136719
2023-04-18,18.291400909423828,19.385299682617188,14860.0,21.386199951171875,4.237969875335693,340.3630065917969
2023-04-19,18.15850067138672,19.399599075317383,14890.0,21.337299346923828,4.209001064300537,338.0899963378906
2023-04-20,18.166200637817383,19.3981990814209,15006.0,21.35810089111328,4.217576026916504,345.7799987792969
2023-04-21,17.889400482177734,19.404260635375977,14946.0,21.403400421142578,4.19035005569458,343.0299987792969
2023-04-24,18.07710075378418,19.405170440673828,14838.0,21.37310028076172,4.195859909057617,342.0989990234375
2023-04-25,18.13960075378418,19.402700424194336,14945.0,21.20639991760254,4.157100200653076,339.8900146484375
2023-04-26,18.317459106445312,19.41783905029297,14935.0,21.39310073852539,4.182555198669434,344.2099914550781
2023-04-27,18.354839324951172,19.423099517822266,14841.5,21.267000198364258,4.14769983291626,338.37799072265625
2023-04-28,18.268850326538086,19.43549919128418,14684.0,21.235000610351562,4.146544933319092,338.17401123046875
2023-05-01,18.281400680541992,19.449499130249023,14663.0,21.310800552368164,4.168059825897217,338.3299865722656
2023-05-02,18.355600357055664,19.452049255371094,14671.5,21.4906005859375,4.196891784667969,339.42999267578125
2023-05-03,18.46319007873535,19.473539352416992,14752.5,21.412200927734375,4.1566948890686035,340.2489929199219
2023-05-04,18.272279739379883,19.474889755249023,14680.5,21.209800720214844,4.145050048828125,338.7349853515625
2023-05-05,18.280799865722656,19.487199783325195,14700.0,21.21500015258789,4.160307884216309,338.3179931640625
2023-05-08,18.385950088500977,19.499000549316406,14668.0,21.230499267578125,4.148079872131348,337.1159973144531
2023-05-09,18.28285026550293,19.50189971923828,14750.0,21.25469970703125,4.147157192230225,338.24200439453125
2023-05-10,18.596149444580078,19.520000457763672,14767.0,21.311899185180664,4.149600028991699,338.67999267578125
2023-05-11,18.848400115966797,19.53969955444336,14691.0,21.31100082397461,4.112223148345947,336.3900146484375
2023-05-12,19.170499801635742,19.565799713134766,14770.5,21.5531005859375,4.1588969230651855,340.32000732421875
2023-05-15,19.155799865722656,19.628000259399414,14743.0,21.73819923400879,4.160029888153076,340.9599914550781
2023-05-16,18.99690055847168,19.67970085144043,14795.0,21.69339942932129,4.140235900878906,339.4100036621094
2023-05-17,19.04960060119629,19.731300354003906,14885.0,21.73200035095215,4.132516860961914,339.2300109863281
2023-05-18,19.233299255371094,19.764400482177734,14876.5,21.80699920654297,4.170127868652344,341.1000061035156
2023-05-19,19.303850173950195,19.806859970092773,14916.0,21.959999084472656,4.2164998054504395,347.75201416015625
2023-05-22,19.41200065612793,19.815900802612305,14918.0,21.915000915527344,4.197939872741699,346.510009765625
2023-05-23,19.24850082397461,19.84454917907715,14886.0,21.868000030517578,4.162665843963623,345.6189880371094
2023-05-24,19.166799545288086,19.863929748535156,14895.0,21.954999923706055,4.166525840759277,348.3399963378906
2023-05-25,19.227100372314453,19.907100677490234,14945.900390625,21.994600296020508,4.190091133117676,346.0060119628906
2023-05-26,19.774499893188477,19.97439956665039,14970.0,21.999099731445312,4.19718599319458,347.5010070800781
2023-05-29,19.64480972290039,19.989200592041016,14948.0,22.065000534057617,4.2217020988464355,345.8599853515625
2023-05-30,19.629989624023438,20.1270809173584,14960.0,22.075000762939453,4.216100215911865,346.8800048828125
2023-05-31,19.652910232543945,20.611600875854492,14979.0,22.058000564575195,4.226147174835205,344.8500061035156
2023-06-01,19.694950103759766,20.786399841308594,14984.0,22.156099319458008,4.232193946838379,346.44000244140625
2023-06-02,19.61090087890625,20.890199661254883,14907.0,21.978200912475586,4.194699764251709,344.6650085449219
2023-06-05,19.516000747680664,21.080299377441406,14983.0,22.081199645996094,4.19895601272583,345.7799987792969
2023-06-06,19.241199493408203,21.269500732421875,14849.5,21.95669937133789,4.175600051879883,344.5199890136719
2023-06-07,19.168800354003906,21.93440055847168,14872.0,22.006200790405273,4.179699897766113,344.2430114746094
2023-06-08,19.06744956970215,23.295530319213867,14889.0,22.069900512695312,4.190310001373291,343.9880065917969
2023-06-09,18.8221492767334,23.498699188232422,14836.0,21.925100326538086,4.144179821014404,342.67999267578125
2023-06-12,18.68185043334961,23.645999908447266,14833.0,22.021099090576172,4.131740093231201,342.1700134277344
2023-06-13,18.54598045349121,23.66010093688965,14871.5,22.07509994506836,4.131547927856445,342.7049865722656
2023-06-14,18.600200653076172,23.638500213623047,14869.0,22.05699920654297,4.15694522857666,342.82000732421875
2023-06-15,18.300600051879883,23.568500518798828,14909.0,21.933900833129883,4.103169918060303,342.489990234375
2023-06-16,18.194049835205078,23.650800704956055,14897.0,21.70400047302246,4.065771102905273,340.6700134277344
2023-06-19,18.199600219726562,23.548500061035156,14928.0,21.753000259399414,4.072751045227051,341.1099853515625
2023-06-20,18.147829055786133,23.601499557495117,15008.0,21.713600158691406,4.071814060211182,341.7900085449219
2023-06-21,18.368900299072266,23.572099685668945,15016.0,21.73040008544922,4.068540096282959,340.54998779296875
2023-06-22,18.287870407104492,23.554800033569336,14943.0,21.569299697875977,4.030399799346924,336.05999755859375
2023-06-23,18.4950008392334,24.885099411010742,14935.0,21.5757999420166,4.03428316116333,336.9200134277344
2023-06-26,18.73200035095215,25.317800521850586,14987.0,21.678600311279297,4.069069862365723,339.2820129394531
2023-06-27,18.645700454711914,25.960159301757812,15039.0,21.611000061035156,4.068414211273193,338.1050109863281
2023-06-28,18.50830078125,25.989990234375,14982.5,21.540599822998047,4.055635929107666,337.7900085449219
2023-06-29,18.62380027770996,26.055500030517578,14981.0,21.680700302124023,4.097586154937744,339.96099853515625
2023-06-30,18.749500274658203,26.03860092163086,15064.0,21.766000747680664,4.087601184844971,341.44000244140625
2023-07-03,18.8262996673584,25.422399520874023,14986.0,21.743200302124023,4.062014102935791,341.510009765625
2023-07-04,18.736299514770508,25.864200592041016,15056.0,21.691999435424805,4.063045978546143,342.9800109863281
2023-07-05,18.63129997253418,25.978099822998047,15010.0,21.790199279785156,4.072594165802002,344.7959899902344
2023-07-06,18.758499145507812,26.085599899291992,15077.0,21.856599807739258,4.111842155456543,351.30999755859375
2023-07-07,19.08489990234375,26.12980079650879,15189.2998046875,21.922800064086914,4.116038799285889,353.9800109863281
2023-07-10,18.80699920654297,26.137800216674805,15128.0,21.757099151611328,4.059557914733887,350.42999267578125
2023-07-11,18.769899368286133,26.037189483642578,15216.0,21.631099700927734,4.036326885223389,345.44000244140625
2023-07-12,18.448200225830078,26.110000610351562,15156.7998046875,21.636699676513672,4.028519153594971,343.6400146484375
2023-07-13,18.122699737548828,26.199600219726562,14928.0,21.33289909362793,3.9818999767303467,336.6409912109375
2023-07-14,17.91230010986328,26.057199478149414,14954.0,21.15850067138672,3.9591739177703857,332.7799987792969
2023-07-17,18.078899383544922,26.25,14951.0,21.146499633789062,3.9692440032958984,332.7049865722656
2023-07-18,18.020200729370117,26.382200241088867,14982.5,21.131999969482422,3.9515180587768555,332.4739990234375
2023-07-19,17.864500045776367,26.947799682617188,14986.0,21.219200134277344,3.9613749980926514,332.6099853515625
2023-07-20,17.833669662475586,26.820499420166016,14992.0,21.292999267578125,3.9696390628814697,337.4620056152344
2023-07-21,17.909910202026367,26.850500106811523,15051.5,21.510799407958984,3.9987881183624268,342.5799865722656
2023-07-24,17.940099716186523,26.95199966430664,15018.0,21.585399627685547,4.0123419761657715,340.7460021972656
2023-07-25,17.725130081176758,26.96940040588379,15021.5,21.79319953918457,4.021902084350586,341.4800109863281
2023-07-26,17.52050018310547,26.923500061035156,15032.0,21.76140022277832,4.009475231170654,343.6300048828125
2023-07-27,17.61009979248047,26.895700454711914,15007.0,21.68090057373047,3.991960048675537,344.54998779296875
2023-07-28,17.78904914855957,26.9552001953125,15095.0,21.85700035095215,4.028192043304443,348.0799865722656
2023-07-31,17.597999572753906,26.84040069580078,15088.0,21.727500915527344,4.002058982849121,348.6300048828125
2023-08-01,17.855199813842773,26.925979614257812,15104.0,21.696500778198242,4.001346111297607,351.9230041503906
2023-08-02,18.240190505981445,26.973499298095703,15131.0,21.733999252319336,4.037900924682617,353.0299987792969
2023-08-03,18.442699432373047,26.962299346923828,15220.0,21.876699447631836,4.060279846191406,354.80999755859375
2023-08-04,18.638999938964844,26.963289260864258,15161.0,22.097999572753906,4.069779872894287,358.75299072265625
2023-08-07,18.438800811767578,26.994300842285156,15163.0,22.02790069580078,4.032299995422363,353.42999267578125
2023-08-08,18.696800231933594,27.005399703979492,15232.0,22.002399444580078,4.02096700668335,352.6099853515625
2023-08-09,18.907499313354492,26.925180435180664,15207.2001953125,22.119699478149414,4.068600177764893,355.5799865722656
2023-08-10,18.951419830322266,26.94700050354004,15207.0,22.088600158691406,4.06728982925415,353.8420104980469
2023-08-11,18.819900512695312,27.05120086669922,15259.0,22.03420066833496,4.0441107749938965,350.6759948730469
2023-08-14,18.923200607299805,27.112199783325195,15317.0,21.95599937438965,4.049744129180908,349.3940124511719
2023-08-15,19.064899444580078,27.055400848388672,15347.0,22.031999588012695,4.077607154846191,352.1400146484375
2023-08-16,19.137699127197266,27.047889709472656,15311.5,22.085599899291992,4.101908206939697,355.6700134277344
2023-08-17,19.174489974975586,27.073659896850586,15362.0,22.166200637817383,4.109300136566162,355.4859924316406
2023-08-18,19.05139923095703,27.125,15362.5,22.12179946899414,4.109025955200195,353.7799987792969
2023-08-21,18.967199325561523,27.138399124145508,15278.0,22.06920051574707,4.099950790405273,351.6199951171875
2023-08-22,18.940000534057617,27.20549964904785,15318.900390625,22.03230094909668,4.104825973510742,351.1700134277344
2023-08-23,18.76995086669922,27.20490074157715,15317.0,22.17449951171875,4.117362022399902,352.92999267578125
2023-08-24,18.454099655151367,27.19339942932129,15294.099609375,22.13909912109375,4.109899044036865,351.8999938964844
2023-08-25,18.790630340576172,25.905399322509766,15239.0,22.327299118041992,4.1407999992370605,354.9800109863281
2023-08-28,18.61829948425293,26.353700637817383,15288.0,22.27899932861328,4.136185169219971,353.3500061035156
2023-08-29,18.55430030822754,26.309499740600586,15255.5,22.295499801635742,4.125613212585449,354.010009765625
2023-08-30,18.448299407958984,26.54829978942871,15196.5,22.143400192260742,4.106744766235352,350.3739929199219
2023-08-31,18.693910598754883,26.681299209594727,15216.0,22.018199920654297,4.085599899291992,347.0480041503906
2023-09-01,18.831050872802734,26.68790054321289,15231.0,22.172399520874023,4.12284517288208,351.2449951171875
2023-09-04,18.79694938659668,26.577299118041992,15233.0,22.34440040588379,4.142199993133545,356.5299987792969
2023-09-05,19.098100662231445,26.77120018005371,15227.0,22.347000122070312,4.14251184463501,354.00799560546875
2023-09-06,19.117799758911133,26.78059959411621,15298.0,22.542499542236328,4.184977054595947,361.239990234375
2023-09-07,19.202199935913086,26.816499710083008,15336.0,22.6112003326416,4.257999897003174,362.9100036621094
2023-09-08,19.130800247192383,26.85810089111328,15342.0,22.75160026550293,4.3203959465026855,361.7900085449219
2023-09-11,19.064199447631836,26.665090560913086,15318.0,22.72279930114746,4.305099964141846,359.3900146484375
2023-09-12,18.84149932861328,26.866870880126953,15339.099609375,22.796199798583984,4.316309928894043,357.0
2023-09-13,18.92310905456543,26.919200897216797,15350.2001953125,22.810699462890625,4.325399875640869,357.9700012207031
2023-09-14,18.80760955810547,26.885499954223633,15353.0,22.733800888061523,4.306300163269043,357.510986328125
2023-09-15,19.02672004699707,26.944400787353516,15395.0,23.044700622558594,4.357560157775879,361.2200012207031
2023-09-18,18.976980209350586,26.786020278930664,15346.0,22.966999053955078,4.350029945373535,359.4330139160156
2023-09-19,19.005699157714844,26.987499237060547,15377.0,22.818700790405273,4.339049816131592,358.510009765625
2023-09-20,18.905000686645508,27.018299102783203,15384.5,22.859899520874023,4.359099864959717,359.1099853515625
2023-09-21,18.850400924682617,27.02280044555664,15361.0,22.881500244140625,4.327300071716309,360.6499938964844
2023-09-22,18.95039939880371,27.104780197143555,15400.5,22.911100387573242,4.32804012298584,363.66400146484375
2023-09-25,18.740999221801758,27.178089141845703,15368.0,22.91360092163086,4.322837829589844,365.4800109863281
2023-09-26,18.766300201416016,27.207380294799805,15405.0,22.976999282836914,4.349471092224121,368.4679870605469
2023-09-27,19.061100006103516,27.34280014038086,15493.0,23.0846004486084,4.3588337898254395,369.5570068359375
2023-09-28,19.198400497436523,27.332799911499023,15569.0,23.150999069213867,4.406225204467773,373.5299987792969
2023-09-29,18.97266960144043,27.458900451660156,15474.0,23.019800186157227,4.390626907348633,370.7799987792969
2023-10-02,18.879199981689453,27.48110008239746,15448.0,23.051300048828125,4.370299816131592,368.739990234375
2023-10-03,19.211999893188477,27.461999893188477,15516.0,23.288999557495117,4.404880046844482,370.8039855957031
2023-10-04,19.298099517822266,27.527599334716797,15622.0,23.398099899291992,4.4206390380859375,372.0899963378906
2023-10-05,19.319599151611328,27.55459976196289,15591.0,23.191099166870117,4.382400035858154,368.3399963378906
2023-10-06,19.507299423217773,27.582599639892578,15631.0,23.1466007232666,4.362795829772949,367.3810119628906
2023-10-09,19.356670379638672,27.71269989013672,15603.0,23.150800704956055,4.330385208129883,366.08099365234375
2023-10-10,19.138900756835938,27.71969985961914,15691.400390625,23.098800659179688,4.3096442222595215,367.3699951171875
2023-10-11,19.00029945373535,27.727500915527344,15718.5,23.09939956665039,4.277369976043701,365.2799987792969
2023-10-12,18.809789657592773,27.718799591064453,15693.0,23.073200225830078,4.259582042694092,363.6000061035156
2023-10-13,19.011600494384766,27.842300415039062,15739.0,23.38330078125,4.307568073272705,367.42999267578125
2023-10-16,18.971750259399414,27.706300735473633,15676.0,23.45009994506836,4.235128879547119,368.5299987792969
2023-10-17,18.77475929260254,27.87019920349121,15675.0,23.34079933166504,4.215750217437744,365.84698486328125
2023-10-18,18.793899536132812,27.96139907836914,15728.2001953125,23.29759979248047,4.177347183227539,363.5199890136719
2023-10-19,18.971750259399414,28.019559860229492,15807.0,23.402599334716797,4.221919059753418,364.3699951171875
2023-10-20,19.00149917602539,28.02429962158203,15856.0,23.268800735473633,4.202099800109863,361.25
2023-10-23,18.970500946044922,28.04990005493164,15868.0,23.2278995513916,4.207289218902588,360.6600036621094
2023-10-24,18.951120376586914,28.081710815429688,15874.0,23.04759979248047,4.1757001876831055,357.6099853515625
2023-10-25,19.009899139404297,28.122499465942383,15868.0,23.202199935913086,4.211781024932861,361.5400085449219
2023-10-26,19.12700080871582,28.1481990814209,15877.5,23.348499298095703,4.23458194732666,363.79400634765625
2023-10-27,18.93269920349121,28.16670036315918,15920.0,23.31369972229004,4.212151050567627,362.239990234375
2023-10-30,18.76535987854004,28.202829360961914,15903.5,23.309900283813477,4.22415018081665,362.9679870605469
2023-10-31,18.834699630737305,28.257369995117188,15843.0,23.102800369262695,4.190199851989746,360.2959899902344
2023-11-01,18.617799758911133,28.302400588989258,15748.7001953125,23.200700759887695,4.2084221839904785,361.25
2023-11-02,18.44729995727539,28.32309913635254,15900.0,23.290000915527344,4.220749855041504,362.1700134277344
2023-11-03,18.402099609375,28.35890007019043,15838.0,23.019899368286133,4.188469886779785,359.5799865722656
2023-11-06,18.26289939880371,28.383150100708008,15582.099609375,22.673200607299805,4.147749900817871,352.3699951171875
2023-11-07,18.29010009765625,28.447599411010742,15570.0,22.877899169921875,4.156888961791992,353.7699890136719
2023-11-08,18.333499908447266,28.49519920349121,15643.599609375,22.997699737548828,4.163643836975098,353.4800109863281
2023-11-09,18.48189926147461,28.517309188842773,15616.0,22.966699600219727,4.143599987030029,353.82000732421875
2023-11-10,18.65369987487793,28.525800704956055,15713.7001953125,22.98819923400879,4.1526198387146,355.2300109863281
2023-11-13,18.726430892944336,28.513660430908203,15683.0,22.893600463867188,4.13520622253418,352.4119873046875
2023-11-14,18.674400329589844,28.60610008239746,15667.0,22.93950080871582,4.133699893951416,352.3800048828125
2023-11-15,18.22150993347168,28.641199111938477,15281.0,22.463600158691406,4.041901111602783,345.2239990234375
2023-11-16,18.179100036621094,28.679689407348633,15487.7998046875,22.51799964904785,4.041162967681885,346.55999755859375
2023-11-17,18.36479949951172,28.701900482177734,15475.0,22.513900756835938,4.02705192565918,346.78399658203125
2023-11-20,18.333599090576172,28.647829055786133,15399.400390625,22.427000045776367,4.017768859863281,346.28900146484375
2023-11-21,18.323789596557617,28.777830123901367,15382.099609375,22.37700080871582,3.968899965286255,346.8900146484375
2023-11-22,18.60733985900879,28.79397964477539,15501.2998046875,22.440000534057617,4.003756046295166,348.29998779296875
2023-11-23,18.870590209960938,28.83180046081543,15612.7998046875,22.43429946899414,4.008170127868652,349.8999938964844
2023-11-24,18.80643081665039,28.840700149536133,15495.0,22.326499938964844,4.002399921417236,347.80999755859375
2023-11-27,18.78289031982422,28.842559814453125,15560.0,22.28580093383789,3.983099937438965,346.75201416015625
2023-11-28,18.642900466918945,28.909400939941406,15466.5,22.149700164794922,3.964163064956665,346.1839904785156
2023-11-29,18.572799682617188,28.91860008239746,15259.0,22.01259994506836,3.9237899780273438,342.7799987792969
2023-11-30,18.729299545288086,28.940919876098633,15407.0,22.089099884033203,3.953200101852417,344.1340026855469
2023-12-01,18.83856964111328,28.88640022277832,15549.2998046875,22.30120086669922,3.9942069053649902,348.8559875488281
2023-12-04,18.58839988708496,28.89620018005371,15437.400390625,22.292400360107422,3.9729878902435303,347.5419921875
2023-12-05,18.797170639038086,28.917800903320312,15519.900390625,22.510000228881836,3.99180006980896,350.2340087890625
2023-12-06,18.948999404907227,28.91469955444336,15457.0,22.539400100708008,4.001992225646973,351.6600036621094
2023-12-07,18.960559844970703,28.914899826049805,15480.0,22.551300048828125,4.019198894500732,352.7030029296875
2023-12-08,18.80590057373047,28.91069984436035,15500.0,22.484500885009766,4.007800102233887,353.2489929199219
2023-12-11,18.903989791870117,28.876100540161133,15560.2001953125,22.58300018310547,4.018159866333008,352.89300537109375
2023-12-12,19.072500228881836,28.96109962463379,15647.0,22.644899368286133,4.025599956512451,355.8399963378906
2023-12-13,18.924299240112305,29.027099609375,15569.0,22.666400909423828,4.004980087280273,353.62799072265625
2023-12-14,18.652429580688477,28.99180030822754,15275.0,22.42930030822754,3.9475409984588623,348.14300537109375
2023-12-15,18.31279945373535,28.976600646972656,15468.0,22.17690086364746,3.91587495803833,345.05999755859375
2023-12-18,18.28679084777832,28.84041976928711,15282.7998046875,22.455699920654297,3.9757320880889893,350.55499267578125
2023-12-19,18.57699966430664,29.0386905670166,15454.400390625,22.418800354003906,3.954684019088745,351.8699951171875
2023-12-20,18.32509994506836,29.088720321655273,15455.0,22.315399169921875,3.9370439052581787,350.0299987792969
2023-12-21,18.252349853515625,29.125499725341797,15518.0,22.358999252319336,3.9678070545196533,350.56298828125
2023-12-22,18.16320037841797,29.10354995727539,15440.0,22.31399917602539,3.9279000759124756,347.2200012207031
2023-12-25,18.46660041809082,28.833330154418945,15409.2001953125,22.295700073242188,3.9316000938415527,345.2959899902344
2023-12-26,18.446199417114258,29.311399459838867,15460.0,22.24410057067871,3.9323110580444336,346.1700134277344
2023-12-27,18.64900016784668,29.30590057373047,15400.0,22.194599151611328,3.9164860248565674,345.57000732421875
2023-12-28,18.348079681396484,29.38789939880371,15373.0,22.207799911499023,3.886605978012085,343.8999938964844
2023-12-29,18.56730079650879,29.519800186157227,15425.0,22.2947998046875,3.9155280590057373,345.739990234375
2024-01-01,18.26959991455078,29.018070220947266,15383.099609375,22.332300186157227,3.9256389141082764,346.1400146484375
2024-01-02,18.300399780273438,29.428199768066406,15383.0,22.348400115966797,3.9368999004364014,346.3599853515625
2024-01-03,18.55558967590332,29.74485969543457,15498.0,22.518299102783203,3.9897561073303223,348.6300048828125
2024-01-04,18.674299240112305,29.77907943725586,15555.0,22.55069923400879,3.9804000854492188,347.91900634765625
2024-01-05,18.686899185180664,29.840900421142578,15511.0,22.516199111938477,3.9674839973449707,345.8800048828125
2024-01-08,18.670289993286133,29.78428077697754,15477.5,22.417999267578125,3.9693920612335205,345.0249938964844
2024-01-09,18.564199447631836,29.91390037536621,15495.5,22.37619972229004,3.9553799629211426,344.7699890136719
2024-01-10,18.63878059387207,29.96179962158203,15534.5,22.46820068359375,3.9735500812530518,346.33599853515625
2024-01-11,18.631759643554688,29.85420036315918,15555.0,22.367000579833984,3.947551965713501,344.51800537109375
2024-01-12,18.645099639892578,30.06089973449707,15556.5,22.454700469970703,3.9616000652313232,344.9909973144531
2024-01-15,18.60658073425293,30.06355094909668,15503.2001953125,22.510299682617188,3.9766900539398193,346.2539978027344
2024-01-16,18.649099349975586,30.07284927368164,15546.0,22.538999557495117,3.9921329021453857,346.010009765625
2024-01-17,18.959089279174805,30.118099212646484,15625.0,22.702699661254883,4.035556793212891,348.6400146484375
2024-01-18,19.079200744628906,30.137819290161133,15624.0,22.709999084472656,4.036470890045166,349.2099914550781
2024-01-19,18.921100616455078,30.153600692749023,15613.099609375,22.763700485229492,4.028688907623291,351.42999267578125
2024-01-22,19.008899688720703,30.191360473632812,15601.0,22.74340057373047,3.9946019649505615,350.5320129394531
2024-01-23,19.193300247192383,30.2587890625,15655.5,22.76140022277832,4.008474826812744,352.44000244140625
2024-01-24,18.91320037841797,30.279499053955078,15715.0,22.898500442504883,4.0402398109436035,355.55499267578125
2024-01-25,18.877979278564453,30.24799919128418,15714.5,22.78700065612793,4.023829936981201,355.70001220703125
2024-01-26,18.880399703979492,30.297300338745117,15808.0,22.799999237060547,4.029300212860107,355.0199890136719
2024-01-29,18.757030487060547,30.324670791625977,15767.599609375,22.811399459838867,4.020100116729736,357.7950134277344
2024-01-30,18.778499603271484,30.34501075744629,15828.0,22.895099639892578,4.029359817504883,358.9679870605469
2024-01-31,18.779300689697266,30.358400344848633,15785.0,22.831600189208984,4.009779930114746,356.1700134277344
2024-02-01,18.6135196685791,30.359800338745117,15769.0,22.948999404907227,4.004332065582275,354.9649963378906
2024-02-02,18.56529998779297,30.44300079345703,15726.0,22.82900047302246,3.96749210357666,351.9100036621094
2024-02-05,18.882320404052734,30.300920486450195,15727.2001953125,23.128000259399414,3.994999885559082,355.635009765625
2024-02-06,19.048900604248047,30.536800384521484,15711.5,23.187599182128906,4.039244174957275,359.7099914550781
2024-02-07,18.81760025024414,30.541120529174805,15733.0,23.146299362182617,4.039230823516846,359.0899963378906
2024-02-08,18.898700714111328,30.59149932861328,15647.0,23.1382999420166,4.028842926025391,360.2099914550781
2024-02-09,18.966400146484375,30.668399810791016,15660.2998046875,23.402999877929688,4.010900020599365,360.4800109863281
2024-02-12,18.976049423217773,30.64838981628418,15598.0,23.357200622558594,4.002788066864014,358.2770080566406
2024-02-13,18.89859962463379,30.712900161743164,15579.5,23.405000686645508,3.99912691116333,358.9700012207031
2024-02-14,19.07659912109375,30.722900390625,15661.5,23.63759994506836,4.049604892730713,361.3999938964844
2024-02-15,19.028560638427734,30.750099182128906,15553.099609375,23.639999389648438,4.042724132537842,362.0360107421875
2024-02-16,18.939529418945312,30.815000534057617,15672.0,23.509000778198242,4.028663158416748,361.0199890136719
2024-02-19,18.825109481811523,30.80282974243164,15628.599609375,23.574800491333008,4.021039009094238,359.9949951171875
2024-02-20,18.93931007385254,30.867900848388672,15634.0,23.61870002746582,4.01364278793335,360.42498779296875
2024-02-21,18.9064998626709,30.904909133911133,15661.0,23.455799102783203,3.9898500442504883,358.2760009765625
2024-02-22,18.896129608154297,31.01650047302246,15642.0,23.377199172973633,3.9882619380950928,357.6449890136719
2024-02-23,19.14780044555664,31.07349967956543,15588.0,23.406400680541992,3.9941999912261963,357.50201416015625
2024-02-26,19.30579948425293,31.093120574951172,15586.099609375,23.413999557495117,3.9814999103546143,359.114013671875
2024-02-27,19.212600708007812,31.115520477294922,15638.5,23.361900329589844,3.970766067504883,358.69000244140625
2024-02-28,19.069400787353516,31.14579963684082,15653.0,23.340999603271484,3.970115900039673,360.4200134277344
2024-02-29,19.25309944152832,31.208839416503906,15712.2001953125,23.314300537109375,3.9819068908691406,362.8399963378906
2024-03-01,19.180419921875,31.279409408569336,15704.0,23.423599243164062,3.9904000759124756,363.1659851074219
2024-03-04,19.07699966430664,31.390369415283203,15691.900390625,23.357999801635742,3.9802069664001465,363.0899963378906
2024-03-05,19.03030014038086,31.571300506591797,15766.0,23.352100372314453,3.979099988937378,363.95098876953125
2024-03-06,18.94070053100586,31.688119888305664,15751.5,23.323699951171875,3.9703099727630615,362.5169982910156
2024-03-07,18.775400161743164,31.79730987548828,15668.0,23.247600555419922,3.9416539669036865,361.260009765625
2024-03-08,18.66390037536621,31.93320083618164,15621.0,23.14389991760254,3.9251999855041504,360.8349914550781
2024-03-11,18.79785919189453,31.996360778808594,15536.2998046875,23.119400024414062,3.931178092956543,359.5220031738281
2024-03-12,18.652700424194336,32.03739929199219,15518.0,23.1471004486084,3.914947986602783,360.6300048828125
2024-03-13,18.65049934387207,32.093780517578125,15546.0,23.130699157714844,3.923180103302002,364.8999938964844
2024-03-14,18.553699493408203,32.1185302734375,15574.0,23.035499572753906,3.906179904937744,361.3810119628906
2024-03-15,18.730600357055664,32.19306945800781,15630.0,23.133399963378906,3.9426910877227783,362.93499755859375
2024-03-18,18.749780654907227,32.28765106201172,15639.2998046875,23.08799934387207,3.948199987411499,360.6969909667969
2024-03-19,18.943300247192383,32.33330154418945,15743.0,23.18000030517578,3.9731359481811523,363.0
2024-03-20,18.908790588378906,32.373348236083984,15718.0,23.246000289916992,3.9690001010894775,363.0509948730469
2024-03-21,18.672300338745117,32.41749954223633,15687.0,23.028799057006836,3.940138101577759,359.927001953125
2024-03-22,18.81909942626953,32.15650177001953,15723.5,23.27199935913086,3.960599899291992,362.79998779296875
2024-03-25,18.985200881958008,32.08531188964844,15802.599609375,23.445999145507812,3.9964840412139893,367.2929992675781
2024-03-26,18.885700225830078,32.16780090332031,15784.0,23.312000274658203,3.9698829650878906,366.1199951171875
2024-03-27,18.960399627685547,32.208499908447266,15828.0,23.337600708007812,3.9759790897369385,364.7030029296875
2024-03-28,18.924489974975586,32.29970169067383,15877.0,23.39310073852539,3.986799955368042,365.0199890136719
2024-03-29,18.896699905395508,32.449100494384766,15877.0,23.40060043334961,3.9874000549316406,365.05999755859375
2024-04-01,18.84830093383789,32.42340087890625,15848.0,23.384300231933594,3.9826269149780273,365.4949951171875
2024-04-02,18.944650650024414,32.26240158081055,15945.7998046875,23.54400062561035,3.9961259365081787,367.531005859375
2024-04-03,18.75790023803711,32.052101135253906,15955.0,23.482799530029297,3.984221935272217,366.3999938964844
2024-04-04,18.65250015258789,31.94529914855957,15936.0,23.337400436401367,3.9603068828582764,362.0199890136719
2024-04-05,18.676809310913086,31.944990158081055,15904.5,23.340700149536133,3.9580769538879395,361.7799987792969
2024-04-08,18.712160110473633,32.007598876953125,15881.0,23.343000411987305,3.952929973602295,359.6449890136719
2024-04-09,18.63089942932129,32.15650177001953,15918.0,23.30970001220703,3.920814037322998,358.739990234375
2024-04-10,18.42840003967285,32.22426986694336,15892.2998046875,23.381999969482422,3.9284300804138184,359.302001953125
2024-04-11,18.77739906311035,32.2859992980957,15998.2001953125,23.660400390625,3.9679720401763916,364.1180114746094
2024-04-12,18.709800720214844,32.4182014465332,16007.0,23.626399993896484,3.9728519916534424,363.18701171875
2024-04-15,18.857799530029297,32.39690017700195,16111.0,23.780799865722656,4.019890785217285,368.5400085449219
2024-04-16,18.97052001953125,32.40700912475586,16075.0,23.785900115966797,4.047603130340576,370.77099609375
2024-04-17,19.005800247192383,32.51139831542969,16312.2001953125,23.685100555419922,4.110723972320557,371.94000244140625
2024-04-18,18.980899810791016,32.47119903564453,16246.0,23.65130043029785,4.0650482177734375,368.17999267578125
2024-04-19,19.137449264526367,32.56330108642578,16220.0,23.738000869750977,4.074551105499268,370.2749938964844
2024-04-22,19.121599197387695,32.60334014892578,16210.2998046875,23.68709945678711,4.038844108581543,369.9599914550781
2024-04-23,19.18004035949707,32.56460189819336,16246.0,23.69969940185547,4.048099994659424,369.739990234375
2024-04-24,19.093299865722656,32.510520935058594,16140.2001953125,23.545299530029297,4.022799968719482,367.0799865722656
2024-04-25,19.21780014038086,32.56671905517578,16220.0,23.575899124145508,4.047872066497803,367.9700012207031
2024-04-26,19.01930046081543,32.535301208496094,16202.0,23.42300033569336,4.019400119781494,366.2200012207031
2024-04-29,18.797500610351562,32.53120040893555,16203.0,23.497800827026367,4.033904075622559,366.406005859375
2024-04-30,18.63031005859375,32.36991882324219,16246.0,23.45199966430664,4.025187969207764,365.0669860839844
2024-05-01,18.778099060058594,32.40330123901367,16273.0,23.555999755859375,4.059589862823486,366.25
2024-05-02,18.543699264526367,32.27299880981445,16190.400390625,23.412399291992188,4.033400058746338,364.04901123046875
2024-05-03,18.54047966003418,32.40330123901367,16097.0,23.227699279785156,4.033458232879639,362.68499755859375
2024-05-06,18.533300399780273,32.302398681640625,16077.0,23.26259994506836,4.013181209564209,361.739990234375
2024-05-07,18.472700119018555,32.28260040283203,16034.0,23.20210075378418,3.9979898929595947,360.7099914550781
2024-05-08,18.49570083618164,32.25619888305664,16073.0,23.264400482177734,4.010129928588867,361.7439880371094
2024-05-09,18.56555938720703,32.3484992980957,16074.0,23.246700286865234,4.00056791305542,361.3999938964844
2024-05-10,18.451549530029297,32.28310012817383,16030.0,23.095800399780273,3.971451997756958,359.6440124511719
2024-05-13,18.41230010986328,32.18122863769531,16038.0,23.128000259399414,3.9922940731048584,360.0169982910156
2024-05-14,18.341760635375977,32.25170135498047,16121.0,22.96299934387207,3.9686319828033447,358.3500061035156
2024-05-15,18.379100799560547,32.28120040893555,16102.0,22.916099548339844,3.9450271129608154,356.5880126953125
2024-05-16,18.249399185180664,32.160499572753906,15914.0,22.68910026550293,3.913029909133911,354.05999755859375
2024-05-17,18.16309928894043,32.262901306152344,15930.7998046875,22.707799911499023,3.9182889461517334,355.8699951171875
2024-05-20,18.152099609375,32.232601165771484,15958.0,22.68560028076172,3.914900064468384,355.7070007324219
2024-05-21,18.150100708007812,32.212100982666016,16031.0,22.750499725341797,3.912580966949463,355.27398681640625
2024-05-22,18.050399780273438,32.19089889526367,16005.0,22.768999099731445,3.915853977203369,354.9389953613281
2024-05-23,18.276899337768555,32.15095138549805,16040.7001953125,22.808000564575195,3.93782901763916,357.3269958496094
2024-05-24,18.46339988708496,32.22200012207031,16095.0,22.84630012512207,3.940700054168701,357.1199951171875
2024-05-27,18.414939880371094,32.220001220703125,16038.0,22.68470001220703,3.9211299419403076,354.3599853515625
2024-05-28,18.301300048828125,32.108001708984375,16071.0,22.711999893188477,3.9214088916778564,353.88800048828125
2024-05-29,18.271739959716797,32.24089813232422,16117.0,22.703399658203125,3.9175000190734863,354.1000061035156
2024-05-30,18.421499252319336,32.260101318359375,16232.099609375,22.879899978637695,3.961289882659912,358.8399963378906
2024-05-31,18.706300735473633,32.24380111694336,16228.0,22.806900024414062,3.9500250816345215,359.3349914550781
2024-06-03,18.76715087890625,32.235801696777344,16243.0,22.717199325561523,3.9353339672088623,358.88800048828125
2024-06-04,18.51609992980957,32.1786003112793,16203.0,22.599199295043945,3.9138998985290527,357.7619934082031
2024-06-05,18.711809158325195,32.6338005065918,16276.0,22.68829917907715,3.9571011066436768,361.1499938964844
2024-06-06,18.934490203857422,32.27439880371094,16315.0,22.617799758911133,3.942193031311035,359.02801513671875
2024-06-07,18.95404052734375,32.28879928588867,16241.7001953125,22.532499313354492,3.9315099716186523,357.6730041503906
2024-06-10,18.886199951171875,32.40610122680664,16270.0,22.840599060058594,3.9943408966064453,362.19000244140625
2024-06-11,18.721900939941406,32.3828010559082,16312.0,22.8572998046875,4.015500068664551,364.9649963378906
2024-06-12,18.541900634765625,32.364898681640625,16305.400390625,22.996200561523438,4.039553165435791,367.7900085449219
2024-06-13,18.361360549926758,32.32870101928711,16230.0,22.78019905090332,4.005733966827393,365.17999267578125
2024-06-14,18.415130615234375,32.4901008605957,16286.0,23.002700805664062,4.045400142669678,369.3900146484375
2024-06-17,18.338899612426758,32.65732955932617,16479.900390625,23.090099334716797,4.090557098388672,371.79998779296875
2024-06-18,18.229450225830078,32.819400787353516,16479.0,22.985599517822266,4.043239116668701,368.2799987792969
2024-06-19,18.022899627685547,32.55110168457031,16379.0,23.113000869750977,4.037690162658691,366.7170104980469
2024-06-20,17.918500900268555,32.513301849365234,16380.900390625,23.144899368286133,4.021100044250488,368.4200134277344
2024-06-21,17.970890045166016,32.829498291015625,16491.900390625,23.23740005493164,4.037300109863281,370.4320068359375
2024-06-24,17.99489974975586,32.82630157470703,16443.0,23.306499481201172,4.04738187789917,370.5780029296875
2024-06-25,18.093839645385742,32.92097091674805,16394.099609375,23.173099517822266,3.9965200424194336,367.82000732421875
2024-06-26,18.23785972595215,32.94459915161133,16401.0,23.158199310302734,4.011300086975098,369.29998779296875
2024-06-27,18.147300720214844,32.8385009765625,16434.0,23.302000045776367,4.037700176239014,371.4649963378906
2024-06-28,18.433900833129883,32.88779830932617,16374.400390625,23.371200561523438,4.022898197174072,370.07000732421875
2024-07-01,18.041200637817383,32.77050018310547,16343.0,23.309099197387695,4.016674041748047,367.55999755859375
2024-07-02,18.352500915527344,32.64820098876953,16390.0,23.40570068359375,4.019308090209961,367.45599365234375
2024-07-03,18.589599609375,32.54359817504883,16391.0,23.381099700927734,4.008866786956787,367.13299560546875
2024-07-04,18.405500411987305,32.53403854370117,16340.0,23.283000946044922,3.984117031097412,365.7900085449219
2024-07-05,18.256620407104492,32.63800048828125,16328.5,23.22100067138672,3.957900047302246,363.4490051269531
2024-07-08,18.226900100708008,32.674598693847656,16245.0,23.243000030517578,3.9565110206604004,362.5899963378906
2024-07-09,18.088199615478516,32.71730041503906,16277.2001953125,23.222700119018555,3.940239906311035,364.2900085449219
2024-07-10,18.13990020751953,32.90380096435547,16277.0,23.34149932861328,3.9347898960113525,364.2690124511719
2024-07-11,18.097759246826172,32.879798889160156,16198.0,23.422000885009766,3.9327399730682373,363.0899963378906
2024-07-12,17.976499557495117,32.94902038574219,16104.0,23.31920051574707,3.91764497756958,361.9930114746094
2024-07-15,17.985000610351562,33.084800720214844,16108.0,23.2455997467041,3.9071309566497803,360.3900146484375
2024-07-16,18.198299407958984,33.01750183105469,16195.0,23.274999618530273,3.9045300483703613,358.9700012207031
2024-07-17,18.02429962158203,33.04050064086914,16173.0,23.222000122070312,3.926367998123169,359.5169982910156
2024-07-18,18.117799758911133,33.07957077026367,16138.0,23.077699661254883,3.9192121028900146,357.17999267578125
2024-07-19,18.2362003326416,33.088138580322266,16185.0,23.148799896240234,3.935072898864746,358.2359924316406
2024-07-22,18.189899444580078,32.997840881347656,16206.0,23.131999969482422,3.9335598945617676,358.1960144042969
2024-07-23,18.234699249267578,32.92620086669922,16220.2001953125,23.166099548339844,3.925708055496216,357.4580078125
2024-07-24,18.38949966430664,32.84090042114258,16222.0,23.37980079650879,3.9414329528808594,359.531005859375
2024-07-25,18.34830093383789,32.856300354003906,16246.0,23.42259979248047,3.9627180099487305,362.7969970703125
2024-07-26,18.343719482421875,33.11650085449219,16337.7998046875,23.360599517822266,3.9463000297546387,361.6400146484375
2024-07-29,18.270599365234375,33.02399826049805,16283.0,23.336000442504883,3.934103012084961,359.84698486328125
2024-07-30,18.3302001953125,33.05550003051758,16301.7001953125,23.46500015258789,3.968010902404785,363.0710144042969
2024-07-31,18.304779052734375,33.0984992980957,16328.5,23.471900939941406,3.9625608921051025,365.1570129394531
2024-08-01,18.195999145507812,33.17599868774414,16255.0,23.465999603271484,3.9616329669952393,363.74200439453125
2024-08-02,18.28219985961914,33.1593017578125,16281.0,23.439699172973633,3.9865949153900146,367.0870056152344
2024-08-05,18.34259033203125,33.24509811401367,16012.0,23.176000595092773,3.9317400455474854,364.55999755859375
2024-08-06,18.464399337768555,33.39419937133789,16208.0,23.081899642944336,3.925183057785034,361.89300537109375
2024-08-07,18.487770080566406,33.61920166015625,16152.2998046875,23.117700576782227,3.9423201084136963,363.97698974609375
2024-08-08,18.391340255737305,33.5123291015625,16023.0,23.111000061035156,3.9554901123046875,363.77099609375
2024-08-09,18.341690063476562,33.532649993896484,15979.0,23.118200302124023,3.957240104675293,362.63800048828125
2024-08-12,18.29450035095215,33.523101806640625,15918.0,23.106399536132812,3.9546799659729004,361.04998779296875
2024-08-13,18.242300033569336,33.453819274902344,15949.099609375,23.0,3.9342339038848877,359.9840087890625
2024-08-14,18.06909942626953,33.509498596191406,15749.0,22.875600814819336,3.896256923675537,357.60198974609375
2024-08-15,18.04829978942871,33.5921516418457,15619.5,22.809900283813477,3.8953609466552734,358.5880126953125
2024-08-16,17.97170066833496,33.638179779052734,15755.0,22.9689998626709,3.904599905014038,360.3380126953125
2024-08-19,17.84984016418457,33.6880989074707,15683.0,22.826400756835938,3.8674259185791016,358.1000061035156
2024-08-20,17.706899642944336,33.7588005065918,15523.0,22.667299270629883,3.844399929046631,355.3389892578125
2024-08-21,17.79400062561035,33.8985595703125,15442.0,22.588300704956055,3.840320110321045,353.1470031738281
2024-08-22,17.819700241088867,33.92499923706055,15484.0,22.459999084472656,3.8343989849090576,351.8399963378906
2024-08-23,18.003509521484375,33.95750045776367,15728.5,22.546199798583984,3.849989891052246,353.8800048828125
2024-08-26,17.740299224853516,34.02239990234375,15377.2001953125,22.3656005859375,3.812619924545288,351.5799865722656
2024-08-27,17.696699142456055,34.025299072265625,15462.599609375,22.40519905090332,3.8338940143585205,352.9460144042969
2024-08-28,17.711790084838867,34.01723098754883,15467.099609375,22.351900100708008,3.8300399780273438,351.31500244140625
2024-08-29,17.82617950439453,34.139400482177734,15440.0,22.51180076599121,3.859800100326538,353.6099853515625
2024-08-30,17.7273006439209,34.07733917236328,15444.7998046875,22.580299377441406,3.86539888381958,354.2330017089844
2024-09-02,17.821699142456055,34.07080078125,15525.0,22.646099090576172,3.8814799785614014,355.4230041503906
2024-09-03,17.79490089416504,33.91339874267578,15520.099609375,22.607999801635742,3.856839895248413,354.510009765625
2024-09-04,17.938899993896484,33.99760055541992,15532.900390625,22.702199935913086,3.872390031814575,356.2590026855469
2024-09-05,17.86823081970215,34.03670120239258,15444.400390625,22.585800170898438,3.8563199043273926,354.5840148925781
2024-09-06,17.692630767822266,33.98500061035156,15417.0,22.515199661254883,3.8530499935150146,353.77801513671875
2024-09-09,17.819599151611328,33.99654006958008,15405.0,22.55900001525879,3.859302043914795,354.9960021972656
2024-09-10,17.863000869750977,34.095699310302734,15456.7998046875,22.67609977722168,3.8705060482025146,359.2959899902344
2024-09-11,17.93720054626465,34.04439926147461,15489.0,22.719999313354492,3.8817460536956787,360.04998779296875
2024-09-12,17.89419937133789,33.99919891357422,15437.0,22.761899948120117,3.891700029373169,359.33099365234375
2024-09-13,17.738800048828125,33.97460174560547,15418.7001953125,22.653400421142578,3.8664469718933105,356.7279968261719
2024-09-16,17.72566032409668,33.95515823364258,15393.0,22.64940071105957,3.859060049057007,356.0899963378906
2024-09-17,17.607999801635742,33.979469299316406,15385.0,22.584199905395508,3.8404500484466553,354.2300109863281
2024-09-18,17.57859992980957,34.06909942626953,15345.0,22.54050064086914,3.8385000228881836,354.489990234375
2024-09-19,17.52829933166504,34.07080078125,15300.2001953125,22.55500030517578,3.840480089187622,354.68798828125
2024-09-20,17.500499725341797,34.08000183105469,15197.599609375,22.47599983215332,3.8266000747680664,353.0830078125
2024-09-23,17.390649795532227,34.05575180053711,15154.0,22.438199996948242,3.8242709636688232,352.0
2024-09-24,17.324800491333008,34.14970016479492,15174.099609375,22.604000091552734,3.839900016784668,355.0830078125
2024-09-25,17.22949981689453,34.112300872802734,15121.099609375,22.389799118041992,3.7980690002441406,352.2439880371094
2024-09-26,17.264400482177734,34.160709381103516,15201.5,22.571699142456055,3.8341801166534424,354.8169860839844
2024-09-27,17.175500869750977,34.17539978027344,15070.0,22.480499267578125,3.822098970413208,354.00299072265625
2024-09-30,17.087600708007812,34.1490592956543,15118.0,22.47719955444336,3.8237318992614746,355.0799865722656
2024-10-01,17.280550003051758,34.20399856567383,15170.599609375,22.621999740600586,3.8427000045776367,356.3999938964844
2024-10-02,17.403600692749023,34.18619918823242,15260.599609375,22.83180046081543,3.874540090560913,359.47900390625
2024-10-03,17.34280014038086,34.23059844970703,15324.0,22.91469955444336,3.883186101913452,361.9599914550781
2024-10-04,17.48390007019043,34.22679901123047,15457.0,22.930400848388672,3.9033119678497314,363.7099914550781
2024-10-07,17.47330093383789,34.22624969482422,15650.0,23.078800201416016,3.9332199096679688,365.4859924316406
2024-10-08,17.37310028076172,34.24570846557617,15744.0,23.101999282836914,3.9377729892730713,366.0469970703125
2024-10-09,17.579059600830078,34.26350021362305,15682.400390625,23.056699752807617,3.9161999225616455,363.75
2024-10-10,17.639999389648438,34.25619888305664,15664.599609375,23.140100479125977,3.925868034362793,364.4200134277344
2024-10-11,17.516359329223633,34.25233840942383,15670.900390625,23.151899337768555,3.9333529472351074,366.7969970703125
2024-10-14,17.458560943603516,34.27619934082031,15562.0,23.16699981689453,3.9272549152374268,367.4259948730469
2024-10-15,17.542600631713867,34.25215148925781,15573.0,23.128599166870117,3.933440923690796,367.17999267578125
2024-10-16,17.642200469970703,34.19478988647461,15578.599609375,23.160999298095703,3.9430630207061768,367.5199890136719
2024-10-17,17.633399963378906,34.16460037231445,15583.900390625,23.25950050354004,3.9549479484558105,369.2969970703125
2024-10-18,17.64590072631836,34.19219970703125,15493.0,23.278499603271484,3.9768218994140625,369.54998779296875
2024-10-21,17.579200744628906,34.276100158691406,15467.0,23.21299934387207,3.959773063659668,368.3609924316406
2024-10-22,17.599700927734375,34.24570083618164,15556.0,23.342100143432617,3.9926860332489014,370.9700012207031
2024-10-23,17.523799896240234,34.25310134887695,15586.0,23.333599090576172,4.0029730796813965,370.5899963378906
2024-10-24,17.776199340820312,34.26839828491211,15663.0,23.40530014038086,4.029655933380127,373.6960144042969
2024-10-25,17.654399871826172,34.28770065307617,15621.5,23.263200759887695,4.013193130493164,372.2799987792969
2024-10-28,17.65553092956543,34.28334045410156,15688.099609375,23.405000686645508,4.02249002456665,373.6600036621094
2024-10-29,17.69202995300293,34.28770065307617,15747.0,23.437000274658203,4.01977014541626,373.1910095214844
2024-10-30,17.648000717163086,34.27479934692383,15768.0,23.417999267578125,4.009109973907471,374.4200134277344
2024-10-31,17.64529037475586,34.283199310302734,15695.5,23.338699340820312,4.007625102996826,375.3900146484375
2024-11-01,17.595699310302734,34.29376983642578,15713.0,23.248899459838867,3.997921943664551,375.1499938964844
2024-11-04,17.56399917602539,34.32815170288086,15842.0,23.29199981689453,4.003219127655029,374.489013671875
2024-11-05,17.502399444580078,34.34980010986328,15790.0,23.283000946044922,4.0044331550598145,375.0799865722656
2024-11-06,17.369699478149414,34.307498931884766,15665.0,23.136600494384766,3.9794859886169434,373.54998779296875
2024-11-07,17.665700912475586,34.20090103149414,15818.2001953125,23.586700439453125,4.050858974456787,381.3500061035156
2024-11-08,17.282550811767578,34.340030670166016,15558.0,23.37350082397461,3.993273973464966,374.3940124511719
2024-11-11,17.613649368286133,34.35115051269531,15647.2001953125,23.551000595092773,4.032581806182861,379.38299560546875
2024-11-12,17.90839958190918,34.32659912109375,15765.0,23.736400604248047,4.087399959564209,384.3680114746094
2024-11-13,18.10110092163086,34.37080001831055,15788.900390625,23.884700775146484,4.097169876098633,386.8500061035156
2024-11-14,18.225299835205078,34.34519958496094,15847.2001953125,23.912700653076172,4.107123851776123,385.9100036621094
2024-11-15,14.860369682312012,34.29668045043945,15933.2998046875,23.994600296020508,4.102910041809082,385.8299865722656
2024-11-18,18.166549682617188,34.34925842285156,15891.2998046875,23.98200035095215,4.102700233459473,386.25
2024-11-19,17.938100814819336,34.571998596191406,15806.099609375,23.84830093383789,4.071169853210449,383.2850036621094
2024-11-20,18.026399612426758,34.499298095703125,15817.099609375,23.81800079345703,4.081850051879883,384.6090087890625
2024-11-21,18.10890007019043,34.4692497253418,15913.0,23.960899353027344,4.10830020904541,388.30999755859375
2024-11-22,18.097299575805664,34.527099609375,15816.900390625,24.193599700927734,4.147564888000488,392.2829895019531
2024-11-25,17.997129440307617,34.420040130615234,15940.0,24.165599822998047,4.137335777282715,392.24700927734375
2024-11-26,17.984699249267578,34.597530364990234,15901.2001953125,24.214000701904297,4.124800205230713,391.8139953613281
2024-11-27,18.179899215698242,34.65359878540039,15930.0,24.074800491333008,4.10306978225708,391.32000732421875
2024-11-28,18.171199798583984,34.63650131225586,15863.5,23.913000106811523,4.070437908172607,390.1520080566406
2024-11-29,18.080699920654297,34.64836883544922,15878.0,23.904499053955078,4.073911190032959,391.70001220703125
2024-12-02,18.091520309448242,34.693389892578125,15829.0,23.944000244140625,4.070977210998535,390.86199951171875
2024-12-03,18.128400802612305,34.74789810180664,15910.0,24.036300659179688,4.077099800109863,394.69000244140625
2024-12-04,18.09830093383789,34.74760055541992,15940.0,23.912599563598633,4.083395004272461,394.3399963378906
2024-12-05,18.15488052368164,34.73649978637695,15906.599609375,23.922700881958008,4.070280075073242,393.1199951171875
2024-12-06,18.008699417114258,34.76679992675781,15839.7998046875,23.665800094604492,4.026400089263916,389.8299865722656
2024-12-09,18.002099990844727,34.77888107299805,15825.7998046875,23.743999481201172,4.036724090576172,391.4219970703125
2024-12-10,17.774030685424805,34.81956100463867,15864.0,23.761699676513672,4.029219150543213,389.4440002441406
2024-12-11,17.801300048828125,34.84510040283203,15908.0,23.801300048828125,4.038893222808838,389.2439880371094
2024-12-12,17.686100006103516,34.86470031738281,15963.0,23.851499557495117,4.063248157501221,389.7690124511719
2024-12-13,17.77440071105957,34.94660186767578,15967.400390625,23.900400161743164,4.077610015869141,390.5159912109375
2024-12-16,17.822280883789062,34.95014953613281,16025.7998046875,23.789600372314453,4.0545878410339355,388.6669921875
2024-12-17,17.837099075317383,34.956600189208984,15955.0,23.791799545288086,4.045478820800781,388.69000244140625
2024-12-18,18.079700469970703,35.009300231933594,15926.2001953125,23.882999420166016,4.063354015350342,389.95001220703125
2024-12-19,18.32200050354004,35.04899978637695,16145.2998046875,24.261999130249023,4.119699954986572,398.98199462890625
2024-12-20,18.391599655151367,35.1396484375,15981.2998046875,24.223100662231445,4.103179931640625,400.0400085449219
2024-12-23,18.271150588989258,35.13113021850586,16159.2998046875,24.045499801635742,4.082021236419678,396.47100830078125
2024-12-24,18.535310745239258,35.23160171508789,16217.599609375,24.148000717163086,4.09743595123291,396.510009765625
2024-12-25,18.678489685058594,34.883888244628906,15970.7998046875,24.17729949951172,4.0873799324035645,393.9179992675781
2024-12-26,18.688199996948242,35.11949157714844,15069.400390625,24.16670036315918,4.0884199142456055,394.0899963378906
2024-12-27,18.835800170898438,35.23429870605469,16189.0,24.08930015563965,4.088500022888184,393.5010070800781
2024-12-30,18.654499053955078,35.1602897644043,16178.0,24.150999069213867,4.092367172241211,393.5140075683594
2024-12-31,18.76490020751953,35.30524826049805,16085.599609375,24.157100677490234,4.107069969177246,395.00799560546875
2025-01-02,18.82015037536621,35.374000549316406,16230.5,24.307899475097656,4.128580093383789,396.375
2025-01-03,18.739599227905273,35.3922004699707,16201.099609375,24.474700927734375,4.15939998626709,402.1400146484375
2025-01-06,18.75200080871582,35.28929901123047,16178.7998046875,24.38800048828125,4.141059875488281,402.5249938964844
2025-01-07,18.54509925842285,35.34479904174805,16179.099609375,24.20490074157715,4.091800212860107,400.70001220703125
2025-01-08,18.683300018310547,35.32183074951172,16157.7001953125,24.267799377441406,4.1168599128723145,401.3900146484375
2025-01-09,18.90591049194336,35.34980010986328,16187.599609375,24.33060073852539,4.141499996185303,401.4129943847656
2025-01-10,18.935609817504883,35.38059997558594,16237.0,24.34040069580078,4.135700225830078,401.6099853515625
2025-01-13,19.090150833129883,35.39105987548828,16268.0,24.466999053955078,4.161334991455078,402.531005859375
2025-01-14,18.98550033569336,35.48419952392578,16295.2001953125,24.549999237060547,4.158430099487305,401.6000061035156
2025-01-15,16.498899459838867,35.469398498535156,16320.0,24.500999450683594,4.13543176651001,399.59100341796875
2025-01-16,18.756999969482422,35.472900390625,16360.7998046875,24.4862003326416,4.134697914123535,398.9830017089844
2025-01-17,15.43019962310791,35.54610061645508,16368.7998046875,24.52090072631836,4.137969017028809,399.9939880371094
2025-01-20,18.731700897216797,35.547271728515625,16367.099609375,24.568199157714844,4.143688201904297,401.2820129394531
2025-01-21,18.495670318603516,35.580101013183594,16245.0,24.15999984741211,4.078780174255371,394.28399658203125
2025-01-22,18.47960090637207,35.6348991394043,16330.7998046875,24.14299964904785,4.0829548835754395,395.4200134277344
2025-01-23,18.493900299072266,35.64469909667969,16232.7998046875,24.13319969177246,4.056253910064697,394.5
2025-01-24,18.504539489746094,35.67430114746094,16230.900390625,24.087099075317383,4.044548988342285,393.3089904785156
2025-01-27,18.479080200195312,35.59360122680664,16164.900390625,23.964000701904297,4.022136211395264,389.281005859375
2025-01-28,18.741500854492188,35.75226974487305,16155.599609375,24.00200080871582,4.034074783325195,390.6210021972656
2025-01-29,18.65959930419922,35.702980041503906,15881.2001953125,24.03030014038086,4.02726411819458,390.5199890136719
2025-01-30,18.518299102783203,35.79267120361328,16238.0,24.079299926757812,4.02891206741333,391.44000244140625
2025-01-31,18.56730079650879,35.853031158447266,16274.5,24.14859962463379,4.037899971008301,391.1199951171875
2025-02-03,18.99449920654297,35.87181854248047,16341.2998046875,24.553300857543945,4.117186069488525,398.3030090332031
2025-02-04,18.733409881591797,35.9734001159668,16320.0,24.406700134277344,4.093400001525879,395.510009765625
2025-02-05,18.65938949584961,35.96950149536133,16299.099609375,24.228700637817383,4.056399822235107,392.510009765625
2025-02-06,18.532800674438477,35.910301208496094,16298.099609375,24.180700302124023,4.037430763244629,390.3599853515625
2025-02-07,18.43779945373535,35.95558166503906,16327.0,24.143999099731445,4.03400993347168,389.53399658203125
2025-02-10,18.525070190429688,35.89970016479492,16314.7001953125,24.31999969482422,4.061240196228027,391.8609924316406
2025-02-11,18.419830322265625,35.99263000488281,16330.099609375,24.334400177001953,4.057159900665283,392.1520080566406
2025-02-12,18.497589111328125,35.99468994140625,16343.2998046875,24.20989990234375,4.024208068847656,388.72601318359375
2025-02-13,18.511869430541992,36.11600112915039,16375.0,24.09480094909668,4.002597808837891,386.7049865722656
2025-02-14,18.481199264526367,36.1963005065918,16219.0,23.905399322509766,3.982764959335327,383.989990234375
2025-02-17,18.34600067138672,36.20355987548828,16173.0,23.858999252319336,3.9734859466552734,382.6130065917969
2025-02-18,18.406410217285156,36.233280181884766,16220.0,23.873600006103516,3.963399887084961,382.8500061035156
2025-02-19,18.395200729370117,36.29280090332031,16317.0,23.9778995513916,3.96732497215271,383.760009765625
2025-02-20,18.510400772094727,36.30720138549805,16346.400390625,24.071300506591797,4.006460189819336,386.0299987792969
2025-02-21,18.319000244140625,36.3856315612793,16245.099609375,23.843900680541992,3.9605910778045654,382.9700012207031
2025-02-24,18.36716079711914,36.446998596191406,16278.0,23.938199996948242,3.9704699516296387,383.864013671875
2025-02-25,18.361499786376953,36.454341888427734,16279.2998046875,23.856000900268555,3.959897994995117,383.26800537109375
2025-02-26,18.410999298095703,36.461299896240234,16314.0,23.67449951171875,3.933199882507324,380.98699951171875
2025-02-27,18.366249084472656,36.45940017700195,16367.400390625,23.742000579833984,3.942233085632324,380.6099853515625
2025-02-28,18.42913055419922,36.517799377441406,16553.69921875,24.023000717163086,4.003454208374023,384.77801513671875
2025-03-03,18.638320922851562,36.50695037841797,16522.0,24.06999969482422,4.004839897155762,385.41400146484375
2025-03-04,18.603500366210938,36.43709945678711,16451.19921875,23.835500717163086,3.9663500785827637,381.74798583984375
2025-03-05,18.470399856567383,36.432498931884766,16379.0,23.590999603271484,3.9165260791778564,375.3699951171875
2025-03-06,18.295799255371094,36.4114990234375,16268.900390625,23.12030029296875,3.8459599018096924,368.82000732421875
2025-03-07,18.12347984313965,36.487701416015625,16322.099609375,23.187400817871094,3.8671278953552246,370.0010070800781
2025-03-10,18.258329391479492,36.48583984375,16292.599609375,22.96299934387207,3.829745054244995,366.2619934082031
2025-03-11,18.32900047302246,36.571380615234375,16324.0,23.074199676513672,3.8702619075775146,368.8999938964844
2025-03-12,18.194690704345703,36.59619903564453,16433.900390625,22.878400802612305,3.840749979019165,366.9129943847656
2025-03-13,18.334199905395508,36.59230041503906,16305.599609375,22.958200454711914,3.8452000617980957,366.4639892578125
2025-03-14,18.27400016784668,36.67959976196289,16259.2998046875,23.0492000579834,3.850188970565796,367.9700012207031
2025-03-17,18.19611930847168,36.6391716003418,16321.0,22.98200035095215,3.839782953262329,367.0979919433594
2025-03-18,18.075090408325195,36.63199996948242,16370.0,22.912399291992188,3.829538106918335,364.2200012207031
2025-03-19,18.105690002441406,36.69559860229492,16514.5,22.858699798583984,3.8192129135131836,363.19500732421875
2025-03-20,18.09950065612793,37.99319839477539,16330.2998046875,22.884599685668945,3.83274507522583,364.3399963378906
2025-03-21,18.15290069580078,37.94593811035156,16428.5,23.01259994506836,3.8599629402160645,366.9020080566406
2025-03-24,18.20587921142578,37.976688385009766,16519.0,23.048999786376953,3.8702950477600098,366.42498779296875
2025-03-25,18.243070602416992,37.848541259765625,16575.80078125,23.049800872802734,3.863856077194214,369.1499938964844
2025-03-26,18.270610809326172,37.98720169067383,16621.0,23.056400299072266,3.8575000762939453,369.7879943847656
2025-03-27,18.26959991455078,38.022098541259766,16629.0,23.15839958190918,3.8939900398254395,372.531005859375
2025-03-28,18.205350875854492,38.003299713134766,16560.900390625,23.084199905395508,3.8731749057769775,371.55499267578125
2025-03-31,18.41119956970215,37.975101470947266,16575.0,23.01740074157715,3.857496976852417,371.25
2025-04-01,18.30838966369629,37.898590087890625,16652.0,23.040000915527344,3.8646368980407715,371.6990051269531
2025-04-02,18.477970123291016,37.96049880981445,16731.400390625,23.086000442504883,3.8736488819122314,372.0119934082031
2025-04-03,18.94409942626953,37.944618225097656,16739.0,22.84869956970215,3.8294999599456787,367.68798828125
2025-04-04,18.739099502563477,38.005699157714844,16739.80078125,22.669700622558594,3.8242099285125732,364.718994140625
2025-04-07,19.27482032775879,38.00090026855469,16738.0,22.945899963378906,3.8837199211120605,369.7200012207031
2025-04-08,19.55769920349121,38.004798889160156,16855.69921875,23.099000930786133,3.9346940517425537,372.822998046875
2025-04-09,19.75782012939453,38.007999420166016,17051.900390625,22.92099952697754,3.8891348838806152,370.7539978027344
2025-04-10,19.412220001220703,37.96289825439453,16805.5,22.85700035095215,3.863455057144165,367.6260070800781
2025-04-11,19.48649024963379,38.03559875488281,16833.80078125,22.2549991607666,3.7815310955047607,359.5559997558594
2025-04-14,19.118560791015625,37.98509979248047,16788.0,22.124000549316406,3.773958921432495,361.260009765625
2025-04-15,18.871400833129883,38.03839874267578,16780.0,22.11199951171875,3.7645490169525146,361.27398681640625
2025-04-16,19.026330947875977,38.17060089111328,16813.5,22.19099998474121,3.801831007003784,361.08099365234375
2025-04-17,18.780250549316406,38.14339828491211,16794.599609375,21.927000045776367,3.7523701190948486,357.5069885253906
2025-04-22,18.697460174560547,38.235801696777344,16814.900390625,21.713300704956055,3.70729398727417,353.6499938964844
2025-04-23,18.607519149780273,38.280399322509766,16858.099609375,22.06839942932129,3.771859884262085,359.2170104980469
2025-04-24,18.659400939941406,38.285621643066406,16846.0,22.055999755859375,3.7825000286102295,360.39599609375
2025-04-25,18.749309539794922,38.415000915527344,16778.5,21.92799949645996,3.7536709308624268,356.9490051269531
2025-04-28,18.6824893951416,38.42399978637695,16823.0,21.968000411987305,3.7612740993499756,357.92999267578125
2025-04-29,18.49449920654297,38.44160079956055,16795.0,21.859500885009766,3.7399230003356934,354.1889953613281
2025-04-30,18.513200759887695,38.4994010925293,16711.900390625,21.873699188232422,3.745800018310547,354.7699890136719
2025-05-01,18.53898048400879,38.5017204284668,16545.900390625,21.99410057067871,3.7709410190582275,356.7510070800781
2025-05-02,18.540700912475586,38.55839920043945,16606.0,22.05430030822754,3.7849879264831543,357.0799865722656
2025-05-05,18.40369987487793,38.57176971435547,16460.0,22.013999938964844,3.7739028930664062,356.7149963378906
2025-05-06,18.259660720825195,38.61050033569336,16421.5,22.013399124145508,3.7678160667419434,356.4700012207031
2025-05-07,18.19230079650879,38.63290023803711,16432.0,21.972000122070312,3.7642929553985596,356.42999267578125
2025-05-08,18.25079917907715,38.644100189208984,16492.599609375,21.981199264526367,3.76705002784729,357.1159973144531
2025-05-09,18.2106990814209,38.7244987487793,16538.30078125,22.17799949645996,3.7858059406280518,360.9599914550781
2025-05-12,18.201749801635742,38.74020004272461,16543.0,22.183000564575195,3.7671430110931396,359.4800109863281
2025-05-13,18.24401092529297,38.78990173339844,16688.80078125,22.489299774169922,3.819812059402466,364.79998779296875
2025-05-14,18.297489166259766,38.758480072021484,16599.400390625,22.23710060119629,3.7857260704040527,361.10101318359375
2025-05-15,18.215930938720703,38.7677001953125,16558.19921875,22.267799377441406,3.7817859649658203,360.3330078125
2025-05-16,17.99720001220703,38.83620071411133,16511.80078125,22.255699157714844,3.7908170223236084,359.5299987792969
2025-05-19,18.04216957092285,38.856300354003906,16487.0,22.23900032043457,3.8161959648132324,359.8699951171875
2025-05-20,18.0698299407959,38.846099853515625,16428.0,22.126399993896484,3.7778260707855225,357.5119934082031
2025-05-21,17.92137908935547,38.83530044555664,16403.0,22.048999786376953,3.7542879581451416,356.1199951171875
2025-05-22,17.97150993347168,38.830101013183594,16347.599609375,21.947200775146484,3.740523099899292,355.1610107421875
2025-05-23,18.005889892578125,39.033329010009766,16356.900390625,22.05699920654297,3.7655069828033447,357.2099914550781
2025-05-26,17.811899185180664,39.00040054321289,16211.0,21.831100463867188,3.7347700595855713,355.0069885253906
2025-05-27,17.830799102783203,38.993900299072266,16243.5,21.83300018310547,3.721843957901001,353.4599914550781
2025-05-28,17.946870803833008,39.05950164794922,16279.0,21.953899383544922,3.743690013885498,356.0199890136719
2025-05-29,17.964099884033203,39.09429168701172,16286.0,22.17300033569336,3.770970106124878,358.885986328125
2025-05-30,17.782249450683594,39.20848846435547,16293.0,21.884000778198242,3.72503399848938,354.739990234375
2025-06-02,17.967790603637695,39.254398345947266,16322.0,21.941200256347656,3.756753921508789,355.44500732421875
2025-06-03,17.830699920654297,39.145301818847656,16288.5,21.691299438476562,3.7125000953674316,351.8320007324219
2025-06-04,17.84756088256836,39.14459991455078,16332.400390625,21.832500457763672,3.7502079010009766,354.45001220703125
2025-06-05,17.808429718017578,39.264400482177734,16291.5,21.708999633789062,3.7439000606536865,352.9179992675781
2025-06-06,17.704139709472656,39.282501220703125,16246.400390625,21.639999389648438,3.734605073928833,352.1000061035156
2025-06-09,17.766019821166992,39.24409866333008,16309.0,21.701000213623047,3.75314998626709,353.12799072265625
2025-06-10,17.70840072631836,39.29912185668945,16278.7998046875,21.67099952697754,3.7354230880737305,351.5
2025-06-11,17.68400001525879,39.19559860229492,16247.7998046875,21.637800216674805,3.7174079418182373,350.302001953125
2025-06-12,17.68670082092285,39.129539489746094,15778.0,21.501800537109375,3.6919329166412354,347.4530029296875
2025-06-13,17.7549991607666,39.395599365234375,16164.5,21.347999572753906,3.674799919128418,345.1510009765625
2025-06-16,17.931970596313477,39.36800003051758,16282.599609375,21.475900650024414,3.6942389011383057,348.2900085449219
2025-06-17,17.815589904785156,39.38759994506836,15801.0,21.469100952148438,3.6951498985290527,348.1050109863281
2025-06-18,17.983699798583984,39.52090072631836,16275.0,21.594999313354492,3.7193000316619873,351.5889892578125
2025-06-19,18.018999099731445,39.53409957885742,15598.5,21.591800689697266,3.720400094985962,351.0159912109375
2025-06-20,17.99456024169922,39.663700103759766,16390.0,21.518199920654297,3.7095699310302734,349.8800048828125
2025-06-23,18.061199188232422,39.72050094604492,16431.0,21.55069923400879,3.712399959564209,350.19000244140625
2025-06-24,17.814800262451172,39.67070007324219,16370.0,21.390499114990234,3.6839840412139893,347.1189880371094
2025-06-25,17.721599578857422,39.6245002746582,16290.0,21.309900283813477,3.660900115966797,345.4360046386719
2025-06-26,17.7007999420166,39.75859832763672,16290.0,21.162599563598633,3.6354739665985107,342.91900634765625
2025-06-27,17.860599517822266,39.85430145263672,16222.7998046875,21.14299964904785,3.6264901161193848,341.79998779296875
2025-06-30,17.77079963684082,39.89059829711914,16229.0,21.09000015258789,3.6127350330352783,340.17999267578125
2025-07-01,17.705299377441406,39.82659912109375,16230.0,20.960800170898438,3.598546028137207,338.7300109863281
2025-07-02,17.592470169067383,39.83879852294922,16236.400390625,20.8927001953125,3.5969600677490234,337.5260009765625
2025-07-03,17.559099197387695,39.904701232910156,16235.0,20.884000778198242,3.6100308895111084,338.9100036621094
2025-07-04,17.503400802612305,39.82059860229492,16203.7001953125,20.910999298095703,3.6014339923858643,338.489990234375
2025-07-07,17.58970069885254,39.95100021362305,16178.0,20.892200469970703,3.5987000465393066,338.1300048828125
2025-07-08,17.85569953918457,40.00320053100586,16318.900390625,20.971099853515625,3.6179089546203613,340.5299987792969
2025-07-09,17.77581024169922,40.02954864501953,16261.0,21.0,3.6185879707336426,341.1700134277344
2025-07-10,17.80755043029785,40.04629898071289,16235.0,20.996000289916992,3.614959955215454,340.4549865722656
2025-07-11,17.721099853515625,40.15909957885742,16209.099609375,21.029199600219727,3.630772113800049,340.6099853515625
2025-07-14,17.927900314331055,40.19459915161133,16222.0,21.08930015563965,3.6442079544067383,342.3900146484375
2025-07-15,17.903799057006836,40.226898193359375,16256.2001953125,21.131999969482422,3.644810914993286,342.6199951171875
2025-07-16,17.894420623779297,40.25429916381836,16252.099609375,21.236000061035156,3.6705260276794434,344.5299987792969
2025-07-17,17.822900772094727,40.240699768066406,16271.2001953125,21.16200065612793,3.6547861099243164,343.1889953613281
2025-07-18,17.801700592041016,40.33599853515625,16329.7001953125,21.187299728393555,3.6624488830566406,343.468994140625
2025-07-21,17.7007999420166,40.394500732421875,16321.0,21.156400680541992,3.649096965789795,342.9540100097656
2025-07-22,17.597200393676758,40.40439987182617,16329.5,21.03219985961914,3.6275761127471924,341.0899963378906
2025-07-23,17.550899505615234,40.433998107910156,16245.2998046875,20.949899673461914,3.620903968811035,339.6099853515625
2025-07-24,17.511699676513672,40.45109939575195,16266.099609375,20.864999771118164,3.606782913208008,338.2929992675781
2025-07-25,17.613100051879883,40.5359992980957,16307.0,20.85759925842285,3.6164000034332275,337.92999267578125
2025-07-28,17.738100051879883,40.54029846191406,16353.0,20.867000579833984,3.6085898876190186,336.95001220703125
2025-07-29,17.88990020751953,40.56169891357422,16398.80078125,21.195999145507812,3.673060894012451,342.531005859375
2025-07-30,17.867700576782227,40.571998596191406,16367.900390625,21.27400016784668,3.7031679153442383,345.9599914550781
2025-07-31,17.981779098510742,40.58700180053711,16426.80078125,21.485000610351562,3.7374138832092285,349.9779968261719
2025-08-01,18.210580825805664,40.66279983520508,16483.0,21.5,3.7417171001434326,349.8800048828125
2025-08-04,18.012100219726562,40.677799224853516,16483.0,21.181699752807617,3.6782801151275635,343.1199951171875
2025-08-05,17.919700622558594,40.67490005493164,16362.0,21.211000442504883,3.688498020172119,344.44000244140625
2025-08-06,17.891599655151367,40.66899871826172,16377.5,21.226999282836914,3.6930999755859375,343.6059875488281
2025-08-07,17.77482032775879,40.659400939941406,16334.7001953125,21.050899505615234,3.6621809005737305,341.04998779296875
2025-08-08,17.6931095123291,40.656009674072266,16300.0,20.925500869750977,3.6416990756988525,339.6789855957031
2025-08-11,17.732099533081055,40.74729919433594,16249.0,20.96190071105957,3.642364025115967,339.26300048828125
2025-08-12,17.752099990844727,40.708499908447266,16298.0,21.045000076293945,3.663317918777466,340.3999938964844
2025-08-13,17.566699981689453,40.755001068115234,16248.2001953125,20.93899917602539,3.641510009765625,338.6199951171875
2025-08-14,17.496379852294922,40.781898498535156,16109.0,20.858299255371094,3.6295669078826904,337.1719970703125
2025-08-15,17.58032989501953,40.846900939941406,16169.0,21.010000228881836,3.654599905014038,339.1499938964844
2025-08-18,17.575899124145508,40.89889907836914,16196.0,20.87660026550293,3.634399890899658,337.0060119628906
2025-08-19,17.624540328979492,40.88309860229492,16205.400390625,20.952600479125977,3.6384780406951904,338.0679931640625
2025-08-20,17.69993019104004,40.86960983276367,16275.2001953125,20.997299194335938,3.641305923461914,337.9070129394531
2025-08-21,17.66860008239746,40.911800384521484,16263.599609375,21.000999450683594,3.644129991531372,338.0830078125
2025-08-22,17.703519821166992,41.007598876953125,16339.7001953125,21.15290069580078,3.660799980163574,341.20001220703125
2025-08-25,17.429529190063477,40.96030044555664,16227.0,20.949800491333008,3.6315579414367676,336.7919921875
2025-08-26,17.612899780273438,41.003501892089844,16267.0,21.12809944152832,3.6645820140838623,341.92999267578125
2025-08-27,17.62042999267578,41.037498474121094,16299.2001953125,21.046100616455078,3.6567399501800537,340.0249938964844
2025-08-28,17.68090057373047,41.05189895629883,16314.0,21.047500610351562,3.661449909210205,339.739013671875
2025-08-29,17.68086051940918,41.140499114990234,16344.2998046875,20.97480010986328,3.6470260620117188,339.3190002441406
2025-09-01,17.638599395751953,41.142398834228516,16409.0,20.905000686645508,3.6444859504699707,339.25
2025-09-02,17.616239547729492,41.14289855957031,16405.19921875,20.841100692749023,3.6366589069366455,336.927001953125
2025-09-03,17.696399688720703,41.16619873046875,16443.900390625,21.029699325561523,3.664047956466675,339.9490051269531
2025-09-04,17.653799057006836,41.158599853515625,16463.0,20.94499969482422,3.6457319259643555,337.13299560546875
2025-09-05,17.743900299072266,41.247501373291016,16452.099609375,20.959999084472656,3.6451900005340576,337.052001953125
2025-09-08,17.60070037841797,41.25559997558594,16392.0,20.792800903320312,3.6297199726104736,334.80999755859375
2025-09-09,17.46240997314453,41.261390686035156,16446.099609375,20.65730094909668,3.607800006866455,333.8900146484375
2025-09-10,17.53380012512207,41.257301330566406,16449.900390625,20.79800033569336,3.6315200328826904,335.6889953613281
2025-09-11,17.47480010986328,41.27539825439453,16439.0,20.827899932861328,3.637855052947998,335.6289978027344
2025-09-12,17.346599578857422,41.34280014038086,16413.599609375,20.747499465942383,3.6249499320983887,333.510009765625
2025-09-15,17.348560333251953,41.27825927734375,16401.0,20.72760009765625,3.6266798973083496,332.7200012207031
2025-09-16,17.3605899810791,41.307701110839844,16364.599609375,20.66390037536621,3.609910011291504,331.02899169921875
2025-09-17,17.337570190429688,41.30730056762695,16398.099609375,20.47330093383789,3.5757999420166016,328.0400085449219
2025-09-18,17.375499725341797,41.30110168457031,16418.599609375,20.553499221801758,3.597019910812378,329.5199890136719
2025-09-19,17.340330123901367,41.39720153808594,16569.099609375,20.599000930786133,3.613460063934326,329.5090026855469
2025-09-22,17.319110870361328,41.407901763916016,16637.0,20.68400001525879,3.6310999393463135,332.48199462890625
2025-09-23,17.330900192260742,41.39189910888672,16582.0,20.52739906311035,3.6054201126098633,329.6199951171875
2025-09-24,17.228099822998047,41.418701171875,16633.0,20.498600006103516,3.6035799980163574,329.7909851074219
2025-09-25,17.327280044555664,41.469600677490234,16695.099609375,20.672700881958008,3.630047082901001,333.2099914550781
2025-09-26,17.422000885009766,41.56399917602539,16759.099609375,20.84280014038086,3.660681962966919,335.6709899902344
2025-09-29,17.34040069580078,41.56108856201172,16723.0,20.736499786376953,3.643120050430298,333.84698486328125
2025-09-30,17.250200271606445,41.57659912109375,16628.0,20.69930076599121,3.635417938232422,333.1820068359375
2025-10-01,17.27267074584961,41.582698822021484,16683.0,20.707799911499023,3.633136034011841,332.02899169921875
2025-10-02,17.206579208374023,41.59410095214844,16644.099609375,20.654800415039062,3.6289000511169434,331.2929992675781
2025-10-03,17.270299911499023,41.64179992675781,16601.5,20.684099197387695,3.6303670406341553,331.65301513671875
2025-10-06,17.257659912109375,41.68830108642578,16558.0,20.700599670410156,3.631279945373535,330.7820129394531
2025-10-07,17.151199340820312,41.703800201416016,16596.5,20.74799919128418,3.627901077270508,331.8139953613281
2025-10-08,17.209299087524414,41.71736145019531,16587.0,20.90130043029785,3.647773027420044,337.0929870605469
2025-10-09,17.152050018310547,41.73080062866211,16556.0,20.925399780273438,3.6572699546813965,336.3699951171875
2025-10-10,17.19162940979004,41.822471618652344,16577.69921875,21.05699920654297,3.6801700592041016,337.92498779296875
2025-10-13,17.41132926940918,41.8129997253418,16598.0,20.939899444580078,3.6741600036621094,337.72900390625
2025-10-14,17.32033920288086,41.81230163574219,16548.0,21.01259994506836,3.682620048522949,338.52099609375
2025-10-15,17.385459899902344,41.81919860839844,16585.900390625,20.949499130249023,3.6717100143432617,337.3330078125
2025-10-16,17.34510040283203,41.851200103759766,16575.0,20.823999404907227,3.650789976119995,335.15899658203125
2025-10-17,17.335460662841797,41.89630126953125,16561.900390625,20.74090003967285,3.628690004348755,333.0740051269531
2025-10-20,17.3656005859375,41.93040084838867,16566.0,20.83489990234375,3.640125036239624,333.8900146484375
2025-10-21,17.217859268188477,41.92890167236328,16542.0,20.83690071105957,3.635262966156006,333.59600830078125
2025-10-22,17.38779067993164,41.96820068359375,16598.900390625,20.927099227905273,3.6524910926818848,335.32000732421875
2025-10-23,17.415790557861328,41.97639846801758,16596.599609375,20.90839958190918,3.643019914627075,334.87701416015625
2025-10-24,17.32200050354004,42.03110122680664,16593.80078125,20.912700653076172,3.640170097351074,335.6499938964844
2025-10-27,17.199499130249023,41.99216079711914,16597.80078125,20.86949920654297,3.6448419094085693,334.48699951171875
2025-10-28,17.21092987060547,41.95940017700195,16158.2001953125,20.86199951171875,3.632601022720337,333.1610107421875
2025-10-29,17.14674949645996,41.94852066040039,16561.779296875,20.853300094604492,3.627969980239868,332.7959899902344
2025-10-30,17.162700653076172,41.89762878417969,16562.0,20.978599548339844,3.6521999835968018,334.8500061035156
2025-10-31,17.275890350341797,42.026798248291016,16150.0,21.013900756835938,3.6644210815429688,335.34100341796875
2025-11-03,17.28927993774414,42.03961944580078,16630.0,21.103099822998047,3.689750909805298,336.35198974609375
2025-11-04,17.29412078857422,42.06949996948242,16640.900390625,21.111000061035156,3.6925699710845947,335.9989929199219
2025-11-05,17.491039276123047,42.071998596191406,16707.0,21.20509910583496,3.7078139781951904,337.8500061035156
2025-11-06,17.399799346923828,42.11119842529297,16669.0,21.17889976501465,3.699141025543213,336.3340148925781
2025-11-07,17.353029251098633,42.16474151611328,16694.099609375,21.056699752807617,3.6786699295043945,334.052001953125
2025-11-10,17.30554962158203,42.23031997680664,16653.0,21.04490089416504,3.6708199977874756,332.68798828125
2025-11-11,17.145610809326172,42.234100341796875,16690.0,21.00480079650879,3.662600040435791,331.4679870605469
2025-11-12,17.15203094482422,42.23789978027344,16694.900390625,20.913999557495117,3.6478230953216553,331.8999938964844
2025-11-13,17.087230682373047,42.2484016418457,16729.0,20.89900016784668,3.6507461071014404,331.406005859375
2025-11-14,17.038570404052734,42.28519821166992,16719.0,20.770999908447266,3.636120080947876,329.9570007324219
2025-11-17,17.08218002319336,42.31201171875,16679.5,20.809999465942383,3.6366701126098633,330.35699462890625
2025-11-18,17.171049118041992,42.318599700927734,16738.900390625,20.830799102783203,3.65231990814209,331.4320068359375
2025-11-19,17.166799545288086,42.326900482177734,16727.69921875,20.869199752807617,3.6588099002838135,331.29400634765625
2025-11-20,17.178800582885742,42.342899322509766,16686.69921875,20.922800064086914,3.6612000465393066,330.7120056152344
2025-11-21,17.212350845336914,42.43870162963867,16731.0,20.96489906311035,3.669600009918213,331.1499938964844
2025-11-24,17.36482048034668,42.395748138427734,16639.0,21.051799774169922,3.681619882583618,333.1619873046875
2025-11-25,17.291170120239258,42.442501068115234,16645.0,20.95439910888672,3.6747798919677734,331.45098876953125
2025-11-26,17.20210075378418,42.46220016479492,16633.5,20.875499725341797,3.647700071334839,329.79901123046875
2025-11-27,17.131099700927734,42.44240188598633,16614.69921875,20.81559944152832,3.6451001167297363,329.08599853515625
2025-11-28,17.140869140625,42.48509979248047,16603.900390625,20.80389976501465,3.6419999599456787,328.82000732421875
2025-12-01,17.109420776367188,42.46950149536133,16635.0,20.826400756835938,3.6489899158477783,328.6159973144531
2025-12-02,17.0743408203125,42.41801071166992,16609.0,20.79599952697754,3.641849994659424,327.5360107421875
2025-12-03,17.09333038330078,42.45227813720703,16609.900390625,20.757999420166016,3.6368000507354736,327.3999938964844
2025-12-04,17.032760620117188,42.446998596191406,16594.0,20.659400939941406,3.620260000228882,326.12298583984375
2025-12-05,16.98200035095215,42.500099182128906,16654.400390625,20.78969955444336,3.634740114212036,328.7030029296875
2025-12-08,16.93058967590332,42.51499938964844,16683.0,20.78890037536621,3.632659912109375,327.4620056152344
2025-12-09,17.025800704956055,42.55390167236328,16686.0,20.83690071105957,3.6391398906707764,330.239990234375
2025-12-10,17.02790069580078,42.549400329589844,16662.0,20.831199645996094,3.634229898452759,329.5929870605469
2025-12-11,16.922800064086914,42.61159896850586,16639.0,20.70989990234375,3.609250068664551,326.802001953125
2025-12-12,16.851699829101562,42.63240051269531,16649.0,20.601999282836914,3.5976901054382324,325.85400390625
2025-12-15,16.858869552612305,42.68220138549805,16623.099609375,20.660400390625,3.5967299938201904,326.8599853515625
2025-12-16,16.782529830932617,42.69390106201172,16645.80078125,20.666900634765625,3.5871200561523438,326.9700012207031
2025-12-17,16.73332977294922,42.70759963989258,16644.599609375,20.67099952697754,3.584120035171509,327.9800109863281
2025-12-18,16.766679763793945,42.72959899902344,16657.0,20.759000778198242,3.5868499279022217,331.0899963378906
2025-12-19,16.71702003479004,42.785301208496094,16685.19921875,20.75040054321289,3.5829100608825684,330.4800109863281
2025-12-22,16.74496078491211,42.806880950927734,16678.5,20.766199111938477,3.5891199111938477,329.8139953613281
2025-12-23,16.696500778198242,42.815799713134766,16756.400390625,20.67289924621582,3.581670045852661,330.0710144042969
2025-12-24,16.668699264526367,42.847999572753906,16735.0,20.590099334716797,3.5772500038146973,330.64898681640625
2025-12-26,16.627199172973633,42.85449981689453,16753.099609375,20.577499389648438,3.5755701065063477,329.5369873046875
2025-12-29,16.65920066833496,42.90407943725586,16741.099609375,20.593700408935547,3.5787100791931152,328.4020080566406
2025-12-30,16.672700881958008,42.935699462890625,16770.0,20.596099853515625,3.588819980621338,328.1199951171875
2025-12-31,16.58547019958496,42.95198059082031,16709.0,20.618099212646484,3.5917999744415283,328.3699951171875
2026-01-02,16.551599502563477,42.99399948120117,16668.0,20.556499481201172,3.584700107574463,326.7699890136719
2026-01-05,16.49650001525879,43.01118850708008,16683.0,20.621000289916992,3.595089912414551,326.9410095214844
2026-01-06,16.359729766845703,43.03919982910156,16727.19921875,20.637100219726562,3.594249963760376,327.68499755859375
2026-01-07,16.35487937927246,43.04059982299805,16742.0,20.67289924621582,3.598299980163574,328.989990234375
2026-01-08,16.446640014648438,43.036598205566406,16753.0,20.788299560546875,3.6038498878479004,329.0820007324219
2026-01-09,16.512060165405273,43.12889862060547,16805.69921875,20.821300506591797,3.6120500564575195,330.2099914550781
2026-01-12,16.474519729614258,43.10540008544922,16826.69921875,20.871599197387695,3.622040033340454,331.40399169921875
2026-01-13,16.37459945678711,43.14179992675781,16859.400390625,20.792600631713867,3.6081900596618652,331.46099853515625
2026-01-14,16.38578987121582,43.152400970458984,16840.80078125,20.799999237060547,3.617259979248047,331.3810119628906
2026-01-15,16.38875961303711,43.16960144042969,16845.099609375,20.79560089111328,3.6149001121520996,331.3370056152344
2026-01-16,16.3302001953125,43.27220153808594,16878.900390625,20.90369987487793,3.626149892807007,331.4939880371094
2026-01-19,16.408000946044922,43.26826858520508,16876.599609375,20.864200592041016,3.6311299800872803,331.1090087890625
2026-01-20,16.370819091796875,43.276100158691406,16939.0,20.869400024414062,3.6259000301361084,331.03900146484375
2026-01-21,16.41029930114746,43.289398193359375,16960.099609375,20.728099822998047,3.600800037384033,328.1199951171875
2026-01-22,16.262710571289062,43.295799255371094,16897.0,20.825700759887695,3.6068100929260254,328.8699951171875
2026-01-23,16.12579917907715,43.339900970458984,16820.0,20.638999938964844,3.5703001022338867,324.79998779296875
2026-01-26,16.04631996154785,43.38639831542969,16770.0,20.4419002532959,3.547689914703369,321.6440124511719
2026-01-27,16.014999389648438,43.38180160522461,16734.0,20.400999069213867,3.5403099060058594,321.04901123046875
2026-01-28,15.857760429382324,43.41460037231445,16674.69921875,20.154199600219727,3.4925100803375244,315.6099853515625
2026-01-29,15.710020065307617,43.40729904174805,16722.80078125,20.265499114990234,3.50954008102417,317.20001220703125
2026-01-30,15.7183198928833,43.455101013183594,16778.30078125,20.322599411010742,3.513849973678589,317.5799865722656
2026-02-02,16.137269973754883,43.48197937011719,16758.400390625,20.513999938964844,3.5548300743103027,320.406005859375
2026-02-03,16.053630828857422,43.47489929199219,16758.400390625,20.591699600219727,3.576780080795288,322.614990234375
2026-02-04,15.931839942932129,43.49100112915039,16759.0,20.57159996032715,3.5713999271392822,322.1289978027344
2026-02-05,16.07012939453125,43.519500732421875,16800.0,20.639699935913086,3.5706000328063965,321.4809875488281
2026-02-06,16.241300582885742,43.60929870605469,16879.900390625,20.574199676513672,3.584749937057495,322.2349853515625
2026-02-09,15.992159843444824,43.46875,16843.5,20.473400115966797,3.564460039138794,318.8529968261719
2026-02-10,15.894000053405762,43.58409881591797,16796.0,20.322399139404297,3.533179998397827,316.14300537109375
2026-02-11,15.92609977722168,43.627498626708984,16778.0,20.371599197387695,3.546190023422241,317.7569885253906
2026-02-12,15.869400024414062,43.63610076904297,16793.900390625,20.406999588012695,3.548029899597168,319.1099853515625
2026-02-13,15.947830200195312,43.72809982299805,16809.0,20.402299880981445,3.549299955368042,318.9169921875
2026-02-16,15.928319931030273,43.69063186645508,16826.099609375,20.433900833129883,3.5463600158691406,318.9750061035156
2026-02-17,15.95740032196045,43.722801208496094,16806.599609375,20.464099884033203,3.5547900199890137,318.37701416015625
2026-02-18,16.025100708007812,43.734500885009766,16840.0,20.460800170898438,3.5559000968933105,318.6700134277344
2026-02-19,16.06279945373535,43.763999938964844,16915.30078125,20.541799545288086,3.5750300884246826,321.24798583984375
2026-02-20,16.13558006286621,43.83829879760742,16887.19921875,20.58799934387207,3.5870800018310547,322.0270080566406
2026-02-23,15.961400032043457,43.80820083618164,16843.400390625,20.46649932861328,3.564889907836914,320.5790100097656
2026-02-24,15.999580383300781,43.84659957885742,16804.30078125,20.514299392700195,3.5748000144958496,321.2650146484375
2026-02-25,15.951399803161621,43.854801177978516,16816.80078125,20.549999237060547,3.579040050506592,320.8900146484375
2026-02-26,15.843179702758789,43.8650016784668,16749.80078125,20.48780059814453,3.5653998851776123,317.1600036621094
2026-02-27,15.9173002243042,43.95539855957031,16749.0,20.525100708007812,3.5772199630737305,317.97100830078125
2026-03-02,16.059579849243164,43.9486083984375,16795.0,20.602800369262695,3.5918900966644287,321.5989990234375
2026-03-03,16.07469940185547,43.96500015258789,16863.0,20.73979949951172,3.620699882507324,324.2929992675781
2026-03-04,16.481090545654297,43.948001861572266,16898.099609375,20.97369956970215,3.6919000148773193,332.39300537109375
2026-03-05,16.314889907836914,43.93980026245117,16865.0,20.925600051879883,3.664289951324463,330.1189880371094
2026-03-06,16.622779846191406,44.03340148925781,16913.099609375,20.993499755859375,3.6823999881744385,333.68701171875
2026-03-09,16.769359588623047,44.083091735839844,16923.69921875,21.19300079345703,3.7284200191497803,342.5559997558594
2026-03-10,16.32908058166504,44.07979965209961,16886.0,20.946300506591797,3.6530001163482666,333.239990234375
2026-03-11,16.281810760498047,44.088401794433594,16852.0,20.98240089416504,3.672290086746216,332.739990234375
2026-03-12,16.57607078552246,44.0984001159668,16884.0,21.09950065612793,3.675869941711426,334.82598876953125
2026-03-13,16.756179809570312,44.18539810180664,16908.0,21.186800003051758,3.702660083770752,339.31201171875
2026-03-16,16.8702392578125,44.17097091674805,16952.099609375,21.381999969482422,3.7314600944519043,342.14801025390625
2026-03-17,16.669099807739258,44.18349838256836,16953.099609375,21.24850082397461,3.7044999599456787,339.427001953125
2026-03-18,16.67259979248047,44.21540069580078,16971.30078125,21.15679931640625,3.6897900104522705,336.0580139160156
2026-03-19,16.964399337768555,44.319000244140625,17041.69921875,21.343299865722656,3.726799964904785,342.1919860839844
2026-03-20,16.722700119018555,44.3036994934082,16915.900390625,21.12299919128418,3.681459903717041,336.4880065917969
2026-03-23,17.07794952392578,44.29280090332031,16959.30078125,21.130300521850586,3.6911299228668213,338.8009948730469
2026-03-24,16.833229064941406,44.338600158691406,16865.099609375,21.006799697875977,3.6632800102233887,333.5539855957031
2026-03-25,16.906160354614258,44.339298248291016,16797.30078125,21.03499984741211,3.6739299297332764,335.1570129394531
2026-03-26,16.977649688720703,44.35459899902344,16749.599609375,21.106700897216797,3.6954400539398193,334.4150085449219
2026-03-27,17.077749252319336,44.45555114746094,16925.0,21.23200035095215,3.703700065612793,334.5710144042969
2026-03-30,17.157400131225586,44.4452018737793,16958.0,21.308399200439453,3.725260019302368,337.17401123046875
2026-03-31,17.19087028503418,44.473899841308594,16975.400390625,21.39929962158203,3.740449905395508,338.8999938964844
2026-04-01,16.865190505981445,44.454898834228516,16936.400390625,21.187400817871094,3.7025299072265625,331.01800537109375
2026-04-02,16.81753921508789,44.48640060424805,16924.099609375,21.130800247192383,3.695430040359497,329.989013671875
2026-04-03,16.93515968322754,44.55580139160156,16959.0,21.232999801635742,3.7026500701904297,331.8110046386719
2026-04-06,16.969289779663086,44.58409881591797,16988.0,21.280399322509766,3.7126998901367188,333.8500061035156
2026-04-07,16.86086082458496,44.605098724365234,17015.30078125,21.215999603271484,3.6956400871276855,329.7330017089844
2026-04-08,16.44658088684082,44.567901611328125,17027.400390625,20.922800064086914,3.6452999114990234,322.4530029296875
2026-04-09,16.41822052001953,44.48469924926758,17005.5,20.894500732421875,3.647049903869629,322.1369934082031
2026-04-10,16.377939224243164,44.638099670410156,17059.0,20.824100494384766,3.6278700828552246,321.4800109863281
2026-04-13,16.547779083251953,44.69960021972656,17083.0,20.861000061035156,3.6458899974823,314.7030029296875
2026-04-14,16.38050079345703,44.702999114990234,17079.19921875,20.676700592041016,3.6064000129699707,307.95599365234375
2026-04-15,16.319080352783203,44.7317008972168,17129.0,20.617700576782227,3.5908501148223877,307.5060119628906
2026-04-16,16.350000381469727,44.72779846191406,17146.099609375,20.588300704956055,3.5848701000213623,306.98699951171875
2026-04-17,16.39929962158203,44.8484992980957,17123.0,20.63610076904297,3.5954999923706055,309.25201416015625
2026-04-20,16.417299270629883,44.85419845581055,17133.0,20.656400680541992,3.602220058441162,307.6000061035156
2026-04-21,16.354000091552734,44.885501861572266,17123.80078125,20.597200393676758,3.588599920272827,306.1050109863281
2026-04-22,16.466339111328125,44.9192008972168,17133.099609375,20.68239974975586,3.606679916381836,309.5220031738281
2026-04-23,16.462299346923828,44.920101165771484,17199.5,20.779699325561523,3.6243600845336914,310.84600830078125
2026-04-24,16.626039505004883,44.975799560546875,17329.0,20.826499938964844,3.6305999755859375,312.7179870605469
2026-04-27,16.586389541625977,45.01279830932617,17246.0,20.784900665283203,3.6242198944091797,311.3970031738281
2026-04-28,16.527799606323242,45.02980041503906,17216.0,20.763500213623047,3.618839979171753,310.07000732421875
2026-04-29,16.528060913085938,45.060691833496094,17244.0,20.776599884033203,3.6244399547576904,310.2980041503906
2026-04-30,16.80573081970215,45.16600036621094,17334.19921875,20.845500946044922,3.6438100337982178,312.43701171875
2026-05-01,16.66659927368164,45.14099884033203,17311.0,20.774499893188477,3.6270499229431152,310.15301513671875
2026-05-04,16.57720947265625,45.185298919677734,17288.5,20.76300048828125,3.618880033493042,308.3550109863281
2026-05-05,16.788000106811523,45.21440124511719,17346.19921875,20.857999801635742,3.6406400203704834,310.656005859375
2026-05-06,16.576229095458984,45.22959899902344,17389.80078125,20.79800033569336,3.6217799186706543,307.9230041503906
2026-05-07,16.399499893188477,45.227901458740234,17296.900390625,20.68670082092285,3.602449893951416,304.35400390625
2026-05-08,16.43829917907715,45.223751068115234,17294.900390625,20.698699951171875,3.605449914932251,302.91400146484375
2026-05-11,16.42591094970703,45.352500915527344,17358.0,20.652999877929688,3.6008200645446777,300.9429931640625
2026-05-12,16.430599212646484,45.38529968261719,17413.0,20.628400802612305,3.59594988822937,300.97100830078125
2026-05-13,16.511629104614258,45.40019989013672,17549.0,20.73150062561035,3.6219499111175537,304.18798828125
2026-05-14,16.3870906829834,45.43050003051758,17500.0,20.742599487304688,3.6221299171447754,305.1650085449219
2026-05-15,16.484399795532227,45.54199981689453,17530.599609375,20.83300018310547,3.634160041809082,306.1099853515625
2026-05-18,16.71363067626953,45.49235916137695,17586.0,20.93000030517578,3.656409978866577,309.9230041503906
2026-05-19,16.572799682617188,45.57270050048828,17701.0,20.838300704956055,3.6364200115203857,308.7909851074219
2026-05-20,16.696609497070312,45.58430099487305,17777.0,20.947999954223633,3.659219980239868,310.8349914550781
2026-05-21,16.457679748535156,45.59130096435547,17658.400390625,20.88050079345703,3.650860071182251,308.5830078125
2026-05-22,16.43720054626465,45.71379852294922,17692.0,20.88599967956543,3.6471500396728516,308.25799560546875
2026-05-25,16.34756088256836,45.72740173339844,17692.0,20.849000930786133,3.6376900672912598,307.0539855957031
2026-05-26,16.31053924560547,45.897499084472656,17762.0,20.84309959411621,3.6328999996185303,305.3160095214844
2026-05-27,16.361759185791016,45.893699645996094,17699.69921875,20.84429931640625,3.638050079345703,304.9830017089844
2026-05-28,16.36949920654297,45.892799377441406,17804.0,20.891000747680664,3.6434900760650635,304.8940124511719
2026-05-29,16.21923065185547,45.89179992675781,17840.0,20.811800003051758,3.6242001056671143,303.8810119628906
2026-06-01,16.22995948791504,45.897701263427734,17817.0,20.82200050354004,3.630690097808838,303.0820007324219
2026-06-02,16.292980194091797,45.92539978027344,17864.0,20.855199813842773,3.6386499404907227,304.1130065917969
2026-06-03,16.253400802612305,45.945098876953125,17858.0,20.808500289916992,3.643620014190674,304.625
2026-06-04,16.339099884033203,45.97380065917969,18004.19921875,20.846500396728516,3.6526501178741455,306.0679931640625
2026-06-05,16.306900024414062,46.06439971923828,17955.5,20.808300018310547,3.646209955215454,304.1910095214844
2026-06-06,16.554100036621094,46.041500091552734,18015.0,20.966999053955078,3.6791999340057373,308.29998779296875
